<?xml version='1.0' standalone='yes'?>
<componentData>
  <component>
    <componentBaseName>hardwaresupportpkgs/testmeas/imaq_genericvideo</componentBaseName>
    <componentFileName>hardwaresupportpkgs/testmeas/imaq_genericvideo_glnxa64_1428003441.zip</componentFileName>
    <componentName>hardwaresupportpkgs/testmeas/imaq_genericvideo_glnxa64</componentName>
    <componentVersion>1428003441</componentVersion>
    <locale></locale>
    <numFiles>2</numFiles>
    <platformList>
      <platform>glnxa64</platform>
    </platformList>
    <releaseFamily>R2014b</releaseFamily>
    <size>52911</size>
    <type></type>
    <uncompressedBytes>153244</uncompressedBytes>
  </component>
</componentData>
