run1,0,1,149.5119,15
run1,0,2,90.6092,5
run1,0,3,134.9515,20
run1,0,4,77.8211,5
run1,0,5,140.3552,20
run1,0,6,133.3725,25
run1,0,7,132.7386,10
run1,0,8,135.7485,15
run1,0,9,134.9124,15
run1,0,10,90.75,5
run1,0,11,135.3233,20
run1,0,12,137.2045,15
run1,0,13,127.6247,20
run1,0,14,135.6068,25
run1,0,15,80.055,5
run1,0,16,127.1003,25
run1,0,17,81.106,5
run1,0,18,124.0724,25
run1,0,19,135.4116,10
run1,0,20,131.435,20
run1,0,21,134.7145,10
run1,0,22,130.8949,20
run1,0,23,134.7107,15
run1,0,24,87.3139,5
run1,0,25,121.8104,25
run1,0,26,83.6619,5
run1,0,27,87.8999,5
run1,0,28,138.5728,15
run1,0,29,130.0964,25
run1,0,30,135.921,25
run1,0,31,123.0156,25
run1,0,32,127.0257,25
run1,0,33,131.1299,20
run1,0,34,136.0834,15
run1,0,35,128.5011,25
run1,0,36,124.6892,15
run1,0,37,128.0126,25
run1,0,38,77.8186,5
run1,0,39,130.2489,25
run1,0,40,76.5831,5
run1,0,41,81.6557,5
run1,0,42,128.6625,20
run1,0,43,122.3608,25
run1,0,44,128.0765,15
run1,0,45,125.4987,25
run1,0,46,125.0806,15
run1,0,47,132.9371,25
run1,0,48,77.3448,5
run1,0,49,131.8382,25
run1,0,50,73.5941,5
run1,0,51,132.2124,25
run1,0,52,125.7612,25
run1,0,53,77.1974,5
run1,0,54,126.8698,25
run1,0,55,121.2174,25
run1,0,56,132.6515,20
run1,0,57,119.2242,25
run1,0,58,76.3911,5
run1,0,59,79.6536,5
run1,0,60,81.2633,5
run1,0,61,127.5647,25
run1,0,62,125.616,20
run1,0,63,136.5128,10
run1,0,64,131.7685,10
run1,0,65,127.2061,25
run1,0,66,123.1,25
run1,0,67,127.9914,10
run1,0,68,128.8858,15
run1,0,69,131.2505,10
run1,0,70,126.0731,20
run1,0,71,126.3881,25
run1,0,72,123.9003,25
run1,0,73,120.3883,25
run1,0,74,76.585,5
run1,0,75,123.8205,25
run1,0,76,123.7624,15
run1,0,77,130.586,20
run1,0,78,70.6471,5
run1,0,79,79.1688,5
run1,0,80,134.7724,15
run1,0,81,131.0638,15
run1,0,82,119.3342,25
run1,0,83,73.3896,5
run1,0,84,130.1591,20
run1,0,85,123.5967,25
run1,0,86,126.7428,15
run1,0,87,120.3663,25
run1,0,88,71.9816,5
run1,0,89,138.4933,10
run1,0,90,127.8765,10
run1,0,91,74.5297,5
run1,0,92,123.7899,25
run1,0,93,71.8022,5
run1,0,94,130.4205,15
run1,0,95,129.3343,20
run1,0,96,129.3057,15
run1,0,97,128.0027,15
run1,0,98,128.7013,10
run1,0,99,74.5391,5
run1,0,100,77.4919,5
run1,0,101,124.3011,25
run1,0,102,116.8277,20
run1,0,103,72.1685,5
run1,0,104,124.7158,25
run1,0,105,124.6484,15
run1,0,106,119.2068,25
run1,0,107,71.3985,5
run1,0,108,124.9069,20
run1,0,109,131.2319,20
run1,0,110,118.499,25
run1,0,111,70.4144,5
run1,0,112,77.4629,5
run1,0,113,131.3023,15
run1,0,114,125.1542,25
run1,0,115,122.8131,25
run1,0,116,120.7415,20
run1,0,117,129.3102,20
run1,0,118,121.8914,20
run1,0,119,118.4529,20
run1,0,120,125.911,10
run1,0,121,120.3803,25
run1,0,122,68.4113,5
run1,0,123,123.0562,20
run1,0,124,65.6852,5
run1,0,125,73.5315,5
run1,0,126,72.7592,5
run1,0,127,127.5309,20
run1,0,128,115.0389,25
run1,0,129,67.6883,5
run1,0,130,130.0858,15
run1,0,131,116.834,25
run1,0,132,70.4158,5
run1,0,133,126.107,15
run1,0,134,82.1169,5
run1,0,135,128.3561,15
run1,0,136,78.6864,5
run1,0,137,132.6627,10
run1,0,138,124.9551,15
run1,0,139,122.3963,20
run1,0,140,115.2751,25
run1,0,141,118.3233,20
run1,0,142,66.5619,5
run1,0,143,121.7394,20
run1,0,144,124.9693,15
run1,0,145,130.0179,10
run1,0,146,123.1326,25
run1,0,147,118.6973,25
run1,0,148,66.5572,5
run1,0,149,134.5425,10
run1,0,150,127.3521,15
run1,0,151,123.0737,25
run1,0,152,66.1133,5
run1,0,153,74.3469,5
run1,0,154,125.8512,15
run1,0,155,121.2627,15
run1,0,156,124.6831,15
run1,0,157,72.2589,5
run1,0,158,134.1361,10
run1,0,159,124.2328,15
run1,0,160,126.7458,15
run1,0,161,126.442,20
run1,0,162,63.2896,5
run1,0,163,126.6476,15
run1,0,164,128.1714,15
run1,0,165,120.8354,15
run1,0,166,117.2421,25
run1,0,167,65.8751,5
run1,0,168,125.8308,25
run1,0,169,120.8901,15
run1,0,170,124.8543,10
run1,0,171,71.7507,5
run1,0,172,125.5018,20
run1,0,173,129.2131,15
run1,0,174,122.9523,20
run1,0,175,131.8076,10
run1,0,176,67.0811,5
run1,0,177,69.1354,5
run1,0,178,70.6545,5
run1,0,179,126.6017,15
run1,0,180,74.1352,5
run1,0,181,125.1293,20
run1,0,182,64.355,5
run1,0,183,72.1155,5
run1,0,184,118.1462,25
run1,0,185,126.9769,10
run1,0,186,129.1482,20
run1,0,187,127.2365,25
run1,0,188,111.3317,25
run1,0,189,124.5599,10
run1,0,190,111.0101,25
run1,0,191,114.301,25
run1,0,192,67.3313,5
run1,0,193,75.5459,5
run1,0,194,120.2605,20
run1,0,195,66.8375,5
run1,0,196,74.1065,5
run1,0,197,69.2628,5
run1,0,198,122.6097,20
run1,0,199,121.9526,20
run1,0,200,123.7242,15
run1,0,201,134.4103,15
run1,0,202,114.3952,25
run1,0,203,114.5553,20
run1,0,204,123.963,20
run1,0,205,111.5487,25
run1,0,206,112.1751,25
run1,0,207,115.8556,20
run1,0,208,122.3267,25
run1,0,209,112.39,20
run1,0,210,124.2369,10
run1,0,211,125.0393,10
run1,0,212,125.6622,15
run1,0,213,123.4508,10
run1,0,214,64.5092,5
run1,0,215,110.8852,25
run1,0,216,59.9414,5
run1,0,217,69.1324,5
run1,0,218,68.0651,5
run1,0,219,68.484,5
run1,0,220,69.5446,5
run1,0,221,127.7041,15
run1,0,222,114.5198,25
run1,0,223,65.5258,5
run1,0,224,125.8689,20
run1,0,225,68.8817,5
run1,0,226,68.9988,5
run1,0,227,131.0426,10
run1,0,228,69.9207,5
run1,0,229,123.3798,25
run1,0,230,125.988,15
run1,0,231,123.6747,20
run1,0,232,67.5956,5
run1,0,233,127.2576,15
run1,0,234,121.4194,15
run1,0,235,120.4894,15
run1,0,236,119.1322,15
run1,0,237,122.6541,15
run1,0,238,72.3176,5
run1,0,239,66.8471,5
run1,0,240,122.6015,15
run1,0,241,123.9921,15
run1,0,242,122.3966,15
run1,0,243,65.938,5
run1,0,244,131.453,10
run1,0,245,121.3565,15
run1,0,246,115.6455,25
run1,0,247,122.6775,15
run1,0,248,121.8048,15
run1,0,249,110.5987,25
run1,0,250,120.2067,20
run1,0,251,127.4188,10
run1,0,252,65.804,5
run1,0,253,67.3311,5
run1,0,254,124.4813,15
run1,0,255,119.091,15
run1,0,256,117.103,25
run1,0,257,118.2207,15
run1,0,258,122.1741,10
run1,0,259,68.7576,5
run1,0,260,123.9705,20
run1,0,261,118.0609,25
run1,0,262,114.4371,25
run1,0,263,114.1706,20
run1,0,264,123.9882,15
run1,0,265,123.8342,15
run1,0,266,115.2456,15
run1,0,267,120.7897,15
run1,0,268,117.368,15
run1,0,269,67.7523,5
run1,0,270,70.9072,5
run1,0,271,122.9615,15
run1,0,272,121.7217,20
run1,0,273,116.5163,15
run1,0,274,119.7732,15
run1,0,275,122.0785,15
run1,0,276,121.0633,15
run1,0,277,120.5673,15
run1,0,278,109.542,25
run1,0,279,61.0023,5
run1,0,280,125.9435,15
run1,0,281,125.1687,15
run1,0,282,117.6613,15
run1,0,283,67.7855,5
run1,0,284,117.2961,20
run1,0,285,114.1851,15
run1,0,286,121.7375,10
run1,0,287,120.9371,10
run1,0,288,126.6311,15
run1,0,289,121.8231,15
run1,0,290,68.8895,5
run1,0,291,114.3754,25
run1,0,292,116.1569,15
run1,0,293,121.4314,15
run1,0,294,115.346,25
run1,0,295,58.6988,5
run1,0,296,125.9693,10
run1,0,297,119.1217,25
run1,0,298,58.2611,5
run1,0,299,63.6414,5
run1,0,300,64.1354,5
run2,0,1,94.1007,5
run2,0,2,127.5562,15
run2,0,3,73.2687,5
run2,0,4,64.7674,5
run2,0,5,132.9996,10
run2,0,6,124.1053,10
run2,0,7,122.8376,10
run2,0,8,57.2428,5
run2,0,9,62.3499,5
run2,0,10,61.9147,5
run2,0,11,114.2611,20
run2,0,12,105.0175,25
run2,0,13,122.5107,10
run2,0,14,66.4789,5
run2,0,15,118.2779,25
run2,0,16,117.2769,10
run2,0,17,115.5111,25
run2,0,18,117.6223,25
run2,0,19,58.1959,5
run2,0,20,128.1043,10
run2,0,21,120.9658,20
run2,0,22,60.446,5
run2,0,23,117.1532,20
run2,0,24,56.1579,5
run2,0,25,117.3829,25
run2,0,26,126.3424,25
run2,0,27,117.8191,10
run2,0,28,124.0822,25
run2,0,29,60.0824,5
run2,0,30,119.6414,25
run2,0,31,56.5491,5
run2,0,32,63.3664,5
run2,0,33,117.5128,20
run2,0,34,123.587,15
run2,0,35,123.4921,10
run2,0,36,115.1802,25
run2,0,37,124.2763,25
run2,0,38,116.7497,25
run2,0,39,116.2687,10
run2,0,40,60.973,5
run2,0,41,124.3775,15
run2,0,42,70.8466,5
run2,0,43,125.1267,25
run2,0,44,116.7819,25
run2,0,45,126.0157,10
run2,0,46,123.9165,25
run2,0,47,55.4168,5
run2,0,48,129.707,10
run2,0,49,129.6181,25
run2,0,50,119.8869,10
run2,0,51,119.1737,25
run2,0,52,53.2541,5
run2,0,53,120.7863,25
run2,0,54,112.3063,25
run2,0,55,52.7407,5
run2,0,56,108.9458,25
run2,0,57,113.3714,25
run2,0,58,103.2424,25
run2,0,59,55.0995,5
run2,0,60,115.4766,25
run2,0,61,120.4013,10
run2,0,62,128.3027,15
run2,0,63,121.1959,25
run2,0,64,54.5419,5
run2,0,65,116.7353,25
run2,0,66,121.2019,15
run2,0,67,122.2163,10
run2,0,68,62.0193,5
run2,0,69,117.3533,25
run2,0,70,51.6142,5
run2,0,71,131.8894,10
run2,0,72,124.0194,10
run2,0,73,124.6659,25
run2,0,74,115.5034,25
run2,0,75,55.4642,5
run2,0,76,126.2733,15
run2,0,77,122.1211,10
run2,0,78,120.4881,15
run2,0,79,114.3811,25
run2,0,80,53.0812,5
run2,0,81,63.4182,5
run2,0,82,62.0733,5
run2,0,83,60.7704,5
run2,0,84,129.9907,10
run2,0,85,119.8038,25
run2,0,86,120.7094,15
run2,0,87,119.1541,25
run2,0,88,50.9139,5
run2,0,89,60.4066,5
run2,0,90,118.7073,20
run2,0,91,117.513,25
run2,0,92,120.8434,15
run2,0,93,120.6467,25
run2,0,94,121.3507,15
run2,0,95,114.8916,25
run2,0,96,120.7257,15
run2,0,97,66.4536,5
run2,0,98,123.3553,15
run2,0,99,70.4659,5
run2,0,100,116.0617,25
run2,0,101,67.5811,5
run2,0,102,122.1406,15
run2,0,103,125.5289,10
run2,0,104,124.094,10
run2,0,105,67.7394,5
run2,0,106,127.9547,10
run2,0,107,121.7727,25
run2,0,108,124.2552,25
run2,0,109,118.7659,10
run2,0,110,70.9035,5
run2,0,111,68.7461,5
run2,0,112,64.9958,5
run2,0,113,125.19,25
run2,0,114,119.3871,10
run2,0,115,124.0039,10
run2,0,116,122.0013,25
run2,0,117,122.1155,15
run2,0,118,123.9462,10
run2,0,119,63.8522,5
run2,0,120,119.7035,25
run2,0,121,121.3907,15
run2,0,122,119.6495,25
run2,0,123,117.3472,25
run2,0,124,121.015,15
run2,0,125,58.2833,5
run2,0,126,129.4593,10
run2,0,127,126.3538,15
run2,0,128,118.5033,20
run2,0,129,119.723,25
run2,0,130,109.3855,25
run2,0,131,115.6952,25
run2,0,132,117.2154,20
run2,0,133,120.3933,25
run2,0,134,113.0623,25
run2,0,135,123.5764,10
run2,0,136,72.3118,5
run2,0,137,128.7521,10
run2,0,138,66.4147,5
run2,0,139,130.6606,10
run2,0,140,64.3761,5
run2,0,141,64.3012,5
run2,0,142,111.8672,25
run2,0,143,118.1115,10
run2,0,144,65.5013,5
run2,0,145,115.0752,25
run2,0,146,114.1335,25
run2,0,147,102.107,25
run2,0,148,52.3475,5
run2,0,149,128.6474,10
run2,0,150,124.1391,10
run2,0,151,69.2637,5
run2,0,152,130.6563,10
run2,0,153,69.9068,5
run2,0,154,124.1629,25
run2,0,155,53.6917,5
run2,0,156,132.5306,10
run2,0,157,116.1618,25
run2,0,158,50.0604,5
run2,0,159,62.2116,5
run2,0,160,108.5961,25
run2,0,161,54.8461,5
run2,0,162,125.9792,15
run2,0,163,59.1356,5
run2,0,164,62.0327,5
run2,0,165,124.5214,15
run2,0,166,123.1317,10
run2,0,167,119.801,25
run2,0,168,116.2635,25
run2,0,169,119.3528,10
run2,0,170,124.7773,15
run2,0,171,124.4033,10
run2,0,172,126.4415,20
run2,0,173,118.1415,15
run2,0,174,113.6799,25
run2,0,175,122.5687,10
run2,0,176,63.7697,5
run2,0,177,112.2436,25
run2,0,178,107.1714,25
run2,0,179,113.9493,20
run2,0,180,127.3194,10
run2,0,181,69.5563,5
run2,0,182,129.6315,10
run2,0,183,72.5582,5
run2,0,184,113.97,25
run2,0,185,52.4818,5
run2,0,186,62.3661,5
run2,0,187,125.5376,15
run2,0,188,124.2016,10
run2,0,189,125.6632,10
run2,0,190,126.3909,20
run2,0,191,122.9698,10
run2,0,192,125.4489,15
run2,0,193,66.4091,5
run2,0,194,115.4559,25
run2,0,195,112.9941,20
run2,0,196,122.7091,15
run2,0,197,68.8681,5
run2,0,198,68.3884,5
run2,0,199,124.9935,15
run2,0,200,125.2426,10
run2,0,201,134.008,10
run2,0,202,126.8044,20
run2,0,203,124.003,15
run2,0,204,121.8508,10
run2,0,205,124.3648,20
run2,0,206,61.4232,5
run2,0,207,129.9332,10
run2,0,208,128.3191,20
run2,0,209,116.2264,20
run2,0,210,119.0084,20
run2,0,211,126.1634,25
run2,0,212,116.3105,25
run2,0,213,106.9583,25
run2,0,214,114.435,15
run2,0,215,128.7336,10
run2,0,216,123.3227,25
run2,0,217,122.9336,20
run2,0,218,123.6737,15
run2,0,219,68.5969,5
run2,0,220,113.6492,20
run2,0,221,123.2107,10
run2,0,222,124.4836,20
run2,0,223,124.9421,15
run2,0,224,71.7178,5
run2,0,225,130.338,10
run2,0,226,67.8372,5
run2,0,227,110.1405,25
run2,0,228,119.9815,10
run2,0,229,117.05,25
run2,0,230,111.6423,15
run2,0,231,119.7626,20
run2,0,232,114.7522,25
run2,0,233,118.0379,15
run2,0,234,66.6636,5
run2,0,235,59.5689,5
run2,0,236,60.2564,5
run2,0,237,107.7266,25
run2,0,238,118.4713,15
run2,0,239,115.2694,25
run2,0,240,120.5738,15
run2,0,241,117.2902,25
run2,0,242,118.7431,10
run2,0,243,116.7872,25
run2,0,244,116.8161,10
run2,0,245,125.8568,15
run2,0,246,62.3065,5
run2,0,247,120.7579,25
run2,0,248,116.7448,10
run2,0,249,123.2892,10
run2,0,250,123.0616,25
run2,0,251,124.2422,25
run2,0,252,117.5568,20
run2,0,253,54.8021,5
run2,0,254,119.0305,25
run2,0,255,52.6581,5
run2,0,256,112.6212,20
run2,0,257,121.8006,25
run2,0,258,55.3808,5
run2,0,259,129.8356,10
run2,0,260,66.1164,5
run2,0,261,118.3332,25
run2,0,262,53.6661,5
run2,0,263,123.1366,20
run2,0,264,56.5013,5
run2,0,265,129.0617,10
run2,0,266,70.5912,5
run2,0,267,124.0674,25
run2,0,268,118.4415,10
run2,0,269,124.0334,10
run2,0,270,123.053,20
run2,0,271,55.9321,5
run2,0,272,119.692,25
run2,0,273,123.7279,15
run2,0,274,70.2589,5
run2,0,275,118.0828,25
run2,0,276,104.2113,25
run2,0,277,101.7982,25
run2,0,278,51.4415,5
run2,0,279,126.8939,10
run2,0,280,69.8242,5
run2,0,281,128.5453,15
run2,0,282,121.1857,15
run2,0,283,67.2725,5
run2,0,284,65.5975,5
run2,0,285,112.0277,25
run2,0,286,121.4423,20
run2,0,287,57.1472,5
run2,0,288,124.1078,15
run2,0,289,124.9679,15
run2,0,290,60.2756,5
run2,0,291,126.6968,10
run2,0,292,129.341,15
run2,0,293,69.8872,5
run2,0,294,123.8306,25
run2,0,295,123.5368,20
run2,0,296,109.2886,25
run2,0,297,113.3584,25
run2,0,298,119.2166,25
run2,0,299,115.8286,20
run2,0,300,126.7622,15
run3,0,1,131.2414,25
run3,0,2,126.0158,20
run3,0,3,56.7067,5
run3,0,4,119.8408,25
run3,0,5,58.6834,5
run3,0,6,133.0597,10
run3,0,7,124.24,20
run3,0,8,61.5781,5
run3,0,9,62.5649,5
run3,0,10,134.6701,10
run3,0,11,127.9256,25
run3,0,12,116.7072,25
run3,0,13,54.0891,5
run3,0,14,122.4568,25
run3,0,15,113.3653,25
run3,0,16,55.5265,5
run3,0,17,122.4987,25
run3,0,18,56.2411,5
run3,0,19,121.6233,20
run3,0,20,118.8728,25
run3,0,21,112.2476,25
run3,0,22,53.6887,5
run3,0,23,61.4919,5
run3,0,24,118.6004,25
run3,0,25,125.3668,15
run3,0,26,122.4685,25
run3,0,27,58.0191,5
run3,0,28,125.8766,20
run3,0,29,123.6721,20
run3,0,30,119.645,25
run3,0,31,55.8161,5
run3,0,32,115.8297,25
run3,0,33,122.5693,20
run3,0,34,58.5943,5
run3,0,35,60.6035,5
run3,0,36,124.8649,20
run3,0,37,124.3303,15
run3,0,38,127.986,15
run3,0,39,74.538,5
run3,0,40,117.0986,20
run3,0,41,119.6033,20
run3,0,42,127.6102,15
run3,0,43,122.0756,20
run3,0,44,126.9284,15
run3,0,45,122.0475,20
run3,0,46,118.0871,25
run3,0,47,122.211,10
run3,0,48,123.4552,15
run3,0,49,124.9177,15
run3,0,50,65.6942,5
run3,0,51,59.615,5
run3,0,52,130.9215,10
run3,0,53,127.8221,25
run3,0,54,123.7113,15
run3,0,55,120.6548,25
run3,0,56,117.9185,25
run3,0,57,108.6194,25
run3,0,58,114.3653,20
run3,0,59,125.7045,15
run3,0,60,120.0548,15
run3,0,61,78.6391,5
run3,0,62,121.5485,20
run3,0,63,119.4349,25
run3,0,64,119.5067,20
run3,0,65,122.2946,10
run3,0,66,126.4658,15
run3,0,67,127.3429,15
run3,0,68,72.9337,5
run3,0,69,117.5962,25
run3,0,70,124.2253,15
run3,0,71,124.9857,10
run3,0,72,124.8817,20
run3,0,73,116.2583,25
run3,0,74,116.0229,15
run3,0,75,116.6305,25
run3,0,76,120.5422,15
run3,0,77,128.1246,20
run3,0,78,123.14,15
run3,0,79,118.1451,20
run3,0,80,122.8558,20
run3,0,81,114.8896,20
run3,0,82,122.6035,15
run3,0,83,122.7126,15
run3,0,84,59.1116,5
run3,0,85,114.0078,25
run3,0,86,118.3823,10
run3,0,87,63.3695,5
run3,0,88,120.8815,20
run3,0,89,124.8968,15
run3,0,90,121.2179,25
run3,0,91,123.5083,20
run3,0,92,121.2578,25
run3,0,93,51.7887,5
run3,0,94,115.4869,25
run3,0,95,68.3525,5
run3,0,96,118.7167,25
run3,0,97,120.6773,10
run3,0,98,122.6083,20
run3,0,99,125.1809,10
run3,0,100,75.0242,5
run3,0,101,70.1006,5
run3,0,102,125.4808,15
run3,0,103,115.8469,25
run3,0,104,51.731,5
run3,0,105,124.1115,20
run3,0,106,121.0183,15
run3,0,107,67.4516,5
run3,0,108,128.0748,15
run3,0,109,121.8123,15
run3,0,110,125.8898,15
run3,0,111,73.5192,5
run3,0,112,63.7521,5
run3,0,113,127.6399,15
run3,0,114,122.1928,25
run3,0,115,51.5475,5
run3,0,116,60.2299,5
run3,0,117,60.4326,5
run3,0,118,127.4301,10
run3,0,119,126.4376,10
run3,0,120,129.1537,20
run3,0,121,55.6058,5
run3,0,122,105.5426,25
run3,0,123,117.6152,10
run3,0,124,119.0667,25
run3,0,125,60.1259,5
run3,0,126,131.827,10
run3,0,127,123.0056,25
run3,0,128,59.1381,5
run3,0,129,121.1913,20
run3,0,130,125.2412,20
run3,0,131,122.9046,25
run3,0,132,112.1143,25
run3,0,133,51.817,5
run3,0,134,123.1358,15
run3,0,135,72.3194,5
run3,0,136,125.5164,15
run3,0,137,121.46,10
run3,0,138,120.3012,25
run3,0,139,113.2309,25
run3,0,140,50.917,5
run3,0,141,60.7212,5
run3,0,142,116.6602,20
run3,0,143,115.2878,25
run3,0,144,120.6334,15
run3,0,145,63.2617,5
run3,0,146,112.1356,25
run3,0,147,111.4004,20
run3,0,148,122.2838,20
run3,0,149,121.5388,20
run3,0,150,113.918,25
run3,0,151,123.2632,15
run3,0,152,120.1815,15
run3,0,153,118.783,25
run3,0,154,124.6191,15
run3,0,155,120.8814,20
run3,0,156,122.4839,15
run3,0,157,72.1575,5
run3,0,158,67.6847,5
run3,0,159,119.3212,25
run3,0,160,54.2682,5
run3,0,161,118.7128,20
run3,0,162,119.1621,25
run3,0,163,51.5761,5
run3,0,164,123.9334,20
run3,0,165,121.183,15
run3,0,166,122.3277,15
run3,0,167,123.1987,15
run3,0,168,120.2543,20
run3,0,169,122.7034,15
run3,0,170,69.4505,5
run3,0,171,66.1108,5
run3,0,172,123.2231,20
run3,0,173,60.4709,5
run3,0,174,68.8084,5
run3,0,175,120.2376,25
run3,0,176,117.8538,10
run3,0,177,63.3717,5
run3,0,178,124.837,15
run3,0,179,119.7987,20
run3,0,180,51.332,5
run3,0,181,106.4537,25
run3,0,182,111.5601,15
run3,0,183,72.1176,5
run3,0,184,131.4984,10
run3,0,185,123.9455,25
run3,0,186,50.996,5
run3,0,187,59.704,5
run3,0,188,117.4363,20
run3,0,189,54.4619,5
run3,0,190,125.1768,25
run3,0,191,121.7377,15
run3,0,192,117.233,25
run3,0,193,118.1789,10
run3,0,194,63.1433,5
run3,0,195,123.9816,20
run3,0,196,121.6621,25
run3,0,197,120.6612,10
run3,0,198,117.9067,25
run3,0,199,119.6573,20
run3,0,200,58.0126,5
run3,0,201,119.0221,25
run3,0,202,116.766,20
run3,0,203,125.5615,10
run3,0,204,124.2574,10
run3,0,205,117.6629,25
run3,0,206,58.7842,5
run3,0,207,59.5041,5
run3,0,208,130.861,10
run3,0,209,117.7454,25
run3,0,210,122.1209,25
run3,0,211,121.0624,20
run3,0,212,123.9136,20
run3,0,213,111.6358,25
run3,0,214,119.3068,15
run3,0,215,125.2335,15
run3,0,216,123.438,10
run3,0,217,126.193,10
run3,0,218,127.7928,20
run3,0,219,120.1444,25
run3,0,220,120.4615,20
run3,0,221,128.8527,10
run3,0,222,125.8569,10
run3,0,223,120.3311,20
run3,0,224,124.1966,15
run3,0,225,121.2053,15
run3,0,226,124.369,10
run3,0,227,119.5571,25
run3,0,228,49.9908,5
run3,0,229,130.4509,10
run3,0,230,123.6842,15
run3,0,231,125.6022,15
run3,0,232,116.5212,25
run3,0,233,126.8951,20
run3,0,234,118.5536,25
run3,0,235,116.7569,10
run3,0,236,128.5121,15
run3,0,237,109.1642,25
run3,0,238,108.777,20
run3,0,239,126.5669,10
run3,0,240,71.6215,5
run3,0,241,126.6819,10
run3,0,242,122.8864,20
run3,0,243,123.5804,20
run3,0,244,116.242,25
run3,0,245,119.0446,10
run3,0,246,125.5549,20
run3,0,247,113.5766,25
run3,0,248,119.8551,20
run3,0,249,55.4484,5
run3,0,250,123.2594,20
run3,0,251,111.9528,20
run3,0,252,119.7759,25
run3,0,253,120.8211,10
run3,0,254,73.4565,5
run3,0,255,110.3194,20
run3,0,256,115.4712,25
run3,0,257,117.2946,10
run3,0,258,124.3243,10
run3,0,259,129.021,15
run3,0,260,123.5551,20
run3,0,261,123.5344,20
run3,0,262,120.3398,25
run3,0,263,117.681,10
run3,0,264,123.5681,25
run3,0,265,62.2834,5
run3,0,266,118.0244,20
run3,0,267,116.1188,25
run3,0,268,117.3853,25
run3,0,269,119.821,10
run3,0,270,124.1162,10
run3,0,271,119.1378,25
run3,0,272,120.0591,10
run3,0,273,60.8577,5
run3,0,274,122.5887,20
run3,0,275,123.8092,10
run3,0,276,66.3293,5
run3,0,277,128.7493,10
run3,0,278,121.9914,25
run3,0,279,119.2391,10
run3,0,280,67.7031,5
run3,0,281,116.7879,25
run3,0,282,56.2079,5
run3,0,283,129.9016,10
run3,0,284,128.5807,20
run3,0,285,123.5528,20
run3,0,286,125.2648,10
run3,0,287,124.2996,15
run3,0,288,123.4163,20
run3,0,289,123.2829,20
run3,0,290,116.308,20
run3,0,291,124.3325,20
run3,0,292,121.1415,25
run3,0,293,113.7788,20
run3,0,294,121.6916,20
run3,0,295,123.1669,10
run3,0,296,71.6701,5
run3,0,297,125.8741,20
run3,0,298,121.4046,10
run3,0,299,123.8804,20
run3,0,300,124.8023,25
run4,0,1,119.1446,25
run4,0,2,121.4209,10
run4,0,3,65.1207,5
run4,0,4,63.2856,5
run4,0,5,60.116,5
run4,0,6,59.3985,5
run4,0,7,59.0323,5
run4,0,8,108.0986,25
run4,0,9,118.2737,25
run4,0,10,118.878,10
run4,0,11,117.4366,25
run4,0,12,49.1608,5
run4,0,13,59.4647,5
run4,0,14,59.6759,5
run4,0,15,130.5539,10
run4,0,16,125.2819,15
run4,0,17,122.4647,20
run4,0,18,122.356,10
run4,0,19,65.2194,5
run4,0,20,129.8899,10
run4,0,21,127.3052,10
run4,0,22,63.4329,5
run4,0,23,129.5278,10
run4,0,24,125.9179,15
run4,0,25,122.584,15
run4,0,26,115.3966,25
run4,0,27,121.805,15
run4,0,28,123.4286,20
run4,0,29,58.9049,5
run4,0,30,59.9286,5
run4,0,31,116.5094,20
run4,0,32,120.7772,15
run4,0,33,123.7108,10
run4,0,34,123.4951,15
run4,0,35,121.378,25
run4,0,36,119.0363,10
run4,0,37,128.1378,15
run4,0,38,68.1505,5
run4,0,39,121.7478,25
run4,0,40,123.098,10
run4,0,41,64.5504,5
run4,0,42,125.8727,15
run4,0,43,116.7071,25
run4,0,44,123.6341,15
run4,0,45,123.8609,20
run4,0,46,122.9647,15
run4,0,47,122.1052,15
run4,0,48,120.1627,25
run4,0,49,116.0485,25
run4,0,50,110.4357,25
run4,0,51,117.9878,10
run4,0,52,122.8289,15
run4,0,53,125.4825,15
run4,0,54,111.9981,25
run4,0,55,50.2985,5
run4,0,56,61.9543,5
run4,0,57,103.8721,25
run4,0,58,119.3753,15
run4,0,59,122.2347,15
run4,0,60,118.563,15
run4,0,61,62.056,5
run4,0,62,123.7358,15
run4,0,63,124.1893,10
run4,0,64,79.0469,5
run4,0,65,61.2604,5
run4,0,66,126.8821,15
run4,0,67,123.33,10
run4,0,68,123.1761,10
run4,0,69,120.3422,20
run4,0,70,125.2297,10
run4,0,71,127.0304,15
run4,0,72,70.3703,5
run4,0,73,121.3483,25
run4,0,74,118.9821,15
run4,0,75,117.4546,25
run4,0,76,115.49,25
run4,0,77,59.1079,5
run4,0,78,130.7858,10
run4,0,79,128.5601,15
run4,0,80,73.8591,5
run4,0,81,115.6709,25
run4,0,82,122.9499,10
run4,0,83,124.7632,15
run4,0,84,125.0971,20
run4,0,85,58.6864,5
run4,0,86,113.3139,25
run4,0,87,120.9518,15
run4,0,88,70.5172,5
run4,0,89,59.5033,5
run4,0,90,59.9908,5
run4,0,91,59.4257,5
run4,0,92,125.0365,15
run4,0,93,128.4667,25
run4,0,94,117.5449,25
run4,0,95,51.8223,5
run4,0,96,128.8137,20
run4,0,97,121.4614,15
run4,0,98,116.2467,25
run4,0,99,53.7702,5
run4,0,100,114.3602,25
run4,0,101,123.3895,25
run4,0,102,54.2699,5
run4,0,103,107.9292,25
run4,0,104,55.4264,5
run4,0,105,63.2859,5
run4,0,106,120.3838,25
run4,0,107,119.4084,15
run4,0,108,125.2892,15
run4,0,109,124.6749,10
run4,0,110,67.0145,5
run4,0,111,66.2623,5
run4,0,112,132.6028,10
run4,0,113,125.7078,25
run4,0,114,53.3781,5
run4,0,115,120.2803,25
run4,0,116,111.0433,25
run4,0,117,122.0353,15
run4,0,118,109.8037,25
run4,0,119,120.5204,15
run4,0,120,125.0344,10
run4,0,121,111.7245,25
run4,0,122,113.5607,25
run4,0,123,126.7364,10
run4,0,124,124.1999,15
run4,0,125,123.7131,10
run4,0,126,116.0692,25
run4,0,127,52.4401,5
run4,0,128,118.9549,15
run4,0,129,119.5154,25
run4,0,130,52.3708,5
run4,0,131,60.1327,5
run4,0,132,115.6577,20
run4,0,133,119.0281,10
run4,0,134,124.1265,15
run4,0,135,61.7249,5
run4,0,136,65.6545,5
run4,0,137,120.7734,20
run4,0,138,122.0812,25
run4,0,139,119.3886,15
run4,0,140,123.8148,10
run4,0,141,125.6055,15
run4,0,142,59.8118,5
run4,0,143,127.9755,10
run4,0,144,126.8454,15
run4,0,145,122.8453,10
run4,0,146,127.1097,10
run4,0,147,69.8612,5
run4,0,148,130.91,10
run4,0,149,124.2847,15
run4,0,150,67.9577,5
run4,0,151,122.4282,25
run4,0,152,54.5755,5
run4,0,153,131.6284,10
run4,0,154,128.0715,15
run4,0,155,66.3013,5
run4,0,156,120.0514,25
run4,0,157,122.6744,15
run4,0,158,122.0326,25
run4,0,159,120.6413,15
run4,0,160,121.074,10
run4,0,161,122.9171,10
run4,0,162,74.0584,5
run4,0,163,132.061,10
run4,0,164,121.4751,25
run4,0,165,53.9338,5
run4,0,166,62.668,5
run4,0,167,113.153,25
run4,0,168,119.6394,10
run4,0,169,127.4436,15
run4,0,170,123.9429,10
run4,0,171,116.1515,25
run4,0,172,114.7496,25
run4,0,173,123.0279,10
run4,0,174,123.9608,10
run4,0,175,122.2283,25
run4,0,176,118.0792,20
run4,0,177,122.4584,10
run4,0,178,124.941,15
run4,0,179,119.8023,25
run4,0,180,123.1536,20
run4,0,181,56.1974,5
run4,0,182,112.0773,25
run4,0,183,114.1613,25
run4,0,184,120.201,20
run4,0,185,122.7504,25
run4,0,186,115.1449,25
run4,0,187,122.2245,10
run4,0,188,123.3576,10
run4,0,189,122.9915,25
run4,0,190,113.8684,25
run4,0,191,123.5769,15
run4,0,192,120.6622,20
run4,0,193,126.2099,10
run4,0,194,124.6964,15
run4,0,195,124.4283,15
run4,0,196,123.1639,20
run4,0,197,127.6956,10
run4,0,198,124.0533,15
run4,0,199,118.0016,25
run4,0,200,116.1293,25
run4,0,201,121.949,25
run4,0,202,121.031,15
run4,0,203,123.9789,15
run4,0,204,124.6386,10
run4,0,205,128.7544,25
run4,0,206,121.0896,15
run4,0,207,65.001,5
run4,0,208,129.0328,10
run4,0,209,122.527,25
run4,0,210,121.4397,10
run4,0,211,122.6294,20
run4,0,212,108.9425,25
run4,0,213,114.6248,25
run4,0,214,56.49,5
run4,0,215,122.1768,15
run4,0,216,123.5974,20
run4,0,217,112.5211,25
run4,0,218,106.7222,25
run4,0,219,55.9404,5
run4,0,220,124.9278,15
run4,0,221,77.4234,5
run4,0,222,124.1658,25
run4,0,223,120.7231,15
run4,0,224,122.773,10
run4,0,225,125.1291,15
run4,0,226,122.2813,25
run4,0,227,108.2637,25
run4,0,228,125.5216,15
run4,0,229,123.2323,10
run4,0,230,127.6099,25
run4,0,231,53.1374,5
run4,0,232,61.4129,5
run4,0,233,68.1416,5
run4,0,234,66.9277,5
run4,0,235,106.5993,25
run4,0,236,53.7685,5
run4,0,237,112.6803,25
run4,0,238,122.4597,15
run4,0,239,122.9266,25
run4,0,240,125.1772,15
run4,0,241,116.4036,25
run4,0,242,122.001,15
run4,0,243,72.4564,5
run4,0,244,63.4629,5
run4,0,245,112.9438,25
run4,0,246,116.1835,25
run4,0,247,117.8972,15
run4,0,248,123.9804,15
run4,0,249,117.273,25
run4,0,250,118.3877,15
run4,0,251,112.9076,25
run4,0,252,123.6028,15
run4,0,253,119.5384,20
run4,0,254,111.7264,25
run4,0,255,104.23,25
run4,0,256,118.7391,10
run4,0,257,123.1884,25
run4,0,258,114.9982,25
run4,0,259,123.1213,25
run4,0,260,115.4362,10
run4,0,261,123.173,25
run4,0,262,115.6816,10
run4,0,263,122.4564,25
run4,0,264,54.3488,5
run4,0,265,115.0449,25
run4,0,266,104.7499,25
run4,0,267,119.8208,10
run4,0,268,122.5119,25
run4,0,269,117.5345,15
run4,0,270,119.2745,25
run4,0,271,113.7216,10
run4,0,272,112.3143,25
run4,0,273,124.7845,15
run4,0,274,123.9714,15
run4,0,275,127.5981,20
run4,0,276,120.5682,15
run4,0,277,110.053,25
run4,0,278,110.9386,25
run4,0,279,115.6878,25
run4,0,280,111.0641,25
run4,0,281,115.8598,20
run4,0,282,119.2296,15
run4,0,283,77.4666,5
run4,0,284,127.4147,15
run4,0,285,111.0309,25
run4,0,286,122.5481,15
run4,0,287,113.3988,20
run4,0,288,104.8141,25
run4,0,289,57.5245,5
run4,0,290,121.4894,25
run4,0,291,87.0434,25
run4,0,292,116.355,25
run4,0,293,118.0124,25
run4,0,294,119.7465,25
run4,0,295,113.4724,25
run4,0,296,116.3367,25
run4,0,297,113.1583,25
run4,0,298,51.2168,5
run4,0,299,107.0495,25
run4,0,300,51.8617,5
run5,0,1,132.9413,20
run5,0,2,58.4653,5
run5,0,3,60.4377,5
run5,0,4,126.5487,20
run5,0,5,65.3132,5
run5,0,6,61.6788,5
run5,0,7,131.2209,10
run5,0,8,68.3766,5
run5,0,9,62.0681,5
run5,0,10,129.0879,15
run5,0,11,122.4166,25
run5,0,12,121.4344,15
run5,0,13,67.7328,5
run5,0,14,131.9928,10
run5,0,15,65.4051,5
run5,0,16,129.6227,15
run5,0,17,66.528,5
run5,0,18,127.3097,20
run5,0,19,123.0557,15
run5,0,20,67.8864,5
run5,0,21,128.0911,15
run5,0,22,125.9093,10
run5,0,23,120.3008,25
run5,0,24,120.5886,10
run5,0,25,66.4337,5
run5,0,26,129.6956,10
run5,0,27,120.954,25
run5,0,28,55.0158,5
run5,0,29,111.1298,25
run5,0,30,123.0151,15
run5,0,31,121.7644,25
run5,0,32,117.8342,15
run5,0,33,116.2966,25
run5,0,34,118.962,15
run5,0,35,127.4153,10
run5,0,36,125.1261,10
run5,0,37,125.2355,15
run5,0,38,105.7833,25
run5,0,39,124.1593,10
run5,0,40,126.7043,15
run5,0,41,69.2811,5
run5,0,42,121.9,25
run5,0,43,123.812,10
run5,0,44,126.3992,20
run5,0,45,112.1327,25
run5,0,46,121.6519,10
run5,0,47,127.4468,10
run5,0,48,124.315,20
run5,0,49,121.7858,25
run5,0,50,122.1636,15
run5,0,51,116.9593,15
run5,0,52,70.9237,5
run5,0,53,119.9424,25
run5,0,54,123.2866,15
run5,0,55,124.7968,10
run5,0,56,122.0309,25
run5,0,57,53.632,5
run5,0,58,134.0848,10
run5,0,59,122.0548,15
run5,0,60,108.8563,25
run5,0,61,127.5725,10
run5,0,62,123.5385,10
run5,0,63,125.8891,10
run5,0,64,127.6397,20
run5,0,65,114.0494,25
run5,0,66,53.092,5
run5,0,67,65.6474,5
run5,0,68,120.8902,15
run5,0,69,116.9168,25
run5,0,70,116.9286,20
run5,0,71,126.0336,15
run5,0,72,123.3719,10
run5,0,73,73.0381,5
run5,0,74,131.0384,10
run5,0,75,129.3688,20
run5,0,76,126.2318,10
run5,0,77,129.3314,20
run5,0,78,122.7459,20
run5,0,79,125.1752,10
run5,0,80,116.8294,25
run5,0,81,120.3064,10
run5,0,82,68.1173,5
run5,0,83,62.956,5
run5,0,84,119.0773,25
run5,0,85,119.2909,25
run5,0,86,115.4614,20
run5,0,87,120.5223,25
run5,0,88,124.1181,20
run5,0,89,122.5674,10
run5,0,90,61.0393,5
run5,0,91,109.5241,25
run5,0,92,117.2423,20
run5,0,93,124.1468,20
run5,0,94,57.777,5
run5,0,95,121.799,25
run5,0,96,53.429,5
run5,0,97,62.1723,5
run5,0,98,133.2781,10
run5,0,99,128.3029,25
run5,0,100,58.5441,5
run5,0,101,61.0946,5
run5,0,102,117.7759,25
run5,0,103,52.5386,5
run5,0,104,122.8764,20
run5,0,105,129.1094,10
run5,0,106,62.9163,5
run5,0,107,62.5206,5
run5,0,108,123.2833,20
run5,0,109,126.675,25
run5,0,110,110.6491,25
run5,0,111,54.0389,5
run5,0,112,111.1403,25
run5,0,113,115.4394,15
run5,0,114,123.3645,15
run5,0,115,122.775,10
run5,0,116,125.3365,15
run5,0,117,124.5225,20
run5,0,118,118.1219,10
run5,0,119,123.2243,25
run5,0,120,59.9719,5
run5,0,121,129.7259,10
run5,0,122,66.1404,5
run5,0,123,124.6062,15
run5,0,124,60.8845,5
run5,0,125,121.9345,20
run5,0,126,54.1432,5
run5,0,127,130.8582,10
run5,0,128,65.2087,5
run5,0,129,131.8935,10
run5,0,130,127.7938,20
run5,0,131,62.3406,5
run5,0,132,118.7081,25
run5,0,133,55.147,5
run5,0,134,118.5362,25
run5,0,135,118.4259,15
run5,0,136,68.5515,5
run5,0,137,117.6391,25
run5,0,138,119.5635,25
run5,0,139,120.9455,10
run5,0,140,69.6584,5
run5,0,141,62.203,5
run5,0,142,63.1119,5
run5,0,143,124.9674,20
run5,0,144,54.3681,5
run5,0,145,119.1856,25
run5,0,146,54.6892,5
run5,0,147,132.2057,10
run5,0,148,121.9962,25
run5,0,149,52.2113,5
run5,0,150,66.8791,5
run5,0,151,132.8799,10
run5,0,152,125.858,20
run5,0,153,121.974,20
run5,0,154,123.0458,10
run5,0,155,125.7629,10
run5,0,156,125.7119,20
run5,0,157,128.0064,10
run5,0,158,125.154,10
run5,0,159,67.3272,5
run5,0,160,131.7959,10
run5,0,161,123.0046,25
run5,0,162,117.0725,15
run5,0,163,121.4377,25
run5,0,164,59.3966,5
run5,0,165,120.4355,20
run5,0,166,62.3401,5
run5,0,167,70.7059,5
run5,0,168,62.6569,5
run5,0,169,129.1859,15
run5,0,170,122.8194,10
run5,0,171,68.0653,5
run5,0,172,130.8157,10
run5,0,173,129.6658,10
run5,0,174,127.5786,25
run5,0,175,122.0034,20
run5,0,176,123.5842,10
run5,0,177,125.9891,15
run5,0,178,124.1739,10
run5,0,179,123.4099,20
run5,0,180,110.5996,25
run5,0,181,106.5028,25
run5,0,182,54.1734,5
run5,0,183,130.507,10
run5,0,184,123.6469,20
run5,0,185,55.7236,5
run5,0,186,126.7533,15
run5,0,187,112.3973,25
run5,0,188,52.6658,5
run5,0,189,127.3624,15
run5,0,190,122.4723,15
run5,0,191,111.2049,25
run5,0,192,123.385,15
run5,0,193,123.0567,15
run5,0,194,122.9727,20
run5,0,195,125.0446,15
run5,0,196,123.8424,15
run5,0,197,121.5202,25
run5,0,198,122.3784,10
run5,0,199,127.3973,10
run5,0,200,124.5017,25
run5,0,201,131.3819,15
run5,0,202,102.2344,25
run5,0,203,115.7674,15
run5,0,204,113.8587,25
run5,0,205,114.5294,25
run5,0,206,122.4431,20
run5,0,207,123.7623,15
run5,0,208,118.8824,25
run5,0,209,118.2091,25
run5,0,210,122.1535,10
run5,0,211,70.2456,5
run5,0,212,122.7437,20
run5,0,213,52.4596,5
run5,0,214,70.0428,5
run5,0,215,125.049,15
run5,0,216,122.6357,10
run5,0,217,112.5037,20
run5,0,218,122.3745,20
run5,0,219,123.0001,10
run5,0,220,128.8643,20
run5,0,221,122.4098,15
run5,0,222,121.761,10
run5,0,223,64.9191,5
run5,0,224,126.9218,15
run5,0,225,120.9622,20
run5,0,226,120.7618,15
run5,0,227,122.855,15
run5,0,228,120.2428,20
run5,0,229,121.8,10
run5,0,230,122.3172,20
run5,0,231,122.9404,20
run5,0,232,56.5562,5
run5,0,233,115.4812,20
run5,0,234,118.5405,15
run5,0,235,121.6554,20
run5,0,236,126.7446,10
run5,0,237,67.3596,5
run5,0,238,121.3235,25
run5,0,239,119.4239,20
run5,0,240,112.9719,25
run5,0,241,116.7018,25
run5,0,242,113.8444,20
run5,0,243,120.1556,20
run5,0,244,126.0557,10
run5,0,245,61.862,5
run5,0,246,122.4979,20
run5,0,247,125.868,15
run5,0,248,116.4295,20
run5,0,249,121.654,10
run5,0,250,120.3328,15
run5,0,251,113.9915,25
run5,0,252,119.8075,20
run5,0,253,124.4072,10
run5,0,254,128.4944,25
run5,0,255,123.3668,15
run5,0,256,126.4597,10
run5,0,257,126.6168,15
run5,0,258,121.7869,10
run5,0,259,127.409,10
run5,0,260,128.072,15
run5,0,261,123.7733,20
run5,0,262,121.5007,15
run5,0,263,126.6605,10
run5,0,264,124.0345,25
run5,0,265,111.7698,25
run5,0,266,117.8746,15
run5,0,267,123.3591,10
run5,0,268,127.0925,25
run5,0,269,116.8388,20
run5,0,270,124.0079,15
run5,0,271,115.5347,25
run5,0,272,123.8893,15
run5,0,273,124.4319,10
run5,0,274,126.0254,15
run5,0,275,56.2857,5
run5,0,276,122.8543,20
run5,0,277,114.7634,20
run5,0,278,122.6264,10
run5,0,279,116.6242,25
run5,0,280,122.4606,15
run5,0,281,125.6064,10
run5,0,282,127.0105,20
run5,0,283,112.4096,20
run5,0,284,120.1506,25
run5,0,285,117.2978,25
run5,0,286,113.17,25
run5,0,287,124.4739,15
run5,0,288,112.7019,20
run5,0,289,116.3781,20
run5,0,290,114.7767,25
run5,0,291,118.045,20
run5,0,292,123.0364,25
run5,0,293,117.6098,25
run5,0,294,120.1951,20
run5,0,295,120.6821,15
run5,0,296,124.0655,10
run5,0,297,126.1867,20
run5,0,298,123.8199,15
run5,0,299,123.6047,15
run5,0,300,120.095,20
run1,1,1,139.8616,10
run1,1,2,70.0903,5
run1,1,3,114.6946,20
run1,1,4,69.4547,5
run1,1,5,131.6969,10
run1,1,6,67.3249,5
run1,1,7,65.9749,5
run1,1,8,67.3166,5
run1,1,9,64.7706,5
run1,1,10,111.6542,20
run1,1,11,56.5928,5
run1,1,12,114.2204,25
run1,1,13,63.9202,5
run1,1,14,117.0377,20
run1,1,15,115.7736,15
run1,1,16,120.986,10
run1,1,17,124.7898,10
run1,1,18,123.8013,25
run1,1,19,121.6989,15
run1,1,20,68.9251,5
run1,1,21,65.572,5
run1,1,22,115.462,20
run1,1,23,63.597,5
run1,1,24,113.4394,20
run1,1,25,115.0059,20
run1,1,26,66.5399,5
run1,1,27,119.1868,20
run1,1,28,102.7964,20
run1,1,29,64.0567,5
run1,1,30,65.7806,5
run1,1,31,116.521,20
run1,1,32,122.0667,25
run1,1,33,111.5215,25
run1,1,34,103.4347,25
run1,1,35,57.1091,5
run1,1,36,66.6439,5
run1,1,37,64.6031,5
run1,1,38,116.6256,20
run1,1,39,124.8902,10
run1,1,40,115.2974,25
run1,1,41,61.2273,5
run1,1,42,126.7871,10
run1,1,43,122.4915,15
run1,1,44,105.9,20
run1,1,45,59.2102,5
run1,1,46,63.8435,5
run1,1,47,120.5696,25
run1,1,48,56.4704,5
run1,1,49,65.0857,5
run1,1,50,110.1988,20
run1,1,51,118.6997,25
run1,1,52,113.8172,25
run1,1,53,59.0508,5
run1,1,54,118.7087,25
run1,1,55,57.0324,5
run1,1,56,119.9374,25
run1,1,57,58.4686,5
run1,1,58,66.1211,5
run1,1,59,128.0436,15
run1,1,60,70.25,5
run1,1,61,110.0362,25
run1,1,62,61.16,5
run1,1,63,104.2443,25
run1,1,64,117.717,10
run1,1,65,65.5432,5
run1,1,66,65.8211,5
run1,1,67,64.8312,5
run1,1,68,112.8453,25
run1,1,69,113.6658,20
run1,1,70,124.1951,15
run1,1,71,76.1724,5
run1,1,72,120.1427,25
run1,1,73,112.2548,25
run1,1,74,105.6067,25
run1,1,75,59.7388,5
run1,1,76,122.6992,20
run1,1,77,117.3825,25
run1,1,78,120.8364,15
run1,1,79,77.4467,5
run1,1,80,127.8753,10
run1,1,81,125.2113,20
run1,1,82,119.3704,20
run1,1,83,60.0018,5
run1,1,84,128.0601,10
run1,1,85,129.1916,20
run1,1,86,58.4712,5
run1,1,87,130.5463,10
run1,1,88,122.4782,10
run1,1,89,125.7393,25
run1,1,90,120.9017,25
run1,1,91,118.9347,10
run1,1,92,128.3853,15
run1,1,93,123.6326,20
run1,1,94,123.6655,15
run1,1,95,124.0465,20
run1,1,96,113.75,25
run1,1,97,110.9783,25
run1,1,98,120.4179,15
run1,1,99,120.8687,15
run1,1,100,121.2951,25
run1,1,101,136.1473,10
run1,1,102,121.8246,25
run1,1,103,54.8377,5
run1,1,104,115.7111,20
run1,1,105,125.3407,15
run1,1,106,118.8508,25
run1,1,107,120.5183,10
run1,1,108,121.5671,25
run1,1,109,123.3102,15
run1,1,110,66.8187,5
run1,1,111,114.8326,25
run1,1,112,117.967,25
run1,1,113,119.6706,25
run1,1,114,58.6884,5
run1,1,115,123.3586,15
run1,1,116,67.6345,5
run1,1,117,130.0374,10
run1,1,118,120.1382,20
run1,1,119,59.7789,5
run1,1,120,111.5881,25
run1,1,121,116.2925,10
run1,1,122,73.144,5
run1,1,123,64.5128,5
run1,1,124,119.5169,20
run1,1,125,115.3233,25
run1,1,126,120.1201,15
run1,1,127,118.5536,20
run1,1,128,120.1347,15
run1,1,129,118.9331,20
run1,1,130,116.1682,20
run1,1,131,123.9606,10
run1,1,132,126.3063,20
run1,1,133,121.8412,20
run1,1,134,124.2482,15
run1,1,135,124.7598,15
run1,1,136,117.9748,10
run1,1,137,71.6507,5
run1,1,138,129.1899,10
run1,1,139,116.8547,25
run1,1,140,117.4239,15
run1,1,141,112.3766,25
run1,1,142,121.4325,10
run1,1,143,122.4786,10
run1,1,144,125.3823,15
run1,1,145,121.6579,20
run1,1,146,116.4081,25
run1,1,147,104.8569,25
run1,1,148,118.5872,20
run1,1,149,117.9015,25
run1,1,150,61.3534,5
run1,1,151,128.647,10
run1,1,152,120.2407,25
run1,1,153,119.2016,25
run1,1,154,122.348,10
run1,1,155,120.4117,10
run1,1,156,124.8978,15
run1,1,157,117.8137,15
run1,1,158,120.645,10
run1,1,159,76.0488,5
run1,1,160,120.6931,15
run1,1,161,121.8257,25
run1,1,162,115.1793,15
run1,1,163,121.7716,15
run1,1,164,117.4471,25
run1,1,165,113.8342,10
run1,1,166,122.6316,10
run1,1,167,120.7103,10
run1,1,168,73.1338,5
run1,1,169,128.4138,10
run1,1,170,67.2578,5
run1,1,171,67.118,5
run1,1,172,122.7335,20
run1,1,173,122.3676,10
run1,1,174,123.2209,10
run1,1,175,66.4911,5
run1,1,176,126.4328,25
run1,1,177,112.5679,20
run1,1,178,55.7285,5
run1,1,179,117.6946,25
run1,1,180,106.9878,25
run1,1,181,119.7494,15
run1,1,182,123.3465,15
run1,1,183,66.5753,5
run1,1,184,117.8418,25
run1,1,185,54.3065,5
run1,1,186,126.9853,10
run1,1,187,70.9225,5
run1,1,188,113.522,25
run1,1,189,108.5191,25
run1,1,190,118.2664,10
run1,1,191,71.4768,5
run1,1,192,125.5538,10
run1,1,193,70.3145,5
run1,1,194,120.8412,15
run1,1,195,120.0654,10
run1,1,196,74.4995,5
run1,1,197,124.3752,15
run1,1,198,120.0498,10
run1,1,199,65.2328,5
run1,1,200,62.4623,5
run1,1,201,115.9107,25
run1,1,202,119.6082,25
run1,1,203,56.8408,5
run1,1,204,61.3688,5
run1,1,205,114.8784,20
run1,1,206,120.6875,25
run1,1,207,54.3248,5
run1,1,208,121.751,25
run1,1,209,117.8704,10
run1,1,210,120.1833,25
run1,1,211,119.1401,15
run1,1,212,127.103,10
run1,1,213,69.9938,5
run1,1,214,118.6942,25
run1,1,215,56.3185,5
run1,1,216,62.7812,5
run1,1,217,63.8089,5
run1,1,218,111.657,25
run1,1,219,114.1635,25
run1,1,220,120.2187,15
run1,1,221,122.1713,10
run1,1,222,71.1934,5
run1,1,223,112.6854,25
run1,1,224,58.2733,5
run1,1,225,64.4662,5
run1,1,226,63.3618,5
run1,1,227,63.985,5
run1,1,228,130.2883,10
run1,1,229,116.8005,25
run1,1,230,118.561,10
run1,1,231,64.2545,5
run1,1,232,114.3618,25
run1,1,233,117.6201,15
run1,1,234,124.6489,20
run1,1,235,116.8663,25
run1,1,236,106.5449,25
run1,1,237,119.6617,10
run1,1,238,68.5406,5
run1,1,239,127.0249,25
run1,1,240,116.9748,10
run1,1,241,66.6327,5
run1,1,242,126.4663,10
run1,1,243,60.8555,5
run1,1,244,64.2608,5
run1,1,245,122.5109,15
run1,1,246,111.9693,25
run1,1,247,54.7193,5
run1,1,248,128.5187,10
run1,1,249,118.8,25
run1,1,250,53.1684,5
run1,1,251,62.4027,5
run1,1,252,124.321,15
run1,1,253,74.9419,5
run1,1,254,124.3747,15
run1,1,255,72.7666,5
run1,1,256,120.8999,20
run1,1,257,116.2719,25
run1,1,258,56.1648,5
run1,1,259,63.5967,5
run1,1,260,121.5449,15
run1,1,261,65.9206,5
run1,1,262,123.7712,15
run1,1,263,69.1521,5
run1,1,264,128.1136,10
run1,1,265,124.2425,10
run1,1,266,119.4777,10
run1,1,267,118.0829,10
run1,1,268,119.9919,10
run1,1,269,66.3884,5
run1,1,270,125.2901,15
run1,1,271,112.876,25
run1,1,272,53.706,5
run1,1,273,65.9382,5
run1,1,274,126.8713,10
run1,1,275,113.3764,25
run1,1,276,119.5107,20
run1,1,277,126.8321,10
run1,1,278,126.4993,25
run1,1,279,116.6054,20
run1,1,280,111.3448,25
run1,1,281,111.6055,25
run1,1,282,56.3621,5
run1,1,283,68.067,5
run1,1,284,63.3338,5
run1,1,285,129.0446,10
run1,1,286,69.4294,5
run1,1,287,130.2252,10
run1,1,288,67.2352,5
run1,1,289,130.086,10
run1,1,290,67.6248,5
run1,1,291,122.8032,25
run1,1,292,116.9075,25
run1,1,293,59.3967,5
run1,1,294,106.6304,25
run1,1,295,115.9968,25
run1,1,296,112.2947,25
run1,1,297,59.433,5
run1,1,298,112.4044,25
run1,1,299,111.7389,25
run1,1,300,57.9856,5
run2,1,1,124.8774,25
run2,1,2,113.5517,25
run2,1,3,56.361,5
run2,1,4,117.6964,20
run2,1,5,125.7601,15
run2,1,6,123.3005,25
run2,1,7,52.4313,5
run2,1,8,125.2659,20
run2,1,9,124.9657,15
run2,1,10,62.3728,5
run2,1,11,69.6884,5
run2,1,12,130.5296,10
run2,1,13,113.4873,25
run2,1,14,117.5859,15
run2,1,15,119.6444,25
run2,1,16,110.7475,15
run2,1,17,75.2952,5
run2,1,18,115.145,25
run2,1,19,116.6302,15
run2,1,20,124.1495,10
run2,1,21,117.4931,25
run2,1,22,57.9597,5
run2,1,23,121.7636,20
run2,1,24,60.1339,5
run2,1,25,129.8681,10
run2,1,26,66.4329,5
run2,1,27,125.0273,15
run2,1,28,114.5206,25
run2,1,29,55.7166,5
run2,1,30,124.7032,15
run2,1,31,121.9107,25
run2,1,32,120.4095,10
run2,1,33,125.9694,15
run2,1,34,74.6476,5
run2,1,35,62.8426,5
run2,1,36,126.3074,15
run2,1,37,126.4654,15
run2,1,38,129.0329,10
run2,1,39,62.0624,5
run2,1,40,64.7437,5
run2,1,41,118.065,20
run2,1,42,52.9662,5
run2,1,43,60.986,5
run2,1,44,117.22,20
run2,1,45,58.792,5
run2,1,46,129.5898,15
run2,1,47,122.8822,15
run2,1,48,115.0703,20
run2,1,49,117.7212,25
run2,1,50,105.1549,25
run2,1,51,51.2516,5
run2,1,52,131.9614,10
run2,1,53,126.4792,15
run2,1,54,110.67,25
run2,1,55,120.9084,20
run2,1,56,60.3124,5
run2,1,57,116.7852,25
run2,1,58,119.3542,10
run2,1,59,62.4013,5
run2,1,60,129.9554,10
run2,1,61,61.1729,5
run2,1,62,122.923,15
run2,1,63,125.0537,25
run2,1,64,115.8406,25
run2,1,65,55.5641,5
run2,1,66,131.8306,10
run2,1,67,72.3702,5
run2,1,68,121.1474,20
run2,1,69,124.132,15
run2,1,70,61.4429,5
run2,1,71,129.9195,10
run2,1,72,127.3442,15
run2,1,73,71.9769,5
run2,1,74,59.3962,5
run2,1,75,125.6532,15
run2,1,76,71.2811,5
run2,1,77,124.162,15
run2,1,78,126.022,20
run2,1,79,55.4485,5
run2,1,80,116.4338,20
run2,1,81,127.0356,15
run2,1,82,124.1285,15
run2,1,83,59.9614,5
run2,1,84,61.6471,5
run2,1,85,125.5321,15
run2,1,86,57.7099,5
run2,1,87,124.5965,20
run2,1,88,121.4481,15
run2,1,89,65.2569,5
run2,1,90,126.993,15
run2,1,91,67.61,5
run2,1,92,61.0589,5
run2,1,93,60.4468,5
run2,1,94,59.2882,5
run2,1,95,117.9449,25
run2,1,96,121.1759,25
run2,1,97,117.9534,20
run2,1,98,124.3348,15
run2,1,99,73.2673,5
run2,1,100,68.1016,5
run2,1,101,60.4733,5
run2,1,102,62.0112,5
run2,1,103,128.8696,15
run2,1,104,66.9796,5
run2,1,105,117.6547,25
run2,1,106,125.5002,15
run2,1,107,123.9207,20
run2,1,108,124.378,20
run2,1,109,60.581,5
run2,1,110,66.2625,5
run2,1,111,60.2678,5
run2,1,112,127.1613,15
run2,1,113,125.121,15
run2,1,114,122.9562,15
run2,1,115,123.4425,20
run2,1,116,117.8601,25
run2,1,117,122.1666,15
run2,1,118,125.2506,15
run2,1,119,122.7969,15
run2,1,120,66.4382,5
run2,1,121,122.2454,20
run2,1,122,54.7244,5
run2,1,123,61.2808,5
run2,1,124,63.1284,5
run2,1,125,123.517,25
run2,1,126,52.2022,5
run2,1,127,127.6384,15
run2,1,128,105.0675,25
run2,1,129,122.8477,15
run2,1,130,62.9753,5
run2,1,131,61.3358,5
run2,1,132,127.3449,10
run2,1,133,64.8002,5
run2,1,134,128.7146,25
run2,1,135,119.0025,20
run2,1,136,53.517,5
run2,1,137,123.096,15
run2,1,138,113.2234,25
run2,1,139,120.5198,25
run2,1,140,123.1739,10
run2,1,141,128.1491,10
run2,1,142,65.7727,5
run2,1,143,131.4196,10
run2,1,144,126.3804,15
run2,1,145,68.5356,5
run2,1,146,63.3709,5
run2,1,147,62.6175,5
run2,1,148,124.2178,20
run2,1,149,57.55,5
run2,1,150,122.8886,20
run2,1,151,117.2477,20
run2,1,152,58.2071,5
run2,1,153,108.3053,25
run2,1,154,122.958,10
run2,1,155,69.3582,5
run2,1,156,61.409,5
run2,1,157,127.9476,15
run2,1,158,69.2199,5
run2,1,159,116.8475,20
run2,1,160,121.6466,20
run2,1,161,122.0401,15
run2,1,162,61.432,5
run2,1,163,128.2599,10
run2,1,164,72.3225,5
run2,1,165,61.5276,5
run2,1,166,129.6031,10
run2,1,167,117.2073,25
run2,1,168,107.3099,25
run2,1,169,54.0672,5
run2,1,170,62.0021,5
run2,1,171,61.4938,5
run2,1,172,131.6716,10
run2,1,173,63.9855,5
run2,1,174,61.4486,5
run2,1,175,122.6887,25
run2,1,176,119.9715,10
run2,1,177,121.5008,25
run2,1,178,124.6935,10
run2,1,179,63.5486,5
run2,1,180,126.8126,15
run2,1,181,54.6117,5
run2,1,182,59.6881,5
run2,1,183,128.1082,10
run2,1,184,67.6819,5
run2,1,185,130.6278,10
run2,1,186,66.1504,5
run2,1,187,66.9906,5
run2,1,188,62.4463,5
run2,1,189,67.1952,5
run2,1,190,125.9315,15
run2,1,191,66.6941,5
run2,1,192,60.9426,5
run2,1,193,60.8071,5
run2,1,194,61.383,5
run2,1,195,60.8917,5
run2,1,196,61.4992,5
run2,1,197,61.3733,5
run2,1,198,60.8571,5
run2,1,199,60.2516,5
run2,1,200,59.7308,5
run2,1,201,133.4137,10
run2,1,202,59.3055,5
run2,1,203,125.3973,20
run2,1,204,61.8074,5
run2,1,205,68.4198,5
run2,1,206,63.8269,5
run2,1,207,64.8975,5
run2,1,208,118.5526,25
run2,1,209,120.6195,15
run2,1,210,125.1259,10
run2,1,211,62.5641,5
run2,1,212,127.0319,20
run2,1,213,118.7264,20
run2,1,214,57.5003,5
run2,1,215,124.0329,20
run2,1,216,125.1478,10
run2,1,217,60.7853,5
run2,1,218,64.119,5
run2,1,219,64.4794,5
run2,1,220,63.1075,5
run2,1,221,63.2771,5
run2,1,222,127.0059,15
run2,1,223,77.1911,5
run2,1,224,64.7006,5
run2,1,225,61.9865,5
run2,1,226,62.4724,5
run2,1,227,61.4827,5
run2,1,228,62.9961,5
run2,1,229,64.1301,5
run2,1,230,64.9385,5
run2,1,231,63.2689,5
run2,1,232,61.6963,5
run2,1,233,62.6049,5
run2,1,234,121.4465,25
run2,1,235,55.1945,5
run2,1,236,64.65,5
run2,1,237,128.8337,15
run2,1,238,125.8075,25
run2,1,239,60.0532,5
run2,1,240,63.4542,5
run2,1,241,63.5709,5
run2,1,242,62.2868,5
run2,1,243,62.5292,5
run2,1,244,120.7433,25
run2,1,245,121.7955,10
run2,1,246,125.5326,15
run2,1,247,125.3362,20
run2,1,248,124.3585,20
run2,1,249,129.5823,15
run2,1,250,75.4046,5
run2,1,251,75.0749,5
run2,1,252,62.1613,5
run2,1,253,66.8359,5
run2,1,254,129.8852,15
run2,1,255,72.6481,5
run2,1,256,62.634,5
run2,1,257,62.073,5
run2,1,258,62.6738,5
run2,1,259,62.2736,5
run2,1,260,61.3901,5
run2,1,261,61.9648,5
run2,1,262,61.989,5
run2,1,263,132.5465,15
run2,1,264,118.5963,25
run2,1,265,126.4292,20
run2,1,266,54.8783,5
run2,1,267,62.0944,5
run2,1,268,62.9209,5
run2,1,269,62.6389,5
run2,1,270,62.7107,5
run2,1,271,61.8264,5
run2,1,272,114.8093,25
run2,1,273,128.0026,15
run2,1,274,76.3178,5
run2,1,275,70.135,5
run2,1,276,66.2816,5
run2,1,277,121.3628,25
run2,1,278,124.2707,15
run2,1,279,116.356,25
run2,1,280,121.7547,20
run2,1,281,55.2602,5
run2,1,282,66.7823,5
run2,1,283,62.2519,5
run2,1,284,128.7429,15
run2,1,285,79.8472,5
run2,1,286,64.5032,5
run2,1,287,123.2707,25
run2,1,288,55.1245,5
run2,1,289,62.6405,5
run2,1,290,132.7595,10
run2,1,291,60.3786,5
run2,1,292,60.5482,5
run2,1,293,62.1583,5
run2,1,294,134.4363,10
run2,1,295,127.1351,10
run2,1,296,62.7125,5
run2,1,297,61.0657,5
run2,1,298,61.3991,5
run2,1,299,120.8374,20
run2,1,300,124.0687,10
run3,1,1,128.1305,25
run3,1,2,116.896,15
run3,1,3,120.9619,15
run3,1,4,67.7882,5
run3,1,5,69.5905,5
run3,1,6,126.1383,20
run3,1,7,126.8239,25
run3,1,8,52.662,5
run3,1,9,107.3099,25
run3,1,10,52.998,5
run3,1,11,127.8852,15
run3,1,12,120.3474,25
run3,1,13,54.9024,5
run3,1,14,118.887,20
run3,1,15,53.1867,5
run3,1,16,61.5806,5
run3,1,17,61.3118,5
run3,1,18,125.4844,15
run3,1,19,122.2642,10
run3,1,20,130.0593,20
run3,1,21,125.6499,10
run3,1,22,62.9228,5
run3,1,23,131.2341,10
run3,1,24,125.8547,20
run3,1,25,130.4102,10
run3,1,26,66.4258,5
run3,1,27,60.0306,5
run3,1,28,125.3762,20
run3,1,29,118.7507,15
run3,1,30,124.1576,15
run3,1,31,120.4132,25
run3,1,32,118.5368,10
run3,1,33,124.4103,10
run3,1,34,123.0618,20
run3,1,35,128.6125,10
run3,1,36,121.7984,10
run3,1,37,119.3818,25
run3,1,38,121.9619,10
run3,1,39,123.757,20
run3,1,40,129.7196,10
run3,1,41,67.2448,5
run3,1,42,126.0578,15
run3,1,43,121.1801,25
run3,1,44,54.4489,5
run3,1,45,130.0634,10
run3,1,46,120.3853,25
run3,1,47,118.539,20
run3,1,48,121.1819,10
run3,1,49,118.9322,25
run3,1,50,117.0259,25
run3,1,51,113.5574,15
run3,1,52,123.8455,15
run3,1,53,121.5948,15
run3,1,54,124.1279,10
run3,1,55,124.9426,15
run3,1,56,111.4591,25
run3,1,57,119.5019,25
run3,1,58,120.559,25
run3,1,59,116.5683,10
run3,1,60,124.2543,15
run3,1,61,119.12,20
run3,1,62,121.5329,10
run3,1,63,118.4453,25
run3,1,64,116.1181,25
run3,1,65,117.0352,15
run3,1,66,107.4778,25
run3,1,67,116.5223,20
run3,1,68,121.4467,15
run3,1,69,60.8969,5
run3,1,70,127.078,15
run3,1,71,118.0257,25
run3,1,72,60.5252,5
run3,1,73,59.2943,5
run3,1,74,60.0251,5
run3,1,75,119.7217,25
run3,1,76,117.9411,20
run3,1,77,127.3234,15
run3,1,78,117.184,25
run3,1,79,122.4123,15
run3,1,80,124.0243,10
run3,1,81,128.9794,15
run3,1,82,115.5903,25
run3,1,83,117.9427,15
run3,1,84,105.555,25
run3,1,85,120.4303,10
run3,1,86,70.7089,5
run3,1,87,126.1618,15
run3,1,88,123.1815,20
run3,1,89,120.9691,20
run3,1,90,123.3965,20
run3,1,91,125.2119,15
run3,1,92,70.8912,5
run3,1,93,109.1848,25
run3,1,94,114.5659,25
run3,1,95,51.7024,5
run3,1,96,106.1057,20
run3,1,97,122.8293,15
run3,1,98,122.711,10
run3,1,99,127.0888,20
run3,1,100,120.0654,15
run3,1,101,115.6058,25
run3,1,102,59.0575,5
run3,1,103,120.2155,20
run3,1,104,116.9439,25
run3,1,105,55.8255,5
run3,1,106,66.0894,5
run3,1,107,58.9488,5
run3,1,108,131.0161,10
run3,1,109,126.3125,15
run3,1,110,112.942,25
run3,1,111,121.1973,20
run3,1,112,114.1319,25
run3,1,113,119.0525,15
run3,1,114,69.6162,5
run3,1,115,116.9048,20
run3,1,116,123.3448,20
run3,1,117,121.7304,10
run3,1,118,127.2053,20
run3,1,119,117.9262,20
run3,1,120,52.615,5
run3,1,121,121.7569,20
run3,1,122,127.3061,10
run3,1,123,128.3342,20
run3,1,124,56.9981,5
run3,1,125,122.2678,20
run3,1,126,58.9575,5
run3,1,127,129.7648,10
run3,1,128,126.1813,20
run3,1,129,121.1198,10
run3,1,130,123.6125,10
run3,1,131,120.9639,10
run3,1,132,123.7576,10
run3,1,133,121.9715,20
run3,1,134,121.6941,20
run3,1,135,125.2338,15
run3,1,136,112.8283,25
run3,1,137,105.2006,20
run3,1,138,123.629,20
run3,1,139,126.1742,10
run3,1,140,122.653,10
run3,1,141,125.4996,20
run3,1,142,121.8546,10
run3,1,143,113.2912,25
run3,1,144,51.6956,5
run3,1,145,115.5684,25
run3,1,146,99.3876,25
run3,1,147,114.7545,20
run3,1,148,56.4391,5
run3,1,149,112.2932,25
run3,1,150,119.7118,25
run3,1,151,117.6427,10
run3,1,152,124.0862,10
run3,1,153,64.3338,5
run3,1,154,126.128,20
run3,1,155,123.3056,10
run3,1,156,124.4335,25
run3,1,157,49.3412,5
run3,1,158,130.6123,10
run3,1,159,118.8202,25
run3,1,160,122.3972,10
run3,1,161,123.0074,10
run3,1,162,123.7205,25
run3,1,163,51.1836,5
run3,1,164,113.734,25
run3,1,165,114.9758,20
run3,1,166,129.3084,10
run3,1,167,69.5545,5
run3,1,168,64.3487,5
run3,1,169,119.2732,20
run3,1,170,52.3752,5
run3,1,171,124.3654,15
run3,1,172,121.8346,20
run3,1,173,127.1715,10
run3,1,174,123.0004,10
run3,1,175,64.586,5
run3,1,176,57.7282,5
run3,1,177,115.6729,25
run3,1,178,121.969,10
run3,1,179,66.1646,5
run3,1,180,59.2478,5
run3,1,181,117.8389,20
run3,1,182,126.9126,10
run3,1,183,71.3263,5
run3,1,184,65.6347,5
run3,1,185,120.2151,20
run3,1,186,125.9445,15
run3,1,187,117.0331,20
run3,1,188,123.9945,10
run3,1,189,122.5064,20
run3,1,190,57.7697,5
run3,1,191,105.3518,25
run3,1,192,115.5201,20
run3,1,193,120.2842,10
run3,1,194,121.1089,25
run3,1,195,107.5436,25
run3,1,196,58.775,5
run3,1,197,65.2342,5
run3,1,198,114.7845,25
run3,1,199,51.6842,5
run3,1,200,116.7331,25
run3,1,201,124.6833,20
run3,1,202,61.171,5
run3,1,203,127.2226,15
run3,1,204,64.4871,5
run3,1,205,60.2412,5
run3,1,206,59.4722,5
run3,1,207,111.6632,25
run3,1,208,116.9498,20
run3,1,209,124.0462,15
run3,1,210,118.3859,25
run3,1,211,57.0322,5
run3,1,212,123.1351,20
run3,1,213,57.7184,5
run3,1,214,117.7936,25
run3,1,215,113.8699,25
run3,1,216,50.3775,5
run3,1,217,60.7363,5
run3,1,218,127.6485,15
run3,1,219,122.738,20
run3,1,220,119.3105,15
run3,1,221,67.0309,5
run3,1,222,125.5992,15
run3,1,223,60.6753,5
run3,1,224,126.6787,15
run3,1,225,61.1588,5
run3,1,226,60.2464,5
run3,1,227,114.6877,25
run3,1,228,118.9766,20
run3,1,229,117.9877,20
run3,1,230,111.309,25
run3,1,231,124.1114,15
run3,1,232,123.3576,20
run3,1,233,121.8799,25
run3,1,234,50.3039,5
run3,1,235,58.8614,5
run3,1,236,122.8461,15
run3,1,237,67.4203,5
run3,1,238,62.3896,5
run3,1,239,126.8855,15
run3,1,240,119.2072,15
run3,1,241,117.902,25
run3,1,242,120.1827,20
run3,1,243,57.1063,5
run3,1,244,114.5897,25
run3,1,245,103.0621,20
run3,1,246,58.376,5
run3,1,247,116.6976,20
run3,1,248,121.4892,25
run3,1,249,106.2725,25
run3,1,250,110.2868,25
run3,1,251,114.6076,25
run3,1,252,112.3369,25
run3,1,253,119.4053,20
run3,1,254,54.297,5
run3,1,255,131.238,10
run3,1,256,127.247,20
run3,1,257,124.7347,25
run3,1,258,117.3802,20
run3,1,259,63.8627,5
run3,1,260,116.9114,20
run3,1,261,124.1606,20
run3,1,262,122.0427,25
run3,1,263,51.7142,5
run3,1,264,124.1505,15
run3,1,265,122.6015,15
run3,1,266,114.8939,25
run3,1,267,111.9074,20
run3,1,268,123.6086,20
run3,1,269,119.7751,20
run3,1,270,120.3324,15
run3,1,271,127.2025,20
run3,1,272,111.7182,25
run3,1,273,96.3991,25
run3,1,274,117.3155,20
run3,1,275,124.6443,15
run3,1,276,67.4939,5
run3,1,277,127.8349,15
run3,1,278,112.9731,25
run3,1,279,115.6103,25
run3,1,280,49.6488,5
run3,1,281,118.477,20
run3,1,282,107.8548,25
run3,1,283,116.6706,20
run3,1,284,122.5558,20
run3,1,285,128.4175,10
run3,1,286,123.9827,10
run3,1,287,123.8142,15
run3,1,288,123.4258,15
run3,1,289,67.1054,5
run3,1,290,111.5626,25
run3,1,291,114.4829,25
run3,1,292,112.2406,25
run3,1,293,121.9607,15
run3,1,294,121.2883,15
run3,1,295,97.4959,25
run3,1,296,111.6821,25
run3,1,297,111.555,25
run3,1,298,118.6334,25
run3,1,299,120.8129,10
run3,1,300,122.3426,25
run4,1,1,96.3699,5
run4,1,2,123.5669,20
run4,1,3,57.9322,5
run4,1,4,122.9947,20
run4,1,5,109.4685,25
run4,1,6,122.0051,25
run4,1,7,54.347,5
run4,1,8,116.3494,25
run4,1,9,51.7827,5
run4,1,10,115.3258,25
run4,1,11,118.077,10
run4,1,12,130.7361,20
run4,1,13,54.3383,5
run4,1,14,124.6179,20
run4,1,15,118.3159,25
run4,1,16,117.0851,15
run4,1,17,122.9215,15
run4,1,18,118.5625,25
run4,1,19,117.7563,10
run4,1,20,119.1481,25
run4,1,21,120.8928,15
run4,1,22,124.0998,10
run4,1,23,123.8233,10
run4,1,24,114.2847,25
run4,1,25,118.5174,10
run4,1,26,124.2402,10
run4,1,27,116.0866,25
run4,1,28,117.414,25
run4,1,29,118.2324,15
run4,1,30,125.8156,25
run4,1,31,116.913,25
run4,1,32,118.928,20
run4,1,33,59.6924,5
run4,1,34,120.485,20
run4,1,35,60.507,5
run4,1,36,128.8756,10
run4,1,37,121.3309,25
run4,1,38,116.7162,20
run4,1,39,63.2341,5
run4,1,40,125.623,15
run4,1,41,124.2461,10
run4,1,42,122.6906,25
run4,1,43,52.569,5
run4,1,44,105.1717,25
run4,1,45,120.9103,10
run4,1,46,123.9539,20
run4,1,47,119.689,20
run4,1,48,124.0293,25
run4,1,49,118.992,10
run4,1,50,123.759,10
run4,1,51,124.3664,20
run4,1,52,117.9582,20
run4,1,53,125.4345,15
run4,1,54,118.2969,25
run4,1,55,53.6418,5
run4,1,56,130.5538,10
run4,1,57,122.2244,10
run4,1,58,124.9378,10
run4,1,59,121.5137,20
run4,1,60,53.8446,5
run4,1,61,121.3297,20
run4,1,62,121.991,10
run4,1,63,126.2032,10
run4,1,64,66.097,5
run4,1,65,115.8239,20
run4,1,66,119.2336,20
run4,1,67,126.9827,15
run4,1,68,63.3885,5
run4,1,69,123.6739,25
run4,1,70,116.1835,20
run4,1,71,59.6612,5
run4,1,72,112.378,25
run4,1,73,117.9001,20
run4,1,74,56.4517,5
run4,1,75,123.2821,20
run4,1,76,124.7467,10
run4,1,77,115.611,20
run4,1,78,125.0429,15
run4,1,79,120.0824,25
run4,1,80,123.8573,25
run4,1,81,117.9435,20
run4,1,82,125.0146,20
run4,1,83,117.6951,25
run4,1,84,120.4839,20
run4,1,85,52.8427,5
run4,1,86,121.9262,20
run4,1,87,117.8025,25
run4,1,88,50.6626,5
run4,1,89,118.789,20
run4,1,90,123.8117,10
run4,1,91,127.1945,20
run4,1,92,53.1213,5
run4,1,93,59.7458,5
run4,1,94,123.3279,20
run4,1,95,54.7052,5
run4,1,96,119.924,20
run4,1,97,116.9209,25
run4,1,98,118.5569,20
run4,1,99,121.9105,20
run4,1,100,116.1713,20
run4,1,101,64.4159,5
run4,1,102,61.0369,5
run4,1,103,61.7248,5
run4,1,104,62.4688,5
run4,1,105,63.4532,5
run4,1,106,113.9314,20
run4,1,107,52.7102,5
run4,1,108,106.1815,25
run4,1,109,118.1337,10
run4,1,110,120.0078,25
run4,1,111,120.7302,25
run4,1,112,52.2737,5
run4,1,113,124.0997,20
run4,1,114,127.5612,10
run4,1,115,69.7056,5
run4,1,116,124.3265,20
run4,1,117,119.8594,20
run4,1,118,54.7485,5
run4,1,119,60.8864,5
run4,1,120,62.5633,5
run4,1,121,61.1608,5
run4,1,122,61.4817,5
run4,1,123,121.8903,25
run4,1,124,58.1986,5
run4,1,125,61.6579,5
run4,1,126,121.3372,20
run4,1,127,57.194,5
run4,1,128,132.2744,10
run4,1,129,120.2319,25
run4,1,130,57.9092,5
run4,1,131,112.289,25
run4,1,132,121.6585,25
run4,1,133,117.0726,20
run4,1,134,59.8116,5
run4,1,135,112.3578,25
run4,1,136,54.0792,5
run4,1,137,119.8868,25
run4,1,138,55.0316,5
run4,1,139,70.1081,5
run4,1,140,68.9138,5
run4,1,141,114.8152,25
run4,1,142,121.0052,25
run4,1,143,123.145,20
run4,1,144,123.332,25
run4,1,145,120.806,15
run4,1,146,71.3552,5
run4,1,147,66.1166,5
run4,1,148,120.005,25
run4,1,149,109.656,25
run4,1,150,106.3115,25
run4,1,151,125.3505,15
run4,1,152,114.5338,25
run4,1,153,58.0351,5
run4,1,154,62.6535,5
run4,1,155,119.935,25
run4,1,156,57.0955,5
run4,1,157,63.0018,5
run4,1,158,132.7265,10
run4,1,159,61.7609,5
run4,1,160,130.1501,10
run4,1,161,96.1393,5
run4,1,162,138.6972,10
run4,1,163,144.5657,25
run4,1,164,133.2297,10
run4,1,165,146.4138,15
run4,1,166,95.1456,5
run4,1,167,131.8991,15
run4,1,168,135.1031,10
run4,1,169,138.952,10
run4,1,170,125.15,15
run4,1,171,94.5675,5
run4,1,172,128.5932,10
run4,1,173,112.5554,5
run4,1,174,111.6601,5
run4,1,175,121.5159,25
run4,1,176,122.4415,15
run4,1,177,93.8994,5
run4,1,178,135.0973,25
run4,1,179,86.3027,5
run4,1,180,84.7498,5
run4,1,181,71.7155,5
run4,1,182,96.2916,5
run4,1,183,111.6471,5
run4,1,184,134.0896,25
run4,1,185,53.3323,5
run4,1,186,63.5628,5
run4,1,187,132.5906,10
run4,1,188,127.7858,15
run4,1,189,124.4474,20
run4,1,190,114.6371,20
run4,1,191,56.9104,5
run4,1,192,123.1067,25
run4,1,193,55.6566,5
run4,1,194,68.6008,5
run4,1,195,61.7307,5
run4,1,196,63.1091,5
run4,1,197,63.3573,5
run4,1,198,63.7336,5
run4,1,199,128.0282,15
run4,1,200,62.8732,5
run4,1,201,62.217,5
run4,1,202,132.3114,10
run4,1,203,128.1142,20
run4,1,204,55.815,5
run4,1,205,70.0411,5
run4,1,206,129.7386,10
run4,1,207,127.152,15
run4,1,208,124.5607,15
run4,1,209,124.2719,15
run4,1,210,116.7304,25
run4,1,211,124.1105,20
run4,1,212,53.4748,5
run4,1,213,119.727,25
run4,1,214,120.1101,20
run4,1,215,124.4424,15
run4,1,216,120.066,25
run4,1,217,53.0254,5
run4,1,218,133.5823,10
run4,1,219,127.3115,25
run4,1,220,55.8737,5
run4,1,221,125.0912,25
run4,1,222,64.4131,5
run4,1,223,123.8193,20
run4,1,224,53.5147,5
run4,1,225,127.8838,15
run4,1,226,70.6922,5
run4,1,227,116.7123,20
run4,1,228,121.9677,25
run4,1,229,118.491,25
run4,1,230,62.9625,5
run4,1,231,119.1424,25
run4,1,232,113.9791,15
run4,1,233,125.5184,15
run4,1,234,68.6343,5
run4,1,235,131.8611,10
run4,1,236,123.9846,20
run4,1,237,58.8548,5
run4,1,238,127.2767,15
run4,1,239,72.3497,5
run4,1,240,119.631,25
run4,1,241,54.5769,5
run4,1,242,61.1591,5
run4,1,243,124.6986,20
run4,1,244,123.1367,20
run4,1,245,125.1875,10
run4,1,246,60.1685,5
run4,1,247,61.2818,5
run4,1,248,62.2397,5
run4,1,249,62.7201,5
run4,1,250,121.9761,25
run4,1,251,123.8525,20
run4,1,252,116.2526,25
run4,1,253,56.0753,5
run4,1,254,118.4887,20
run4,1,255,51.7972,5
run4,1,256,117.7188,25
run4,1,257,54.2333,5
run4,1,258,120.7932,25
run4,1,259,116.9927,25
run4,1,260,120.2996,10
run4,1,261,70.342,5
run4,1,262,127.3781,20
run4,1,263,119.6342,25
run4,1,264,57.7525,5
run4,1,265,124.2687,15
run4,1,266,113.0545,25
run4,1,267,114.8163,25
run4,1,268,119.8944,10
run4,1,269,125.6835,10
run4,1,270,126.2524,25
run4,1,271,121.6422,10
run4,1,272,129.5241,10
run4,1,273,125.2996,10
run4,1,274,130.8028,15
run4,1,275,125.1951,10
run4,1,276,122.8534,15
run4,1,277,126.956,20
run4,1,278,118.5906,25
run4,1,279,123.6794,25
run4,1,280,120.7905,10
run4,1,281,123.3277,25
run4,1,282,124.1075,15
run4,1,283,125.7147,10
run4,1,284,124.302,10
run4,1,285,129.0077,20
run4,1,286,121.4498,15
run4,1,287,124.8728,15
run4,1,288,125.6109,20
run4,1,289,57.5873,5
run4,1,290,128.5689,10
run4,1,291,127.5929,20
run4,1,292,116.2491,20
run4,1,293,128.2902,10
run4,1,294,63.5567,5
run4,1,295,72.3601,5
run4,1,296,117.2822,25
run4,1,297,54.2002,5
run4,1,298,62.2318,5
run4,1,299,62.1559,5
run4,1,300,131.4186,10
run5,1,1,84.5818,5
run5,1,2,120.3033,20
run5,1,3,121.9091,15
run5,1,4,119.4239,20
run5,1,5,56.7096,5
run5,1,6,58.2961,5
run5,1,7,59.3093,5
run5,1,8,133.033,10
run5,1,9,123.9518,25
run5,1,10,125.3747,10
run5,1,11,69.7063,5
run5,1,12,113.6671,25
run5,1,13,51.3462,5
run5,1,14,62.6962,5
run5,1,15,57.2723,5
run5,1,16,116.3856,25
run5,1,17,48.0509,5
run5,1,18,57.7068,5
run5,1,19,58.1757,5
run5,1,20,114.6658,25
run5,1,21,111.7365,25
run5,1,22,49.617,5
run5,1,23,112.2203,25
run5,1,24,123.0071,25
run5,1,25,116.9014,15
run5,1,26,123.2381,15
run5,1,27,61.3804,5
run5,1,28,63.2845,5
run5,1,29,125.2439,15
run5,1,30,123.5285,25
run5,1,31,118.0944,20
run5,1,32,112.5954,25
run5,1,33,51.2991,5
run5,1,34,125.4146,15
run5,1,35,123.5027,15
run5,1,36,122.551,10
run5,1,37,123.5793,15
run5,1,38,114.5854,25
run5,1,39,111.048,25
run5,1,40,52.9938,5
run5,1,41,107.0887,25
run5,1,42,120.4799,15
run5,1,43,67.9666,5
run5,1,44,108.0218,25
run5,1,45,120.3229,10
run5,1,46,67.2841,5
run5,1,47,59.9594,5
run5,1,48,126.2639,15
run5,1,49,123.22,20
run5,1,50,55.7514,5
run5,1,51,123.8198,15
run5,1,52,66.2666,5
run5,1,53,132.2815,10
run5,1,54,66.2429,5
run5,1,55,65.775,5
run5,1,56,127.9479,15
run5,1,57,115.5356,20
run5,1,58,125.8178,25
run5,1,59,110.384,25
run5,1,60,118.3591,10
run5,1,61,128.1794,15
run5,1,62,116.1565,25
run5,1,63,122.0299,25
run5,1,64,121.3131,10
run5,1,65,63.5924,5
run5,1,66,61.2733,5
run5,1,67,122.2652,20
run5,1,68,124.2906,20
run5,1,69,59.2682,5
run5,1,70,125.5919,15
run5,1,71,125.356,10
run5,1,72,120.1393,25
run5,1,73,119.3217,10
run5,1,74,120.6364,25
run5,1,75,52.1218,5
run5,1,76,128.1366,10
run5,1,77,62.4968,5
run5,1,78,116.2629,20
run5,1,79,118.6782,25
run5,1,80,116.7099,25
run5,1,81,120.0693,15
run5,1,82,58.4476,5
run5,1,83,116.7291,25
run5,1,84,50.5982,5
run5,1,85,65.7255,5
run5,1,86,116.5327,25
run5,1,87,117.56,20
run5,1,88,123.9225,15
run5,1,89,126.7558,10
run5,1,90,70.0025,5
run5,1,91,130.8633,10
run5,1,92,122.1415,20
run5,1,93,52.7046,5
run5,1,94,115.5119,20
run5,1,95,121.4858,10
run5,1,96,126.7693,20
run5,1,97,122.5847,20
run5,1,98,126.9671,15
run5,1,99,72.5139,5
run5,1,100,126.7187,20
run5,1,101,131.146,15
run5,1,102,127.8074,10
run5,1,103,128.8075,10
run5,1,104,126.0707,20
run5,1,105,120.9889,20
run5,1,106,126.9871,20
run5,1,107,122.1048,20
run5,1,108,126.0022,15
run5,1,109,118.263,20
run5,1,110,121.7319,20
run5,1,111,114.4717,20
run5,1,112,126.4841,10
run5,1,113,128.5664,20
run5,1,114,122.9273,15
run5,1,115,112.0294,25
run5,1,116,119.4757,20
run5,1,117,123.7155,15
run5,1,118,122.9077,15
run5,1,119,122.5611,15
run5,1,120,124.3701,10
run5,1,121,119.9631,25
run5,1,122,59.1553,5
run5,1,123,109.5267,20
run5,1,124,122.857,15
run5,1,125,128.1254,25
run5,1,126,116.5696,25
run5,1,127,114.3633,25
run5,1,128,120.514,20
run5,1,129,115.3411,15
run5,1,130,121.6892,20
run5,1,131,117.1992,25
run5,1,132,119.9256,10
run5,1,133,126.9009,10
run5,1,134,62.1412,5
run5,1,135,124.3201,20
run5,1,136,118.1939,25
run5,1,137,120.4376,20
run5,1,138,48.9165,5
run5,1,139,120.3382,25
run5,1,140,117.3929,20
run5,1,141,123.9293,15
run5,1,142,116.9219,20
run5,1,143,125.5938,20
run5,1,144,120.9734,20
run5,1,145,123.6997,10
run5,1,146,131.0471,20
run5,1,147,123.3723,15
run5,1,148,122.2631,20
run5,1,149,124.259,15
run5,1,150,125.7417,25
run5,1,151,113.3697,25
run5,1,152,47.1875,5
run5,1,153,121.7689,20
run5,1,154,130.0867,10
run5,1,155,127.3239,20
run5,1,156,129.1089,10
run5,1,157,114.009,25
run5,1,158,113.6246,20
run5,1,159,117.6401,25
run5,1,160,118.6351,20
run5,1,161,123.8805,20
run5,1,162,121.2639,20
run5,1,163,54.0113,5
run5,1,164,125.3185,15
run5,1,165,122.2019,20
run5,1,166,122.3837,25
run5,1,167,117.0728,25
run5,1,168,123.7993,25
run5,1,169,114.8149,20
run5,1,170,120.6726,25
run5,1,171,52.506,5
run5,1,172,118.5043,20
run5,1,173,120.9527,20
run5,1,174,120.9468,15
run5,1,175,111.2596,20
run5,1,176,114.4814,25
run5,1,177,118.3219,25
run5,1,178,114.9419,20
run5,1,179,108.8167,25
run5,1,180,110.5492,15
run5,1,181,119.1998,25
run5,1,182,122.2638,20
run5,1,183,122.7356,20
run5,1,184,116.5236,20
run5,1,185,115.6716,20
run5,1,186,123.5507,20
run5,1,187,51.4467,5
run5,1,188,116.3497,25
run5,1,189,103.9462,25
run5,1,190,114.2117,25
run5,1,191,112.5951,20
run5,1,192,125.2215,25
run5,1,193,113.1477,25
run5,1,194,107.776,20
run5,1,195,126.7698,15
run5,1,196,125.471,10
run5,1,197,123.648,15
run5,1,198,113.796,25
run5,1,199,115.8312,25
run5,1,200,115.6947,10
run5,1,201,127.1384,15
run5,1,202,122.2052,25
run5,1,203,115.9008,15
run5,1,204,123.2815,10
run5,1,205,120.9488,25
run5,1,206,114.6935,25
run5,1,207,123.9018,20
run5,1,208,121.4008,15
run5,1,209,121.6731,20
run5,1,210,114.1149,25
run5,1,211,124.217,20
run5,1,212,113.0726,25
run5,1,213,121.7443,20
run5,1,214,104.2693,25
run5,1,215,119.7074,15
run5,1,216,120.0948,10
run5,1,217,118.9071,25
run5,1,218,117.6514,15
run5,1,219,121.3516,25
run5,1,220,50.8175,5
run5,1,221,128.4383,10
run5,1,222,126.9242,10
run5,1,223,125.3094,10
run5,1,224,124.935,20
run5,1,225,126.0087,10
run5,1,226,114.9041,25
run5,1,227,115.9223,10
run5,1,228,121.38,10
run5,1,229,121.6115,25
run5,1,230,119.0734,10
run5,1,231,123.9824,10
run5,1,232,127.6717,15
run5,1,233,120.1045,25
run5,1,234,108.6231,25
run5,1,235,118.4241,20
run5,1,236,117.0082,25
run5,1,237,121.492,20
run5,1,238,128.2618,10
run5,1,239,120.729,25
run5,1,240,111.8921,25
run5,1,241,118.2553,10
run5,1,242,119.022,25
run5,1,243,119.6037,10
run5,1,244,126.8484,10
run5,1,245,126.2361,10
run5,1,246,119.8418,20
run5,1,247,122.065,10
run5,1,248,123.5885,25
run5,1,249,118.7514,20
run5,1,250,118.2879,20
run5,1,251,59.6977,5
run5,1,252,105.0959,25
run5,1,253,120.2568,20
run5,1,254,122.0376,10
run5,1,255,119.1638,25
run5,1,256,56.2624,5
run5,1,257,57.1757,5
run5,1,258,114.1143,25
run5,1,259,54.1052,5
run5,1,260,107.4903,25
run5,1,261,107.7827,25
run5,1,262,121.397,20
run5,1,263,117.2909,20
run5,1,264,53.9075,5
run5,1,265,119.5414,25
run5,1,266,111.5806,25
run5,1,267,118.3451,25
run5,1,268,117.8444,15
run5,1,269,122.6592,25
run5,1,270,116.294,20
run5,1,271,119.3407,25
run5,1,272,110.5069,25
run5,1,273,122.1792,10
run5,1,274,120.4277,10
run5,1,275,121.7879,15
run5,1,276,109.4373,25
run5,1,277,118.1895,10
run5,1,278,120.6243,25
run5,1,279,116.4052,10
run5,1,280,122.9408,20
run5,1,281,121.2501,10
run5,1,282,120.708,25
run5,1,283,118.9246,20
run5,1,284,119.5076,25
run5,1,285,121.0744,10
run5,1,286,106.3279,25
run5,1,287,115.4441,10
run5,1,288,121.8342,20
run5,1,289,113.1533,25
run5,1,290,120.7822,10
run5,1,291,125.0786,15
run5,1,292,120.5786,25
run5,1,293,119.1123,10
run5,1,294,123.1748,25
run5,1,295,116.6631,10
run5,1,296,124.9481,10
run5,1,297,120.4025,10
run5,1,298,65.9738,5
run5,1,299,66.5287,5
run5,1,300,127.9821,10
