<?xml version='1.0' standalone='yes'?>
<componentData>
  <component>
    <componentBaseName>hardwaresupportpkgs/testmeas/imaq_genericvideo</componentBaseName>
    <componentFileName>hardwaresupportpkgs/testmeas/imaq_genericvideo_win32_1428005687.zip</componentFileName>
    <componentName>hardwaresupportpkgs/testmeas/imaq_genericvideo_win32</componentName>
    <componentVersion>1428005687</componentVersion>
    <locale></locale>
    <numFiles>2</numFiles>
    <platformList>
      <platform>win32</platform>
    </platformList>
    <releaseFamily>R2014b</releaseFamily>
    <size>47957</size>
    <type></type>
    <uncompressedBytes>120603</uncompressedBytes>
  </component>
</componentData>
