run1,0,1,169.3648,7.7071
run1,0,2,172.9447,10.7234
run1,0,3,98.2026,-0.26776
run1,0,4,94.1888,-0.61658
run1,0,5,171.1933,10.913
run1,0,6,164.7979,8.2575
run1,0,7,170.6302,10.7634
run1,0,8,67.8368,1.4
run1,0,9,174.0913,15.0328
run1,0,10,166.9283,8.5217
run1,0,11,149.1942,5.4946
run1,0,12,162.9756,8.2575
run1,0,13,146.7764,4.7419
run1,0,14,157.1631,7
run1,0,15,166.0217,8.8135
run1,0,16,173.1893,13.8478
run1,0,17,169.6714,9.7723
run1,0,18,162.9156,7.9767
run1,0,19,162.4149,7.6863
run1,0,20,147.6243,5.1865
run1,0,21,134.2928,3.6667
run1,0,22,160.8945,7.3825
run1,0,23,155.2383,7
run1,0,24,145.9807,4.7419
run1,0,25,162.5613,7.7527
run1,0,26,100.0288,1.6667
run1,0,27,152.6617,5.7425
run1,0,28,162.0501,7
run1,0,29,152.509,5.8268
run1,0,30,161.8698,7.7216
run1,0,31,153.1595,5.9119
run1,0,32,169.1242,10.0732
run1,0,33,170.2683,10.8693
run1,0,34,132.7631,3.5946
run1,0,35,151.1531,5.9231
run1,0,36,152.0292,5.6667
run1,0,37,173.186,11.5652
run1,0,38,168.8375,10.5714
run1,0,39,154.3469,7
run1,0,40,173.8884,15.5556
run1,0,41,152.3822,6.0047
run1,0,42,170.2265,10.0061
run1,0,43,127.3397,3.2766
run1,0,44,141.3564,3.9565
run1,0,45,167.4912,9.0958
run1,0,46,43.3745,-0.030568
run1,0,47,143.6496,4.2928
run1,0,48,155.4892,6.6517
run1,0,49,169.5473,9.5926
run1,0,50,163.1402,8.0881
run1,0,51,77.7334,0.77778
run1,0,52,145.8528,4.6136
run1,0,53,146.4253,5.1481
run1,0,54,171.3711,11.2424
run1,0,55,153.4968,6.2784
run1,0,56,153.9058,6.6175
run1,0,57,144.116,4.9
run1,0,58,171.9919,11.4681
run1,0,59,162.7319,8.1732
run1,0,60,155.8119,5.8136
run1,0,61,155.5045,6.2473
run1,0,62,158.5366,7.359
run1,0,63,153.9211,6.2708
run1,0,64,170.0744,10.9086
run1,0,65,153.2767,6.0323
run1,0,66,77.0504,0.56322
run1,0,67,171.3218,9.7451
run1,0,68,153.2478,6.6175
run1,0,69,158.7382,7.3784
run1,0,70,168.9056,9.6486
run1,0,71,161.406,7.8046
run1,0,72,160.7167,7.3665
run1,0,73,142.3043,4.8571
run1,0,74,170.0228,10.5354
run1,0,75,169.8038,9.8
run1,0,76,152.5021,5.9655
run1,0,77,163.8182,8.4141
run1,0,78,167.9485,9.1649
run1,0,79,149.0366,5.5417
run1,0,80,170.8017,11.4211
run1,0,81,171.7059,15.895
run1,0,82,169.1833,11.3961
run1,0,83,165.3954,8.8135
run1,0,84,168.0606,10.6416
run1,0,85,157.0136,7.4192
run1,0,86,166.4684,9.1212
run1,0,87,173.3679,19.2599
run1,0,88,157.0137,7.7292
run1,0,89,171.5904,13.2376
run1,0,90,161.1985,8.6092
run1,0,91,169.3899,10.3333
run1,0,92,128.7329,3.4
run1,0,93,173.0986,13.7513
run1,0,94,171.7929,11.9495
run1,0,95,154.6898,7
run1,0,96,152.187,5.8889
run1,0,97,149.5818,5.8
run1,0,98,172.1281,11.9727
run1,0,99,168.6087,9.5654
run1,0,100,168.8498,9.9167
run1,0,101,129.8228,3.0513
run1,0,102,172.9108,12.6566
run1,0,103,174.2784,13.9591
run1,0,104,154.5172,7
run1,0,105,148.6347,5.4946
run1,0,106,155.6726,7.3784
run1,0,107,150.8602,5.9855
run1,0,108,173.8639,13.648
run1,0,109,169.3164,11.2857
run1,0,110,113.8641,2.9259
run1,0,111,171.1878,10.9896
run1,0,112,171.3383,13.2222
run1,0,113,159.9419,8.573
run1,0,114,141.6971,4.7174
run1,0,115,155.7053,7
run1,0,116,151.6529,6.6296
run1,0,117,165.5178,8.8519
run1,0,118,160.7051,8.0448
run1,0,119,143.0383,4.5862
run1,0,120,172.7834,12.8659
run1,0,121,127.1624,3.5574
run1,0,122,163.151,7.9767
run1,0,123,169.0433,9.3077
run1,0,124,146.1055,5.5106
run1,0,125,167.8239,9.4378
run1,0,126,141.339,4.4074
run1,0,127,144.7765,4.2928
run1,0,128,144.7568,4.1676
run1,0,129,171.9019,15.0905
run1,0,130,158.7974,7.6931
run1,0,131,117.8568,2.7923
run1,0,132,169.7679,10.6
run1,0,133,171.0031,12.8011
run1,0,134,167.4051,9.4378
run1,0,135,137.8978,4.1429
run1,0,136,171.5992,10.9487
run1,0,137,170.2829,11.8148
run1,0,138,148.2447,5.5567
run1,0,139,168.4657,9.5654
run1,0,140,169.1094,10.1111
run1,0,141,153.2975,6.3396
run1,0,142,161.6041,8.0244
run1,0,143,142.3037,4.2316
run1,0,144,155.8353,7
run1,0,145,171.1721,12.7732
run1,0,146,158.9119,7.8235
run1,0,147,155.6977,7
run1,0,148,142.2573,5.1081
run1,0,149,165.7341,8.9811
run1,0,150,118.8652,2.7923
run1,0,151,166.4754,9
run1,0,152,167.3544,9.1875
run1,0,153,170.3003,11.4
run1,0,154,81.1335,1.8421
run1,0,155,164.648,8.7413
run1,0,156,171.904,19.3958
run1,0,157,147.3265,5.5263
run1,0,158,163.6308,8.4433
run1,0,159,161.6329,8.0995
run1,0,160,170.47,10.0435
run1,0,161,173.1235,12.7732
run1,0,162,168.7768,10.2984
run1,0,163,173.1063,14.6
run1,0,164,168.2854,10.6842
run1,0,165,146.4015,5.4783
run1,0,166,143.7527,4.3077
run1,0,167,172.6235,13.3636
run1,0,168,141.2532,4.2
run1,0,169,171.711,11.7644
run1,0,170,125.8348,3.5193
run1,0,171,62.2051,-1.0208
run1,0,172,172.692,12.5446
run1,0,173,170.5888,11.3541
run1,0,174,171.4167,13.5625
run1,0,175,154.4209,6.2308
run1,0,176,162.1161,8.1602
run1,0,177,171.1516,11.2
run1,0,178,168.7316,10.7634
run1,0,179,168.1444,9.3902
run1,0,180,143.212,5.1818
run1,0,181,169.7342,10.198
run1,0,182,158.1647,7.6667
run1,0,183,154.9878,7
run1,0,184,173.1975,13.5116
run1,0,185,168.4938,9.3596
run1,0,186,171.7785,14.7
run1,0,187,151.2121,6.0047
run1,0,188,166.8364,9.0792
run1,0,189,168.729,9.5128
run1,0,190,172.5124,13.213
run1,0,191,170.6583,11.9
run1,0,192,169.7523,12.5446
run1,0,193,173.7041,17.107
run1,0,194,152.0308,6.2308
run1,0,195,165.094,8.8325
run1,0,196,117.718,2.6872
run1,0,197,173.4113,12.7143
run1,0,198,159.659,8.4433
run1,0,199,170.5962,10.5714
run1,0,200,160.6059,8.4286
run2,0,1,99.6879,1.8
run2,0,2,153.6877,6.2473
run2,0,3,137.2327,3.7016
run2,0,4,69.0881,-1.1395
run2,0,5,123.9094,2.4839
run2,0,6,133.9391,3.7059
run2,0,7,150.4493,6.6089
run2,0,8,156.5728,7.4242
run2,0,9,128.0707,3.6265
run2,0,10,141.4795,4.929
run2,0,11,158.0498,7.7527
run2,0,12,150.3912,5.8136
run2,0,13,172.7135,13.6879
run2,0,14,138.7258,4.2928
run2,0,15,159.5263,7.7527
run2,0,16,151.4896,5.7861
run2,0,17,165.0458,9
run2,0,18,151.621,6.6175
run2,0,19,152.9897,7
run2,0,20,172.6523,13.4324
run2,0,21,162.7753,8.5385
run2,0,22,168.3804,9.5926
run2,0,23,153.9775,7
run2,0,24,151.0446,6.6257
run2,0,25,144.5101,4.5581
run2,0,26,173.3517,12.8333
run2,0,27,170.0282,9.7184
run2,0,28,165.9704,9.1429
run2,0,29,169.0637,10.369
run2,0,30,153.6989,6.2391
run2,0,31,159.7933,7.7
run2,0,32,170.4179,10.6458
run2,0,33,48.4038,-0.77778
run2,0,34,153.5805,6.2929
run2,0,35,163.388,8.1602
run2,0,36,163.9368,8.5217
run2,0,37,172.2386,11.375
run2,0,38,156.8197,7.7216
run2,0,39,152.9922,6.6089
run2,0,40,172.254,14.2414
run2,0,41,132.1074,3.6667
run2,0,42,159.0855,7.7143
run2,0,43,162.3526,8.4737
run2,0,44,152.6878,7
run2,0,45,173.4482,14.9459
run2,0,46,172.19,14.1014
run2,0,47,171.4294,12
run2,0,48,170.4696,12.3261
run2,0,49,152.1134,6.2708
run2,0,50,172.9482,11.1667
run2,0,51,169.6496,10.6842
run2,0,52,171.2678,10.9896
run2,0,53,170.0799,11.6226
run2,0,54,166.0158,9.0231
run2,0,55,169.8879,9.6203
run2,0,56,171.5738,11.6154
run2,0,57,151.3118,6.6296
run2,0,58,169.2846,9.6203
run2,0,59,170.5259,11.7945
run2,0,60,162.5568,8.6432
run2,0,61,57.0523,0.63636
run2,0,62,169.9531,9.2581
run2,0,63,164.6599,8.7588
run2,0,64,171.788,11.8039
run2,0,65,166.4627,9.0588
run2,0,66,170.4691,10.6458
run2,0,67,171.3429,11.8276
run2,0,68,152.3726,6.1026
run2,0,69,173.7587,14.7778
run2,0,70,153.0415,6.2222
run2,0,71,165.9136,9.1429
run2,0,72,165.0897,8.7284
run2,0,73,172.9188,17.4255
run2,0,74,141.6841,4.6329
run2,0,75,152.521,6.6045
run2,0,76,152.3064,6.2708
run2,0,77,143.5585,4.6667
run2,0,78,152.2286,5.9756
run2,0,79,172.4617,11.6667
run2,0,80,162.1493,8.5054
run2,0,81,152.6805,7
run2,0,82,171.459,11.537
run2,0,83,104.7408,2.3807
run2,0,84,144.2067,5.0874
run2,0,85,139.6407,4.766
run2,0,86,173.312,12.0515
run2,0,87,156.9453,7.7368
run2,0,88,169.826,10.4426
run2,0,89,82.2444,1.8421
run2,0,90,172.6363,12
run2,0,91,169.9292,12.5828
run2,0,92,172.5411,14.5904
run2,0,93,53.894,1.2268
run2,0,94,171.7033,10.5714
run2,0,95,152.6239,6.2784
run2,0,96,173.2745,11.4681
run2,0,97,62.0583,0.875
run2,0,98,148.9459,5.6139
run2,0,99,163.5583,8.3462
run2,0,100,171.9785,11.1176
run2,0,101,174.2716,14.6
run2,0,102,27.7381,0.036649
run2,0,103,152.9444,6.0323
run2,0,104,149.6361,5.5714
run2,0,105,155.1104,7
run2,0,106,170.6513,10.0818
run2,0,107,173.9968,15.2938
run2,0,108,164.8569,9.0958
run2,0,109,172.5567,14.8698
run2,0,110,162.2662,8.4
run2,0,111,174.5793,13.8912
run2,0,112,154.6395,7
run2,0,113,156.7232,7.3627
run2,0,114,167.6911,9.1649
run2,0,115,168.6561,9.4378
run2,0,116,170.4881,10.0769
run2,0,117,162.0529,8.0145
run2,0,118,146.9676,5.1675
run2,0,119,154.8098,7
run2,0,120,172.8693,12.2764
run2,0,121,169.8825,11.2857
run2,0,122,152.4699,6.6216
run2,0,123,60.309,0.17073
run2,0,124,174.5612,15.1053
run2,0,125,98.8814,1.9162
run2,0,126,164.7557,8.6867
run2,0,127,171.5736,12.7233
run2,0,128,164.3277,8.7413
run2,0,129,168.6078,9.5
run2,0,130,170.1358,10.8043
run2,0,131,171.3883,11.3503
run2,0,132,128.9973,3.631
run2,0,133,171.8042,11.3503
run2,0,134,170.7123,12.6757
run2,0,135,168.9651,9.4623
run2,0,136,165.5008,8.7766
run2,0,137,160.287,8.5556
run2,0,138,144.0573,5.2587
run2,0,139,158.5566,7.3825
run2,0,140,143.1312,4.4346
run2,0,141,172.3049,10.6082
run2,0,142,153.8967,6.3069
run2,0,143,158.5977,7.3743
run2,0,144,157.4353,7.3627
run2,0,145,159.2083,7.9953
run2,0,146,161.3289,7.7071
run2,0,147,140.3423,4.2277
run2,0,148,141.203,3.9892
run2,0,149,173.1258,13.5027
run2,0,150,163.479,8.7588
run2,0,151,138.5533,3.8657
run2,0,152,168.1559,9.5389
run2,0,153,157.2606,7.4142
run2,0,154,171.6609,12.0725
run2,0,155,172.3471,15.794
run2,0,156,168.899,10.2941
run2,0,157,144.5126,4.1717
run2,0,158,168.5548,9.2826
run2,0,159,173.0444,15.2353
run2,0,160,171.756,13.4286
run2,0,161,172.6482,16.0184
run2,0,162,151.1404,5.8649
run2,0,163,155.127,6.2784
run2,0,164,174.0866,13.8205
run2,0,165,156.3188,7
run2,0,166,144.5236,4.3224
run2,0,167,144.4987,4.5622
run2,0,168,147.6797,5.3721
run2,0,169,174.5502,16.3103
run2,0,170,144.6896,5.2051
run2,0,171,142.7848,4.4872
run2,0,172,174.467,14.5
run2,0,173,152.6917,5.8525
run2,0,174,174.3505,13.7021
run2,0,175,150.2091,6.6257
run2,0,176,174.8543,13.2304
run2,0,177,173.5108,16.7674
run2,0,178,80.5415,0.93064
run2,0,179,172.4965,10.9487
run2,0,180,165.5053,7.7216
run2,0,181,170.9528,11.0741
run2,0,182,161.4757,8.5556
run2,0,183,169.5548,10.369
run2,0,184,170.3476,10.1034
run2,0,185,174.3271,12.6977
run2,0,186,172.9825,15.7027
run2,0,187,162.6422,8.5385
run2,0,188,160.0754,8.066
run2,0,189,146.1549,4.9612
run2,0,190,174.142,13.8912
run2,0,191,170.4755,11.9
run2,0,192,171.3496,12.4369
run2,0,193,172.9657,13.9307
run2,0,194,170.1973,10.7234
run2,0,195,170.2637,10.8462
run2,0,196,168.6291,9.3671
run2,0,197,165.3793,8.8919
run2,0,198,170.0781,9.8571
run2,0,199,170.6768,11.1176
run2,0,200,161.2777,8.1475
run3,0,1,121.5631,2.3892
run3,0,2,151.8835,5.8889
run3,0,3,169.4183,9.6486
run3,0,4,166.0034,9.1429
run3,0,5,139.9533,4.7707
run3,0,6,39.2183,-0.32558
run3,0,7,58.6464,0.56757
run3,0,8,163.8979,8.6092
run3,0,9,118.2167,3.2766
run3,0,10,151.788,5.8525
run3,0,11,171.6347,11.1667
run3,0,12,169.4451,10.1818
run3,0,13,152.991,6.6089
run3,0,14,138.428,3.8966
run3,0,15,156.1323,7.3911
run3,0,16,150.1016,5.8398
run3,0,17,67.0826,0.50515
run3,0,18,161.7635,8.4286
run3,0,19,153.973,6.2857
run3,0,20,152.8926,6.6296
run3,0,21,171.6265,10.8043
run3,0,22,160.1092,7.7447
run3,0,23,173.6735,13.8205
run3,0,24,161.2063,8.7073
run3,0,25,170.864,12.122
run3,0,26,138.8678,4.0213
run3,0,27,171.3427,10.6842
run3,0,28,156.7716,7.4
run3,0,29,142.7292,4.3224
run3,0,30,174.6435,17.7143
run3,0,31,170.0337,10.5354
run3,0,32,170.4273,10.5
run3,0,33,163.0652,8.4286
run3,0,34,167.5371,9.3671
run3,0,35,129.416,3.5946
run3,0,36,166.3946,8.8717
run3,0,37,169.9063,9.6203
run3,0,38,140.2569,4.5294
run3,0,39,146.0821,5.1865
run3,0,40,171.8683,12.4404
run3,0,41,146.3144,5.4615
run3,0,42,172.4384,11.3299
run3,0,43,170.4404,12.2239
run3,0,44,157.7769,7.7778
run3,0,45,166.6766,9.4419
run3,0,46,171.0994,11.715
run3,0,47,173.1319,16.4595
run3,0,48,169.2674,9.8571
run3,0,49,165.6059,9.0792
run3,0,50,172.5235,13.5421
run3,0,51,139.9413,4.6923
run3,0,52,174.7567,15.5185
run3,0,53,115.505,2.977
run3,0,54,171.6058,9.8283
run3,0,55,85.3294,1.7312
run3,0,56,154.6636,7
run3,0,57,173.7642,13.5027
run3,0,58,168.4533,10.3019
run3,0,59,172.8476,13.3636
run3,0,60,170.8267,14.9459
run3,0,61,150.6695,6.6133
run3,0,62,173.0039,12.2128
run3,0,63,167.0401,9.3671
run3,0,64,159.2053,7.7865
run3,0,65,152.5358,6.2929
run3,0,66,167.0416,9.234
run3,0,67,142.968,5.2051
run3,0,68,150.0009,5.6275
run3,0,69,152.6887,6.2929
run3,0,70,150.0256,5.5263
run3,0,71,172.516,11.715
run3,0,72,137.7845,4.5862
run3,0,73,162.888,8.1475
run3,0,74,162.281,7.814
run3,0,75,171.2816,11.2
run3,0,76,161.1145,8.0145
run3,0,77,147.4576,5.1865
run3,0,78,161.1594,8.4583
run3,0,79,173.711,19.0942
run3,0,80,55.478,0.13725
run3,0,81,172.8669,12.122
run3,0,82,146.0508,5.4783
run3,0,83,174.1306,12.8659
run3,0,84,155.481,7.3415
run3,0,85,170.5033,9.9474
run3,0,86,173.7059,19.2599
run3,0,87,171.0516,11.7644
run3,0,88,169.8297,10.8043
run3,0,89,155.1074,7
run3,0,90,167.7658,9.4138
run3,0,91,170.2416,10.6842
run3,0,92,154.8713,7
run3,0,93,163.7358,8.8325
run3,0,94,172.5643,13.6316
run3,0,95,152.9034,7
run3,0,96,153.9292,7
run3,0,97,155.653,7.3226
run3,0,98,173.3413,12.8947
run3,0,99,169.609,10.2984
run3,0,100,170.6668,11.9727
run3,0,101,160.4219,7.3704
run3,0,102,170.5716,10.6416
run3,0,103,173.7607,18.7822
run3,0,104,171.7961,16.1304
run3,0,105,168.2798,9.4419
run3,0,106,172.5291,15.895
run3,0,107,172.3253,14.1429
run3,0,108,173.8612,15.3333
run3,0,109,169.1875,10.2026
run3,0,110,175.2062,15.6598
run3,0,111,168.5883,10.4426
run3,0,112,171.7498,14.8537
run3,0,113,170.4454,13.0215
run3,0,114,160.087,8.1602
run3,0,115,171.22,11.0698
run3,0,116,169.983,11.2077
run3,0,117,170.5643,12.3846
run3,0,118,171.9651,11.9
run3,0,119,168.7744,9.8283
run3,0,120,168.0829,9.3864
run3,0,121,168.6064,9.2581
run3,0,122,161.7146,8.5385
run3,0,123,172.4763,12.0602
run3,0,124,171.3385,12.615
run3,0,125,170.8583,11.0444
run3,0,126,161.6141,8.066
run3,0,127,172.6635,12.2128
run3,0,128,171.3135,15.9744
run3,0,129,170.9808,10.8043
run3,0,130,172.4641,12.9204
run3,0,131,169.6341,11.5274
run3,0,132,170.9661,14.7778
run3,0,133,152.651,6.3458
run3,0,134,153.5877,7
run3,0,135,170.1388,10.1818
run3,0,136,174.7783,16.4595
run3,0,137,169.5752,10.6082
run3,0,138,151.7798,7
run3,0,139,174.1232,14.0787
run3,0,140,169.6996,10.6082
run3,0,141,167.773,9.3445
run3,0,142,171.3458,12.5152
run3,0,143,163.1237,8.5284
run3,0,144,164.8192,8.9774
run3,0,145,173.7422,15.5047
run3,0,146,165.2846,8.9811
run3,0,147,163.6191,8.5385
run3,0,148,171.9722,10.8462
run3,0,149,156.0601,7.3784
run3,0,150,170.6571,10.0435
run3,0,151,174.3454,13.9634
run3,0,152,169.7887,11.0741
run3,0,153,172.3692,17
run3,0,154,169.2212,9.9167
run3,0,155,174.6739,16.8131
run3,0,156,139.1639,4.2
run3,0,157,157.5327,7.7071
run3,0,158,153.9612,7
run3,0,159,174.5435,15.125
run3,0,160,172.6093,13.6169
run3,0,161,170.3578,12.0515
run3,0,162,171.0026,12.615
run3,0,163,172.3701,12.1852
run3,0,164,149.5385,5.9952
run3,0,165,175.1459,15.3732
run3,0,166,173.5124,14.4302
run3,0,167,171.9607,16.2593
run3,0,168,162.3478,8.5556
run3,0,169,172.6425,14.0787
run3,0,170,66.9168,1.5509
run3,0,171,173.4461,12.0838
run3,0,172,151.6922,7
run3,0,173,174.3067,13.8627
run3,0,174,154.2848,6.2045
run3,0,175,171.8474,10.6
run3,0,176,151.911,6.2929
run3,0,177,174.6927,13.3636
run3,0,178,168.1582,10.1343
run3,0,179,156.4679,7.3704
run3,0,180,36.7009,-0.14286
run3,0,181,167.4276,9
run3,0,182,162.6474,8.6471
run3,0,183,167.7777,9.5128
run3,0,184,170.9122,12.0838
run3,0,185,166.6658,9.5688
run3,0,186,173.3267,21.4693
run3,0,187,106.1626,2.285
run3,0,188,173.7624,11.5794
run3,0,189,159.9994,8.573
run3,0,190,170.0771,10.5196
run3,0,191,170.1061,10.7634
run3,0,192,115.547,3.0914
run3,0,193,153.7476,7
run3,0,194,141.8789,5.0874
run3,0,195,169.4352,10.5714
run3,0,196,170.2597,10.9623
run3,0,197,142.9728,5.1865
run3,0,198,171.0453,11.0698
run3,0,199,169.8373,11.023
run3,0,200,170.6445,12.1376
run4,0,1,170.0545,9.1212
run4,0,2,166.1801,9
run4,0,3,152.096,6.5954
run4,0,4,146.5522,5.4091
run4,0,5,133.7359,-3.6522
run4,0,6,167.8169,9.0792
run4,0,7,143.8387,5.2412
run4,0,8,156.113,7.3825
run4,0,9,168.762,9.5926
run4,0,10,170.6584,12.6757
run4,0,11,169.3414,9.4419
run4,0,12,159.9779,8.2
run4,0,13,118.8084,2.4348
run4,0,14,172.9842,11.5652
run4,0,15,166.9568,9.2581
run4,0,16,101.6299,2.2761
run4,0,17,74.2559,1.4944
run4,0,18,170.8057,10.4054
run4,0,19,169.8257,9.5654
run4,0,20,140.0631,4.4074
run4,0,21,115.562,2.4348
run4,0,22,143.3459,4.1006
run4,0,23,168.9122,9.4873
run4,0,24,154.5955,7.3318
run4,0,25,171.0205,10.8043
run4,0,26,151.2889,6.6447
run4,0,27,173.4808,15.4615
run4,0,28,162.2346,8.8919
run4,0,29,151.5386,6.6216
run4,0,30,157.2529,7.4142
run4,0,31,156.9642,7.7143
run4,0,32,114.5325,2.9259
run4,0,33,174.5189,14.5141
run4,0,34,150.6941,6.6585
run4,0,35,170.7904,10.8462
run4,0,36,168.7738,9.5301
run4,0,37,137.4522,4.7895
run4,0,38,154.0289,7
run4,0,39,165.2622,8.8717
run4,0,40,166.6697,9.2105
run4,0,41,148.7889,5.8268
run4,0,42,141.8841,4.9612
run4,0,43,169.5487,9.5225
run4,0,44,170.6469,12.3216
run4,0,45,173.5576,14.4118
run4,0,46,170.8861,11.4
run4,0,47,79.3435,-1.794
run4,0,48,165.0776,8.7766
run4,0,49,169.893,9.7072
run4,0,50,169.5527,10.2184
run4,0,51,170.9155,10.0769
run4,0,52,166.8419,9
run4,0,53,157.4188,7.6931
run4,0,54,161.1116,8.1111
run4,0,55,174.3999,15.5965
run4,0,56,172.1803,14.4468
run4,0,57,166.9181,9.2105
run4,0,58,169.5341,9.5389
run4,0,59,58.5405,0.84615
run4,0,60,172.23,10.2642
run4,0,61,168.0517,9.2826
run4,0,62,126.4412,3.5
run4,0,63,173.5203,14.1429
run4,0,64,170.5884,9.9697
run4,0,65,152.8205,6.3269
run4,0,66,120.4765,2.7831
run4,0,67,139.8679,3.9231
run4,0,68,165.3209,8.9811
run4,0,69,152.2076,6.2784
run4,0,70,170.3041,9.5926
run4,0,71,172.0304,13.9634
run4,0,72,170.412,11.0385
run4,0,73,172.0495,13.9136
run4,0,74,147.6348,5.4783
run4,0,75,63.2564,1.5098
run4,0,76,173.4181,12.283
run4,0,77,152.6726,6.1667
run4,0,78,148.5616,5.4783
run4,0,79,59.3844,0.91304
run4,0,80,165.4358,8.7413
run4,0,81,138.7652,4.9042
run4,0,82,171.3798,9.8
run4,0,83,151.1943,6.6216
run4,0,84,171.0818,10.0435
run4,0,85,173.2182,13.6169
run4,0,86,151.788,6.6447
run4,0,87,154.5124,6.3
run4,0,88,170.9594,9.9341
run4,0,89,161.4356,8.2844
run4,0,90,170.0496,10.3333
run4,0,91,169.7299,9.6923
run4,0,92,152.3435,7
run4,0,93,170.218,10.4314
run4,0,94,153.6776,6.2784
run4,0,95,174.2564,13.648
run4,0,96,155.3896,7.359
run4,0,97,173.1054,11.6667
run4,0,98,168.9631,9.7374
run4,0,99,172.263,13.0694
run4,0,100,170.3032,11.7115
run4,0,101,172.8468,10.9487
run4,0,102,139.74,4.6667
run4,0,103,165.6059,8.7766
run4,0,104,146.8436,5.5417
run4,0,105,151.3765,6.6257
run4,0,106,140.6576,4.1429
run4,0,107,171.2563,11.1176
run4,0,108,169.9186,11.6193
run4,0,109,169.91,11.6667
run4,0,110,126.839,3.6667
run4,0,111,153.5381,6.3204
run4,0,112,172.3064,9.8571
run4,0,113,114.3959,2.4348
run4,0,114,164.1146,8.8135
run4,0,115,146.1338,5.3568
run4,0,116,172.4161,10.7634
run4,0,117,126.9487,3.3158
run4,0,118,170.3275,9.6776
run4,0,119,152.0364,7
run4,0,120,170.0281,9.8866
run4,0,121,129.0877,3.5347
run4,0,122,152.5742,6.3269
run4,0,123,174.2234,14.5141
run4,0,124,50.4782,1.1989
run4,0,125,172.1337,9.6486
run4,0,126,172.5371,14.1795
run4,0,127,172.2186,11.4211
run4,0,128,148.1346,5.6139
run4,0,129,156.41,7.3349
run4,0,130,150.1766,5.8136
run4,0,131,140.9135,4.1134
run4,0,132,174.252,17
run4,0,133,169.6756,9.9167
run4,0,134,151.5503,6.6335
run4,0,135,164.9362,8.9553
run4,0,136,173.3469,14.1892
run4,0,137,153.6461,7
run4,0,138,172.3887,13.1538
run4,0,139,151.0975,6.6335
run4,0,140,170.8832,10.2642
run4,0,141,173.6394,14.037
run4,0,142,172.7911,13.8912
run4,0,143,171.7235,12.1376
run4,0,144,169.8246,11.1622
run4,0,145,151.0043,6.6089
run4,0,146,163.703,8.5284
run4,0,147,56.3159,0.42541
run4,0,148,171.5179,9.8655
run4,0,149,172.1851,13.1765
run4,0,150,170.8773,11.8276
run4,0,151,149.3682,5.8525
run4,0,152,171.6742,9.8866
run4,0,153,162.8173,8.6471
run4,0,154,139.4684,4.2626
run4,0,155,156.0983,7.3483
run4,0,156,154.4493,7
run4,0,157,137.0562,3.9231
run4,0,158,173.7977,12.9799
run4,0,159,169.9971,11.2857
run4,0,160,54.7812,1.2857
run4,0,161,150.5827,5.8268
run4,0,162,171.8328,15.7065
run4,0,163,170.4318,16.1
run4,0,164,160.2094,8.3462
run4,0,165,173.2215,11.9
run4,0,166,141.8147,5.1283
run4,0,167,170.8746,10.8043
run4,0,168,153.1357,6.6175
run4,0,169,169.2198,9.6203
run4,0,170,169.6874,9.9474
run4,0,171,170.7471,10.198
run4,0,172,172.3749,12.2601
run4,0,173,173.7372,15.2796
run4,0,174,113.8832,2.9686
run4,0,175,159.3169,7.6796
run4,0,176,153.0335,6.2784
run4,0,177,165.749,8.8325
run4,0,178,174.0296,15.0208
run4,0,179,150.7045,6.2222
run4,0,180,173.3483,13.5882
run4,0,181,170.6674,11.9727
run4,0,182,167.7955,9.6486
run4,0,183,136.3803,3.9565
run4,0,184,140.7964,4.4346
run4,0,185,153.7838,6.2857
run4,0,186,166.7839,8.8919
run4,0,187,173.3029,16.2453
run4,0,188,120.186,3.1957
run4,0,189,161.7994,8.3333
run4,0,190,172.9169,11.2077
run4,0,191,150.5297,5.9552
run4,0,192,156.929,7.3784
run4,0,193,172.3331,11.5029
run4,0,194,153.4134,7
run4,0,195,173.0665,13.0215
run4,0,196,141.4825,5.2234
run4,0,197,171.537,9.9167
run4,0,198,173.767,13.9591
run4,0,199,109.056,2.3807
run4,0,200,152.8277,5.9447
run5,0,1,173.2462,11.1176
run5,0,2,144.6059,5.2759
run5,0,3,137.8721,3.802
run5,0,4,51.4403,0.97849
run5,0,5,170.6029,9.234
run5,0,6,170.3613,9.7374
run5,0,7,141.2601,4.7174
run5,0,8,173.3275,11.5161
run5,0,9,169.4978,10.7634
run5,0,10,151.9485,5.8889
run5,0,11,173.8643,13.7742
run5,0,12,153.3813,7
run5,0,13,158.8172,7.7143
run5,0,14,115.4282,2.7459
run5,0,15,174.8494,13.1404
run5,0,16,140.6895,4.7174
run5,0,17,143.6759,4.2626
run5,0,18,152.5186,6.2632
run5,0,19,154.7641,7
run5,0,20,150.3228,5.7719
run5,0,21,141.6192,4.0213
run5,0,22,151.164,6.6552
run5,0,23,171.3054,10.6842
run5,0,24,171.6837,11.2282
run5,0,25,162.7844,8.3592
run5,0,26,158.2774,7.6796
run5,0,27,163.9065,8.1351
run5,0,28,149.2113,5.4091
run5,0,29,173.842,15.1215
run5,0,30,152.6326,6.6089
run5,0,31,132.5237,3.6667
run5,0,32,172.8618,12.122
run5,0,33,168.1485,11.2424
run5,0,34,169.633,14.8571
run5,0,35,152.229,7
run5,0,36,171.1258,11.2077
run5,0,37,169.7591,9.9032
run5,0,38,158.2996,7.6731
run5,0,39,139.3232,4.7419
run5,0,40,158.1963,7.3911
run5,0,41,161.1331,8.1732
run5,0,42,166.0848,8.2281
run5,0,43,169.3802,9
run5,0,44,154.8392,7
run5,0,45,140.0043,4.9
run5,0,46,140.7355,4.1134
run5,0,47,171.5194,10.0769
run5,0,48,164.4215,8.3725
run5,0,49,78.1614,1.7236
run5,0,50,153.264,6.6045
run5,0,51,172.6898,9.9858
run5,0,52,135.772,3.6667
run5,0,53,165.3361,8.2613
run5,0,54,162.5271,7.7865
run5,0,55,151.471,5.6275
run5,0,56,165.184,8.8135
run5,0,57,157.1108,7.3825
run5,0,58,165.9422,8.7949
run5,0,59,146.1965,5.3721
run5,0,60,170.8866,10.2184
run5,0,61,172.3116,9.8
run5,0,62,160.8151,8.0345
run5,0,63,143.5718,4.4611
run5,0,64,149.473,5.4615
run5,0,65,153.4883,6.2553
run5,0,66,144.3972,4.1676
run5,0,67,174.2562,13.6316
run5,0,68,169.8585,11.4211
run5,0,69,170.7975,9.8
run5,0,70,169.0474,9.6203
run5,0,71,161.4559,8.573
run5,0,72,173.2448,16.7927
run5,0,73,150.718,6.6296
run5,0,74,174.1909,15.9216
run5,0,75,112.3124,2.8378
run5,0,76,160.1506,7.7609
run5,0,77,172.3581,13.5421
run5,0,78,161.999,8.2281
run5,0,79,71.9609,1.3243
run5,0,80,173.3923,13.5625
run5,0,81,150.6548,5.934
run5,0,82,153.5374,6.3458
run5,0,83,166.2407,8.4894
run5,0,84,156.0771,7.3318
run5,0,85,170.2622,9.5688
run5,0,86,171.6973,12.3846
run5,0,87,171.2862,10.1111
run5,0,88,141.3257,3.9856
run5,0,89,118.9891,2.7923
run5,0,90,159.7278,7.7143
run5,0,91,170.1982,9.9474
run5,0,92,170.4325,10.8889
run5,0,93,166.5099,9.0468
run5,0,94,144.0948,5.1081
run5,0,95,153.6575,6.2553
run5,0,96,174.9835,13.7742
run5,0,97,157.3728,7.4459
run5,0,98,154.979,7
run5,0,99,157.9858,7.3483
run5,0,100,156.9705,7.3483
run5,0,101,170.3839,9.0231
run5,0,102,172.6997,13.1165
run5,0,103,151.957,6.6774
run5,0,104,171.5855,10.0435
run5,0,105,101.0719,1.9724
run5,0,106,171.8268,12.2764
run5,0,107,161.7469,8.3208
run5,0,108,152.5538,6.6517
run5,0,109,170.8126,9.4138
run5,0,110,170.4079,9.5654
run5,0,111,167.1806,9.3077
run5,0,112,146.5077,5.427
run5,0,113,173.1745,12.3165
run5,0,114,171.0446,10.0435
run5,0,115,170.7754,9.7723
run5,0,116,172.1335,14.7
run5,0,117,136.1651,3.8342
run5,0,118,153.9042,7
run5,0,119,171.152,11.4828
run5,0,120,169.8194,10.0732
run5,0,121,148.735,5.427
run5,0,122,173.044,12.3165
run5,0,123,168.2711,9.1212
run5,0,124,168.4466,9.1649
run5,0,125,172.1045,16.5789
run5,0,126,170.6884,11.8276
run5,0,127,51.0831,0.76963
run5,0,128,173.3061,11.9763
run5,0,129,170.9166,14.2121
run5,0,130,170.2925,9.3864
run5,0,131,149.7856,5.5417
run5,0,132,174.2304,14.6087
run5,0,133,171.4567,12.1852
run5,0,134,139.3088,4.8571
run5,0,135,172.7483,9.8571
run5,0,136,172.5677,15.342
run5,0,137,170.5554,11.5274
run5,0,138,149.6344,5.877
run5,0,139,171.5363,10.9487
run5,0,140,158.8182,7.3518
run5,0,141,171.1016,10.1111
run5,0,142,162.9581,8.3084
run5,0,143,101.1307,2.0273
run5,0,144,171.8739,11.9
run5,0,145,151.5763,6.6447
run5,0,146,158.3499,7.3867
run5,0,147,170.6874,10.0732
run5,0,148,154.1542,7
run5,0,149,172.2209,12.6757
run5,0,150,117.0205,2.6983
run5,0,151,172.931,11.1176
run5,0,152,169.354,10.2308
run5,0,153,64.3313,0.8342
run5,0,154,172.2605,10.3981
run5,0,155,172.6819,13.5027
run5,0,156,169.1453,11.0314
run5,0,157,141.5778,4.8788
run5,0,158,161.7306,7.7609
run5,0,159,167.5638,9.1472
run5,0,160,153.9434,6.3
run5,0,161,170.6703,9.3333
run5,0,162,152.197,5.8268
run5,0,163,165.6068,8.9126
run5,0,164,171.3772,12.5556
run5,0,165,172.7489,15.6096
run5,0,166,170.935,11.2077
run5,0,167,169.8886,10.2558
run5,0,168,173.0154,14.7
run5,0,169,169.3882,10.2308
run5,0,170,174.3225,16.9057
run5,0,171,170.5507,13.1765
run5,0,172,169.0668,10.4529
run5,0,173,169.0436,9.4138
run5,0,174,169.5558,10.7561
run5,0,175,173.0432,14.6
run5,0,176,171.162,12.3846
run5,0,177,141.2873,4.4074
run5,0,178,169.8057,9.3223
run5,0,179,170.1207,12.1579
run5,0,180,172.686,14.8652
run5,0,181,173.1842,14.037
run5,0,182,165.3056,8.6092
run5,0,183,159.1281,7.7143
run5,0,184,171.983,12.3846
run5,0,185,158.9763,7.6306
run5,0,186,162.2292,8.573
run5,0,187,171.4835,10.9487
run5,0,188,171.4201,9.8866
run5,0,189,171.8545,16.1623
run5,0,190,169.9467,10.5354
run5,0,191,173.0057,20.0508
run5,0,192,160.4418,8.066
run5,0,193,172.9997,13.7513
run5,0,194,170.6229,14.2165
run5,0,195,171.4101,10.369
run5,0,196,151.6378,6.6482
run5,0,197,172.7529,9.9787
run5,0,198,172.2521,9.9167
run5,0,199,172.3996,18.7297
run5,0,200,171.8111,15.4
run1,1,1,166.1379,8.123
run1,1,2,172.0158,12.5152
run1,1,3,75.0228,1.6784
run1,1,4,142.7855,4.5581
run1,1,5,125.0158,2.7923
run1,1,6,156.5227,7
run1,1,7,104.4543,2.2273
run1,1,8,170.4606,9.7072
run1,1,9,115.2011,2.5319
run1,1,10,168.167,9.4378
run1,1,11,166.387,8.9553
run1,1,12,151.5806,6.6175
run1,1,13,172.6223,11.8428
run1,1,14,162.6696,8.7413
run1,1,15,171.6819,12.7732
run1,1,16,171.1593,11.9495
run1,1,17,138.1153,4.766
run1,1,18,150.9604,5.7861
run1,1,19,157.2742,7.3911
run1,1,20,126.3374,3.4407
run1,1,21,158.4987,7.7216
run1,1,22,156.6131,7.359
run1,1,23,170.2012,9.8866
run1,1,24,154.8502,7
run1,1,25,162.8506,8.1475
run1,1,26,149.0962,5.5859
run1,1,27,172.7104,12.6757
run1,1,28,171.6766,14.2678
run1,1,29,119.6802,2.8333
run1,1,30,172.0905,10.9326
run1,1,31,170.952,11.2541
run1,1,32,168.6956,9.7723
run1,1,33,150.7807,5.9231
run1,1,34,158.3102,7.7216
run1,1,35,171.2814,11.3299
run1,1,36,168.221,10.8462
run1,1,37,140.4497,4.1717
run1,1,38,171.2015,10.2184
run1,1,39,173.8396,13.9307
run1,1,40,150.8499,5.9447
run1,1,41,172.6824,11.9
run1,1,42,169.218,10.5
run1,1,43,173.6968,14.6087
run1,1,44,159.0934,7.6542
run1,1,45,151.3385,6.2632
run1,1,46,173.9372,13.3636
run1,1,47,162.3083,8.1864
run1,1,48,173.3216,12.6757
run1,1,49,150.2313,6.5484
run1,1,50,169.0434,9.1875
run1,1,51,172.6203,13.5746
run1,1,52,169.0995,10.3333
run1,1,53,163.7544,8.7241
run1,1,54,153.2386,7
run1,1,55,161.1351,8.0048
run1,1,56,161.7498,7.7216
run1,1,57,173.4652,13.7742
run1,1,58,168.9989,10.4314
run1,1,59,145.243,5.427
run1,1,60,173.4048,13.8912
run1,1,61,170.8629,12.0838
run1,1,62,167.5098,9.6203
run1,1,63,156.3532,7.6195
run1,1,64,170.3772,12
run1,1,65,113.4083,2.7459
run1,1,66,168.3014,9.0958
run1,1,67,168.806,9.3005
run1,1,68,170.8559,11.3961
run1,1,69,172.3823,18.6667
run1,1,70,170.3751,11.5652
run1,1,71,171.2951,19.4444
run1,1,72,157.9863,7.7071
run1,1,73,171.1945,12.2128
run1,1,74,140.57,4.5127
run1,1,75,172.622,10.7931
run1,1,76,152.7594,6.6216
run1,1,77,161.8478,8.5054
run1,1,78,170.4256,11.8663
run1,1,79,140.9637,4.1134
run1,1,80,174.1871,13.5919
run1,1,81,155.0445,7
run1,1,82,167.2688,9.0231
run1,1,83,141.3609,4.766
run1,1,84,171.7522,10.0769
run1,1,85,155.3717,7
run1,1,86,173.2396,14.4619
run1,1,87,150.7405,6.6618
run1,1,88,63.4762,0.56757
run1,1,89,173.8161,19.9348
run1,1,90,166.7095,9.1429
run1,1,91,165.7918,8.8717
run1,1,92,172.8372,14.2165
run1,1,93,170.1803,10.1658
run1,1,94,172.4585,19.1154
run1,1,95,169.2258,12.3333
run1,1,96,168.9919,10.6842
run1,1,97,170.5574,10.5
run1,1,98,170.109,10.1461
run1,1,99,171.9351,11.4211
run1,1,100,152.438,6.2857
run1,1,101,169.0717,8.9126
run1,1,102,157.8962,7.4094
run1,1,103,152.746,5.9005
run1,1,104,158.3052,7.4094
run1,1,105,172.4605,12.8333
run1,1,106,171.5022,12.7732
run1,1,107,170.8617,11.375
run1,1,108,129.2339,3.7016
run1,1,109,169.4752,9.3077
run1,1,110,161.2608,8.4141
run1,1,111,169.5165,9.5
run1,1,112,169.7689,10.2642
run1,1,113,160.2473,7.7368
run1,1,114,151.1937,5.877
run1,1,115,172.0539,10.0435
run1,1,116,160.9083,7.8861
run1,1,117,77.1705,0.63636
run1,1,118,171.1716,9.5389
run1,1,119,169.5685,11.023
run1,1,120,39.9502,-0.32558
run1,1,121,151.9003,6.6373
run1,1,122,142.5766,4.2
run1,1,123,79.5178,1.7872
run1,1,124,143.3444,4.3333
run1,1,125,171.305,10.2642
run1,1,126,70.9927,1.1379
run1,1,127,169.3606,9.1875
run1,1,128,171.8717,13.6316
run1,1,129,117.6931,2.625
run1,1,130,151.2175,6.6
run1,1,131,153.5025,6.1667
run1,1,132,159.6505,7.7778
run1,1,133,152.0071,6.1765
run1,1,134,169.9007,9.4706
run1,1,135,171.3125,12.5349
run1,1,136,167.2361,9.1875
run1,1,137,140.8002,4.2626
run1,1,138,159.5596,8.0048
run1,1,139,172.7683,12.4974
run1,1,140,124.5557,3.3918
run1,1,141,158.7208,7.7143
run1,1,142,79.7705,-1.6517
run1,1,143,171.5643,12.1042
run1,1,144,148.4814,6.6335
run1,1,145,173.76,13.8478
run1,1,146,163.2029,8.5217
run1,1,147,169.4051,10.0108
run1,1,148,154.509,7
run1,1,149,66.5052,1.6701
run1,1,150,52.1285,1.2202
run1,1,151,169.6268,9.4378
run1,1,152,169.9914,10.1111
run1,1,153,159.0871,7.7447
run1,1,154,157.032,7.3911
run1,1,155,169.934,10.2642
run1,1,156,158.0863,7.3955
run1,1,157,110.0992,2.4438
run1,1,158,174.4897,12.6757
run1,1,159,164.1541,8.6092
run1,1,160,155.7967,7.359
run1,1,161,140.4957,4.6136
run1,1,162,119.7143,-2.7849
run1,1,163,173.9549,12.8659
run1,1,164,172.5008,14.2678
run1,1,165,153.5692,5.9756
run1,1,166,174.1237,13.1658
run1,1,167,170.9905,12.4444
run1,1,168,170.2311,9.9167
run1,1,169,173.6498,13.4948
run1,1,170,125.2981,3.5574
run1,1,171,143.3632,5.0874
run1,1,172,172.1289,11.7573
run1,1,173,158.0308,7.7
run1,1,174,170.9532,11.8148
run1,1,175,170.4723,11.4
run1,1,176,169.2831,10.2184
run1,1,177,170.1064,10.1343
run1,1,178,155.5905,7.3415
run1,1,179,171.9972,12.4974
run1,1,180,171.7972,12.283
run1,1,181,136.8642,4.5581
run1,1,182,155.1568,7
run1,1,183,167.4822,9.1739
run1,1,184,163.3206,8.066
run1,1,185,156.4077,7
run1,1,186,172.2381,13.2963
run1,1,187,58.3393,-0.21649
run1,1,188,172.3526,14.6087
run1,1,189,94.2265,2.1
run1,1,190,150.0185,6.6447
run1,1,191,174.4232,14
run1,1,192,172.2358,14.6
run1,1,193,152.6304,7
run1,1,194,172.2819,13.5027
run1,1,195,139.2424,4.8788
run1,1,196,154.0469,6.3137
run1,1,197,156.9272,7.3867
run1,1,198,165.3967,8.9774
run1,1,199,173.4938,15.342
run1,1,200,145.8222,5.5106
run2,1,1,100.1306,1.8421
run2,1,2,172.4879,11.9189
run2,1,3,169.7801,10.369
run2,1,4,172.692,14.6166
run2,1,5,169.9623,9.9341
run2,1,6,169.1029,10.369
run2,1,7,170.0411,10.2184
run2,1,8,123.9576,3.3636
run2,1,9,169.529,9.5301
run2,1,10,171.879,12.7377
run2,1,11,159.9213,7.7071
run2,1,12,55.0745,1.1341
run2,1,13,166.5853,8.8919
run2,1,14,114.3388,2.7317
run2,1,15,148.0192,5.5859
run2,1,16,168.3521,9.4706
run2,1,17,156.4822,7.3448
run2,1,18,165.0459,8.8717
run2,1,19,121.5558,3.3542
run2,1,20,147.5537,5.5714
run2,1,21,110.1165,2.3333
run2,1,22,141.9737,4.6098
run2,1,23,171.8671,10.4314
run2,1,24,138.2553,4.9
run2,1,25,113.5725,2.5319
run2,1,26,171.692,10.7198
run2,1,27,33.6901,-0.46193
run2,1,28,114.8553,2.2809
run2,1,29,172.3483,11.1176
run2,1,30,150.1824,6.3204
run2,1,31,62.0376,1.2623
run2,1,32,116.8144,2.6
run2,1,33,151.432,5.934
run2,1,34,140.7764,4.8571
run2,1,35,53.7022,1.3062
run2,1,36,104.8169,2.1
run2,1,37,52.9596,1.4444
run2,1,38,151.6697,5.9119
run2,1,39,159.3828,8.1351
run2,1,40,143.4319,5.0734
run2,1,41,116.2263,2.6497
run2,1,42,112.1514,2.3807
run2,1,43,154.5235,7.4294
run2,1,44,149.3787,6.6133
run2,1,45,59.6951,1.4444
run2,1,46,173.9372,12.6757
run2,1,47,151.3905,5.8889
run2,1,48,163.4524,8.7949
run2,1,49,143.5976,5.2587
run2,1,50,51.3092,0.31658
run2,1,51,154.8729,7
run2,1,52,165.0902,8.7766
run2,1,53,158.175,7.7216
run2,1,54,149.7565,5.9756
run2,1,55,147.0236,5.2587
run2,1,56,162.213,8.4768
run2,1,57,158.4148,7.7
run2,1,58,171.2686,12.5682
run2,1,59,169.5011,9.7451
run2,1,60,141.3428,4.6555
run2,1,61,148.3198,4.2277
run2,1,62,69.5507,0.76963
run2,1,63,148.7762,5.4946
run2,1,64,174.1335,13.1165
run2,1,65,151.2733,6.2553
run2,1,66,157.5949,7.7216
run2,1,67,172.5062,12.9322
run2,1,68,144.225,5.5417
run2,1,69,154.3159,7.3349
run2,1,70,142.3206,5.1865
run2,1,71,116.2599,2.8416
run2,1,72,159.7662,7.7955
run2,1,73,153.1359,7
run2,1,74,169.7764,10.3981
run2,1,75,171.9152,12.9322
run2,1,76,151.3843,6.2391
run2,1,77,166.6059,8.9126
run2,1,78,151.1684,6.2857
run2,1,79,150.9472,5.8649
run2,1,80,173.8101,12.9204
run2,1,81,169.756,10.8889
run2,1,82,174.2844,15.4848
run2,1,83,167.9799,9.3671
run2,1,84,157.0648,7.3627
run2,1,85,45.2616,-0.77778
run2,1,86,170.9521,10.7198
run2,1,87,142.2728,5.2234
run2,1,88,153.809,7.3448
run2,1,89,155.4167,7.359
run2,1,90,149.2102,5.9119
run2,1,91,165.9467,8.9811
run2,1,92,157.6679,7.7292
run2,1,93,108.2492,2.285
run2,1,94,172.3069,10.1111
run2,1,95,170.2193,10.1461
run2,1,96,172.5379,11.6193
run2,1,97,172.3635,13.9634
run2,1,98,171.7864,11.9727
run2,1,99,158.8702,8.1732
run2,1,100,152.6311,6.6045
run2,1,101,172.6291,10.9896
run2,1,102,164.9294,9.1
run2,1,103,140.8075,5.0663
run2,1,104,110.2621,2.2885
run2,1,105,154.1859,7
run2,1,106,141.4604,4.3224
run2,1,107,147.9001,5.5714
run2,1,108,150.9215,6.6296
run2,1,109,118.0106,2.9193
run2,1,110,165.9623,9.0231
run2,1,111,149.8152,6.6482
run2,1,112,101.9401,-2.1919
run2,1,113,153.3285,6.2632
run2,1,114,135.7295,3.7692
run2,1,115,62.815,-1.3696
run2,1,116,68.6828,1.0201
run2,1,117,144.7346,5.2927
run2,1,118,126.5833,3.4
run2,1,119,171.7196,11.9495
run2,1,120,160.9679,8.0769
run2,1,121,74.0381,1.5509
run2,1,122,147.1859,5.6408
run2,1,123,173.6315,14.037
run2,1,124,157.8286,7.3518
run2,1,125,168.3145,9.4623
run2,1,126,142.3405,5.1081
run2,1,127,171.4743,11.8387
run2,1,128,118.1071,3.1957
run2,1,129,143.1889,4.2316
run2,1,130,152.5629,6.2222
run2,1,131,170.7166,10.2184
run2,1,132,66.6474,1.1667
run2,1,133,27.3051,0
run2,1,134,157.4188,7.359
run2,1,135,151.3307,6.0141
run2,1,136,119.4793,2.7576
run2,1,137,144.864,5.2759
run2,1,138,170.3828,9.7374
run2,1,139,114.7663,2.6
run2,1,140,170.4661,10.4653
run2,1,141,150.6568,6.6447
run2,1,142,137.1207,3.8539
run2,1,143,168.362,9.5926
run2,1,144,108.7203,2.285
run2,1,145,113.4383,2.2809
run2,1,146,151.4829,5.9005
run2,1,147,53.416,-0.21212
run2,1,148,151.4641,6.6335
run2,1,149,150.9623,6.5906
run2,1,150,69.004,0.76238
run2,1,151,172.945,11.8663
run2,1,152,114.5494,2.977
run2,1,153,151.9928,6.641
run2,1,154,159.9271,7.7778
run2,1,155,153.4074,7
run2,1,156,152.2057,6.3069
run2,1,157,159.19,7.814
run2,1,158,165.1397,9.0792
run2,1,159,152.5337,7
run2,1,160,155.3293,7.3196
run2,1,161,174.257,13.6316
run2,1,162,172.1903,14.1707
run2,1,163,173.0694,13.1658
run2,1,164,120.6352,3.4804
run2,1,165,143.9465,5.2234
run2,1,166,150.2715,5.8889
run2,1,167,162.2816,8.6279
run2,1,168,151.6502,6.2135
run2,1,169,64.5113,-0.62376
run2,1,170,172.4918,11.1622
run2,1,171,108.7443,2.4348
run2,1,172,160.0403,7.8537
run2,1,173,58.7759,-0.18919
run2,1,174,114.9662,2.4348
run2,1,175,156.6529,7.3286
run2,1,176,144.4425,5.2759
run2,1,177,152.5719,6.2708
run2,1,178,75.2425,-0.85714
run2,1,179,58.8094,-0.24138
run2,1,180,135.0032,3.7692
run2,1,181,72.4307,1.6784
run2,1,182,155.4087,7.3825
run2,1,183,134.9014,3.8966
run2,1,184,145.5717,5.4444
run2,1,185,158.6348,7.7071
run2,1,186,161.4115,8.0553
run2,1,187,147.4754,5.3871
run2,1,188,160.2624,7.7216
run2,1,189,141.8181,4.3514
run2,1,190,152.6332,5.8889
run2,1,191,141.8821,4.9412
run2,1,192,59.2771,0.84615
run2,1,193,121.8031,2.4839
run2,1,194,164.6225,8.8135
run2,1,195,162.8486,8.3333
run2,1,196,144.613,5.2051
run2,1,197,169.3274,9.5301
run2,1,198,169.0996,11.0314
run2,1,199,111.9985,2.9259
run2,1,200,153.5047,7
run3,1,1,75.636,1.0678
run3,1,2,174.212,13.0215
run3,1,3,156.347,7.7292
run3,1,4,141.9834,4.3224
run3,1,5,158.694,7.7
run3,1,6,172.0869,12.4545
run3,1,7,152.2503,7
run3,1,8,160.9606,8.4583
run3,1,9,74.2169,1.7872
run3,1,10,172.3789,12.2128
run3,1,11,156.258,7.814
run3,1,12,62.6279,1.385
run3,1,13,104.4411,2.1724
run3,1,14,153.1021,7
run3,1,15,123.6869,3.3584
run3,1,16,153.335,7
run3,1,17,171.0818,11.2541
run3,1,18,146.1719,5.6408
run3,1,19,134.6134,3.8966
run3,1,20,171.6571,11.7115
run3,1,21,171.5354,18.4423
run3,1,22,168.5727,10.1034
run3,1,23,172.3243,12.0725
run3,1,24,56.5514,0.63636
run3,1,25,170.966,10.369
run3,1,26,171.3288,11.1622
run3,1,27,164.3755,8.8717
run3,1,28,152.7762,6.6517
run3,1,29,159.1244,7.7865
run3,1,30,169.7537,10.2558
run3,1,31,170.3206,9.9167
run3,1,32,120.0165,3.2766
run3,1,33,163.6161,8.5909
run3,1,34,46.4289,1.1341
run3,1,35,167.7516,9.0792
run3,1,36,167.8319,9.3864
run3,1,37,170.7609,11.8837
run3,1,38,115.9854,3.1538
run3,1,39,115.6809,2.6983
run3,1,40,173.3818,11.9189
run3,1,41,172.0302,13.6316
run3,1,42,158.8484,8.1351
run3,1,43,67.2327,0.95939
run3,1,44,140.8356,3.9892
run3,1,45,171.6152,11.1622
run3,1,46,161.2426,8.4
run3,1,47,150.9945,5.9231
run3,1,48,173.3845,12.7647
run3,1,49,158.9147,7.8434
run3,1,50,170.0247,10.5593
run3,1,51,140.1461,4.7209
run3,1,52,154.3825,6.3269
run3,1,53,163.096,8.5385
run3,1,54,170.1762,9.9474
run3,1,55,141.4372,5
run3,1,56,142.2777,4.4611
run3,1,57,173.5657,12.4369
run3,1,58,167.6854,9.4623
run3,1,59,138.4496,4.5294
run3,1,60,151.4878,5.8398
run3,1,61,170.9997,11.7191
run3,1,62,170.1932,12.8621
run3,1,63,154.2615,7.3415
run3,1,64,29.3989,-0.21212
run3,1,65,152.3615,7
run3,1,66,39.7209,0.25301
run3,1,67,161.6602,7.7865
run3,1,68,171.1446,12.2764
run3,1,69,170.1259,11.3503
run3,1,70,139.5572,4.4872
run3,1,71,154.4258,6.2708
run3,1,72,168.4976,9.3902
run3,1,73,158.7581,7.7778
run3,1,74,153.2502,7
run3,1,75,141.4981,5.1865
run3,1,76,115.4371,-2.887
run3,1,77,171.239,9.6203
run3,1,78,170.1482,11.023
run3,1,79,155.5692,7.3911
run3,1,80,169.187,9.8866
run3,1,81,100.18,-2.2308
run3,1,82,153.7393,6.125
run3,1,83,72.5273,-1.2796
run3,1,84,168.1482,9.1649
run3,1,85,170.5159,10.1343
run3,1,86,124.1557,3.2802
run3,1,87,172.9344,13.0215
run3,1,88,149.83,6.6447
run3,1,89,151.1754,5.9119
run3,1,90,124.6202,3.3158
run3,1,91,172.8432,12.9204
run3,1,92,159.607,7.8235
run3,1,93,106.5183,2.285
run3,1,94,166.8851,9.0792
run3,1,95,147.8975,5.5417
run3,1,96,169.9859,9.6203
run3,1,97,137.3515,4.2
run3,1,98,171.1396,10.9623
run3,1,99,168.6848,10.5593
run3,1,100,50.514,1.1667
run3,1,101,173.0758,10.8043
run3,1,102,70.0926,-1.7065
run3,1,103,171.856,11.3541
run3,1,104,150.334,6.6335
run3,1,105,173.1279,11.9495
run3,1,106,154.4551,7.3382
run3,1,107,155.7775,7.3553
run3,1,108,155.705,7.3911
run3,1,109,149.055,6.6585
run3,1,110,146.5502,5.5106
run3,1,111,174.852,15.6982
run3,1,112,168.1706,9.6667
run3,1,113,163.958,9.0231
run3,1,114,167.5419,9.2105
run3,1,115,148.8533,5.8136
run3,1,116,160.0171,8.5909
run3,1,117,64.6853,1.7236
run3,1,118,170.8948,10.2984
run3,1,119,121.5673,3.3542
run3,1,120,172.5742,12.3261
run3,1,121,145.5349,5.4946
run3,1,122,140.2882,4.4346
run3,1,123,174.8413,14.549
run3,1,124,170.0069,11.1584
run3,1,125,170.5895,11.4828
run3,1,126,171.9507,13.7742
run3,1,127,170.3372,11.9412
run3,1,128,153.4195,7
run3,1,129,154.5613,7.359
run3,1,130,158.81,8.0553
run3,1,131,123.6805,3.3158
run3,1,132,159.5253,7.7527
run3,1,133,169.1647,9.6486
run3,1,134,158.0663,7.7368
run3,1,135,169.4521,9.6203
run3,1,136,168.6756,9.8324
run3,1,137,170.5757,12.122
run3,1,138,152.5049,6.3
run3,1,139,150.1687,5.6275
run3,1,140,153.1528,6.2553
run3,1,141,171.3113,9.9858
run3,1,142,163.8405,8.7588
run3,1,143,140.5807,5.1283
run3,1,144,172.9752,17.2083
run3,1,145,141.4354,5.3254
run3,1,146,166.7228,8.9626
run3,1,147,159.8847,7.6931
run3,1,148,152.0739,7
run3,1,149,168.657,9.4873
run3,1,150,149.6121,6.3137
run3,1,151,169.9054,9.5128
run3,1,152,164.2745,9.1212
run3,1,153,169.6291,9.6486
run3,1,154,170.7832,12.5556
run3,1,155,170.9057,10.0435
run3,1,156,152.1987,6.6045
run3,1,157,57.6074,1.1341
run3,1,158,142.5465,5.1283
run3,1,159,150.1537,6.5954
run3,1,160,140.8741,4.7174
run3,1,161,157.9698,7.3743
run3,1,162,161.7539,8.1864
run3,1,163,157.0378,7.3743
run3,1,164,165.3087,8.8519
run3,1,165,151.8914,6.6335
run3,1,166,163.3775,8.0995
run3,1,167,157.8549,7.3665
run3,1,168,79.886,1.8624
run3,1,169,139.5999,4.0833
run3,1,170,153.0157,7
run3,1,171,162.7415,8.573
run3,1,172,171.9157,12.0838
run3,1,173,157.1616,7.7071
run3,1,174,158.0017,7.8642
run3,1,175,69.4989,-0.91855
run3,1,176,174.8829,13.648
run3,1,177,123.413,3.5347
run3,1,178,67.0572,1.5026
run3,1,179,166.7983,9.0192
run3,1,180,96.0452,2.0505
run3,1,181,150.4876,6.6447
run3,1,182,141.3203,4.6667
run3,1,183,173.4379,12.6757
run3,1,184,55.9012,-0.94595
run3,1,185,160.9955,8.2613
run3,1,186,156.998,7.3448
run3,1,187,146.6928,5.5859
run3,1,188,135.8571,3.9856
run3,1,189,142.0055,5.3254
run3,1,190,55.2624,0.77778
run3,1,191,147.2286,5.5417
run3,1,192,152.8527,7
run3,1,193,128.0051,3.5
run3,1,194,172.1827,11.7191
run3,1,195,131.6942,3.8889
run3,1,196,168.7462,9.4706
run3,1,197,76.9909,1.8
run3,1,198,143.7021,4.7174
run3,1,199,149.2399,5.6408
run3,1,200,114.0423,2.7459
run4,1,1,146.3663,4.4611
run4,1,2,165.2516,8.4737
run4,1,3,141.7159,-4.413
run4,1,4,123.6793,3.2766
run4,1,5,166.5339,8.8325
run4,1,6,139.8649,5.0447
run4,1,7,38.1319,0.2
run4,1,8,149.8541,6.6216
run4,1,9,155.1203,7
run4,1,10,167.9135,9.234
run4,1,11,157.951,7.3483
run4,1,12,119.2879,3.1538
run4,1,13,131.2152,3.4407
run4,1,14,155.3724,7
run4,1,15,160.5309,7.9677
run4,1,16,156.0647,7
run4,1,17,148.6502,5.7861
run4,1,18,165.0412,8.5385
run4,1,19,139.1675,4.0423
run4,1,20,160.6586,7.875
run4,1,21,145.0055,5.1081
run4,1,22,132.6,3.7059
run4,1,23,172.4942,10.1111
run4,1,24,164.5645,8.2727
run4,1,25,61.3486,1.385
run4,1,26,160.7192,7.7692
run4,1,27,163.9887,8.5217
run4,1,28,143.3516,4.5294
run4,1,29,165.3135,8.3861
run4,1,30,173.2442,10.7234
run4,1,31,166.1903,8.7766
run4,1,32,172.0906,11.439
run4,1,33,170.4205,20.388
run4,1,34,161.3677,8.0553
run4,1,35,171.0654,10.2308
run4,1,36,173.3519,13.0215
run4,1,37,172.2902,15.0328
run4,1,38,161.1267,8.066
run4,1,39,171.4177,11.3017
run4,1,40,164.7898,8.8717
run4,1,41,162.9224,7.8974
run4,1,42,166.8198,8.8325
run4,1,43,171.2805,10.6842
run4,1,44,169.3977,9.2826
run4,1,45,127.3563,3.5
run4,1,46,143.1568,5.1675
run4,1,47,172.5845,12.4444
run4,1,48,153.2347,7
run4,1,49,173.905,14.4302
run4,1,50,140.024,4.7895
run4,1,51,168.6997,8.9626
run4,1,52,140.2623,4.6136
run4,1,53,139.0495,3.5946
run4,1,54,173.1965,11.7644
run4,1,55,170.8074,12.3261
run4,1,56,138.6197,4.5622
run4,1,57,173.6388,10.0435
run4,1,58,170.6383,9.5926
run4,1,59,152.0754,6.0141
run4,1,60,173.0083,11.9
run4,1,61,167.1957,8.7073
run4,1,62,41.962,0.2
run4,1,63,165.1493,8.5556
run4,1,64,158.3926,7.7216
run4,1,65,167.793,8.8135
run4,1,66,171.4411,12.3846
run4,1,67,139.6246,4.6667
run4,1,68,152.2535,6.3396
run4,1,69,159.0902,7.625
run4,1,70,148.8016,5.9231
run4,1,71,159.7976,7.6796
run4,1,72,172.8891,14.0414
run4,1,73,158.3107,7.6931
run4,1,74,165.4089,8.7949
run4,1,75,170.6336,11.3503
run4,1,76,167.8543,9.1429
run4,1,77,163.3906,7.9953
run4,1,78,68.3544,1.4944
run4,1,79,119.1273,2.8824
run4,1,80,172.0185,10.5593
run4,1,81,171.1281,9.9787
run4,1,82,172.7664,12.0515
run4,1,83,170.0705,10.3333
run4,1,84,53.7792,0.17949
run4,1,85,145.9835,4.3224
run4,1,86,168.9663,9.1212
run4,1,87,160.8999,7.8046
run4,1,88,132.8351,3.7692
run4,1,89,29.8087,-0.21649
run4,1,90,152.9087,6.0233
run4,1,91,158.8016,7.3349
run4,1,92,173.2507,13.6834
run4,1,93,153.2346,6.3137
run4,1,94,89.5172,1.8421
run4,1,95,171.7895,9.8283
run4,1,96,162.5502,8.5909
run4,1,97,135.652,4.0142
run4,1,98,141.1561,4.0526
run4,1,99,51.4144,0.63636
run4,1,100,143.784,4.2626
run4,1,101,155.6469,6.6714
run4,1,102,159.0346,7.3911
run4,1,103,155.0386,7.3415
run4,1,104,161.8666,8.1602
run4,1,105,169.9059,9.2581
run4,1,106,129.3754,3.4804
run4,1,107,49.1752,0.70787
run4,1,108,140.4475,4.1429
run4,1,109,163.7109,8.3725
run4,1,110,142.8427,4.4346
run4,1,111,152.0747,6.6552
run4,1,112,126.4797,3.3542
run4,1,113,171.5181,10.1343
run4,1,114,147.5032,5.2587
run4,1,115,141.7493,4.6667
run4,1,116,121.1256,2.8824
run4,1,117,107.3671,2.0505
run4,1,118,48.8751,0.4375
run4,1,119,146.041,4.3224
run4,1,120,149.6931,6.2473
run4,1,121,68.7271,-0.1123
run4,1,122,154.911,7
run4,1,123,153.4913,6.2473
run4,1,124,171.1258,9.6776
run4,1,125,95.2165,2.0505
run4,1,126,141.2158,4.5862
run4,1,127,104.7448,-2.1304
run4,1,128,171.9737,10.198
run4,1,129,152.1769,6.6133
run4,1,130,155.63,7
run4,1,131,39.7622,0.22581
run4,1,132,154.3569,6.6373
run4,1,133,169.4042,9.2581
run4,1,134,53.7692,0.95939
run4,1,135,161.3339,7.7292
run4,1,136,59.6591,1.2512
run4,1,137,142.7479,4.6923
run4,1,138,158.2473,7.3867
run4,1,139,108.891,2.5319
run4,1,140,161.9251,7.7527
run4,1,141,153.9314,7
run4,1,142,146.6393,5.6408
run4,1,143,150.8218,5.9119
run4,1,144,67.9641,1.5631
run4,1,145,157.7016,7.3911
run4,1,146,173.5302,13.7513
run4,1,147,137.7817,4.7419
run4,1,148,53.1167,1.0566
run4,1,149,164.2328,8.0345
run4,1,150,142.3643,4.4611
run4,1,151,147.4041,5.4444
run4,1,152,143.4746,5.1081
run4,1,153,55.3836,0.7037
run4,1,154,172.0927,10.369
run4,1,155,171.534,12.1579
run4,1,156,157.4781,7.7292
run4,1,157,75.2445,1.6784
run4,1,158,171.8084,10.8043
run4,1,159,140.3726,4.3832
run4,1,160,153.4504,7
run4,1,161,131.0032,3.5946
run4,1,162,117.1879,-3.107
run4,1,163,164.1164,8.1111
run4,1,164,154.8319,6.2473
run4,1,165,167.5211,8.8919
run4,1,166,152.864,6.2045
run4,1,167,171.2274,9.5389
run4,1,168,152.7734,7
run4,1,169,171.9094,11.1622
run4,1,170,140.2211,5.1481
run4,1,171,170.9565,9.7451
run4,1,172,143.7166,4.8125
run4,1,173,151.6018,5.8889
run4,1,174,172.1847,10.1343
run4,1,175,61.6818,0.12139
run4,1,176,28.84,0.069307
run4,1,177,152.8863,6.6335
run4,1,178,174.2083,14
run4,1,179,170.1971,10.1034
run4,1,180,173.4037,12.0515
run4,1,181,169.1201,10.2308
run4,1,182,121.3176,2.8416
run4,1,183,147.9061,5.5106
run4,1,184,173.4569,13.9014
run4,1,185,157.7549,7.3911
run4,1,186,171.2205,10.369
run4,1,187,63.9087,0.84615
run4,1,188,157.6079,7.3448
run4,1,189,158.5258,7.3784
run4,1,190,162.375,8.0995
run4,1,191,137.0127,3.7358
run4,1,192,141.4732,4.2
run4,1,193,150.5485,5.8525
run4,1,194,119.2432,2.6872
run4,1,195,65.3063,1.1341
run4,1,196,119.7235,2.561
run4,1,197,168.2659,8.9126
run4,1,198,166.7703,8.5217
run4,1,199,164.7227,8.6746
run4,1,200,168.9409,10.1343
run5,1,1,82.2582,0.70787
run5,1,2,142.6335,4.8125
run5,1,3,118.1795,2.8824
run5,1,4,163.625,8.0881
run5,1,5,171.3219,9.2791
run5,1,6,164.8231,8.1602
run5,1,7,152.1174,5.8136
run5,1,8,163.0884,8.5385
run5,1,9,169.9443,9.561
run5,1,10,170.1566,12.2601
run5,1,11,139.3736,3.9939
run5,1,12,150.6922,5.877
run5,1,13,158.2615,7.7692
run5,1,14,132.3349,3.6667
run5,1,15,172.1564,10.8182
run5,1,16,167.8201,8.8325
run5,1,17,156.2897,7.3704
run5,1,18,165.5072,8.573
run5,1,19,157.3694,7.3553
run5,1,20,151.4897,6.5954
run5,1,21,168.6271,9.0468
run5,1,22,97.1086,2.0505
run5,1,23,157.4834,7.3867
run5,1,24,162.5243,8.0145
run5,1,25,155.5621,7
run5,1,26,149.1986,6.6
run5,1,27,141.9664,5
run5,1,28,171.7915,10.3735
run5,1,29,162.7673,8.2281
run5,1,30,171.7854,11.3503
run5,1,31,139.0272,4.2277
run5,1,32,172.5263,11.4681
run5,1,33,151.0282,6.3137
run5,1,34,67.5145,1.1053
run5,1,35,111.9879,2.2761
run5,1,36,149.0619,5.6
run5,1,37,145.5612,5.2927
run5,1,38,172.4702,11.5161
run5,1,39,148.1053,5.9231
run5,1,40,172.6041,12.8333
run5,1,41,109.7631,-3.1111
run5,1,42,151.734,6.2222
run5,1,43,171.8917,9.8571
run5,1,44,153.2151,6.2222
run5,1,45,141.0967,4.1006
run5,1,46,149.5193,5.9119
run5,1,47,171.0603,10.6082
run5,1,48,151.6475,6.2784
run5,1,49,69.1765,0.56322
run5,1,50,149.7552,5.8649
run5,1,51,159.6971,7.7216
run5,1,52,171.2257,11.6193
run5,1,53,162.8599,8.0995
run5,1,54,154.4718,6.3396
run5,1,55,171.8815,9.5926
run5,1,56,151.2553,5.9447
run5,1,57,160.4219,7.4
run5,1,58,173.3271,16.8953
run5,1,59,139.0945,5.2412
run5,1,60,168.7647,9.0231
run5,1,61,171.8459,9.6486
run5,1,62,150.2052,5.8649
run5,1,63,142.2566,4.6329
run5,1,64,163.51,8.0553
run5,1,65,168.1017,9.0388
run5,1,66,163.4228,8.0553
run5,1,67,67.4653,0.24873
run5,1,68,173.32,12
run5,1,69,169.0874,10.3333
run5,1,70,171.5161,9.9474
run5,1,71,171.5457,11.0698
run5,1,72,132.9221,3.802
run5,1,73,172.2687,13.5027
run5,1,74,138.3576,4.1676
run5,1,75,142.1901,4.3077
run5,1,76,149.412,5.5106
run5,1,77,170.4511,9.4138
run5,1,78,170.8623,12.6977
run5,1,79,169.0428,9.2105
run5,1,80,167.2982,8.9337
run5,1,81,171.7417,11.6154
run5,1,82,66.6592,1.717
run5,1,83,171.7565,10.6458
run5,1,84,128.5351,3.5574
run5,1,85,141.638,4.6667
run5,1,86,173.0686,9.6776
run5,1,87,170.8853,15.75
run5,1,88,167.4311,9
run5,1,89,42.6754,0.27684
run5,1,90,161.6871,7.7692
run5,1,91,170.7119,10.1461
run5,1,92,143.2176,5.0556
run5,1,93,141.6049,4.5622
run5,1,94,84.4665,1.8148
run5,1,95,141.2883,4.6404
run5,1,96,161.8549,7.9953
run5,1,97,172.7756,12.1412
run5,1,98,155.5839,7.3627
run5,1,99,146.8383,5.6916
run5,1,100,140.7518,4.4074
run5,1,101,149.3374,5.4783
run5,1,102,120.5045,3.0227
run5,1,103,173.4298,12.3846
run5,1,104,151.5443,6.6447
run5,1,105,166.0955,8.5556
run5,1,106,36.4182,-0.21649
run5,1,107,32.0528,0.069307
run5,1,108,172.1508,10.7234
run5,1,109,171.2623,10.1461
run5,1,110,65.7884,1.4444
run5,1,111,136.464,3.7016
run5,1,112,152.0413,6.3
run5,1,113,143.1633,4.9769
run5,1,114,136.3851,3.7358
run5,1,115,141.2861,4.9612
run5,1,116,104.6091,-2.3103
run5,1,117,146.2953,5.4018
run5,1,118,126.4621,3.4286
run5,1,119,114.9568,2.8824
run5,1,120,78.8275,-1.4615
run5,1,121,58.7958,1.3434
run5,1,122,151.6281,5.9552
run5,1,123,142.5564,4.7209
run5,1,124,171.3064,9.2826
run5,1,125,140.6308,4.1429
run5,1,126,48.3221,1.1667
run5,1,127,141.2367,4.8351
run5,1,128,107.8917,2.2055
run5,1,129,172.3773,11.3017
run5,1,130,55.5223,0.34842
run5,1,131,165.827,8.4737
run5,1,132,153.8502,7
run5,1,133,49.4142,0.91304
run5,1,134,173.5468,13.2963
run5,1,135,147.0581,5.4444
run5,1,136,142.0296,4.5127
run5,1,137,67.914,1.5631
run5,1,138,142.3812,4.0833
run5,1,139,140.1027,4.9208
run5,1,140,171.7945,9.8283
run5,1,141,171.2143,11.9189
run5,1,142,136.3424,3.9268
run5,1,143,153.5526,6.2391
run5,1,144,142.8533,4.0423
run5,1,145,142.5952,4.2
run5,1,146,163.423,8.4433
run5,1,147,140.6994,3.9892
run5,1,148,150.3854,5.8649
run5,1,149,138.3011,3.8539
run5,1,150,96.5333,2.1337
run5,1,151,142.1446,4.8351
run5,1,152,172.5684,11.2683
run5,1,153,150.4868,6.1566
run5,1,154,166.6862,8.6867
run5,1,155,99.8683,2.2356
run5,1,156,148.8608,5.5859
run5,1,157,131.3469,3.6019
run5,1,158,143.7265,5.1283
run5,1,159,167.1604,8.8717
run5,1,160,168.904,9.2581
run5,1,161,169.5662,10.9487
run5,1,162,170.9782,12.2239
run5,1,163,138.5655,4.9532
run5,1,164,172.1111,10.2642
run5,1,165,140.111,4.766
run5,1,166,174.2091,14.2121
run5,1,167,139.7892,4.2816
run5,1,168,157.7806,7.3825
run5,1,169,161.9313,8.0448
run5,1,170,160.3922,7.4046
run5,1,171,172.0863,12.2
run5,1,172,172.8781,13.6038
run5,1,173,168.6204,9.7072
run5,1,174,170.0441,12.4974
run5,1,175,163.4897,8.0881
run5,1,176,170.8247,9.8
run5,1,177,171.6307,15.0606
run5,1,178,139.8843,4.8125
run5,1,179,157.5796,7.359
run5,1,180,153.7629,7
run5,1,181,166.6806,8.6667
run5,1,182,153.5308,7
run5,1,183,144.5493,5.427
run5,1,184,171.1759,9.4873
run5,1,185,153.6801,7
run5,1,186,170.0046,10.369
run5,1,187,170.3063,10.8693
run5,1,188,170.8949,9.9697
run5,1,189,163.5227,8.4
run5,1,190,161.9468,7.7447
run5,1,191,173.4628,15.4971
run5,1,192,161.6295,8.5556
run5,1,193,141.4111,4.4346
run5,1,194,172.961,11.5161
run5,1,195,92.2252,2.1337
run5,1,196,173.0378,12.8011
run5,1,197,156.789,7.4142
run5,1,198,171.0655,10.6416
run5,1,199,138.5449,4.1429
run5,1,200,158.0234,7.6931
