run1,0,1,125.3252,2.0273
run1,0,2,171.6167,12.6757
run1,0,3,145.8161,8.123
run1,0,4,150.4559,7.3955
run1,0,5,80.9622,1.6784
run1,0,6,172.077,11.3503
run1,0,7,163.6364,11.4
run1,0,8,114.9959,2.3892
run1,0,9,152.0085,7.875
run1,0,10,165.365,12
run1,0,11,110.4711,3.2275
run1,0,12,161.4296,8.5217
run1,0,13,94.082,2.2356
run1,0,14,149.7034,6.6447
run1,0,15,130.8591,4.2928
run1,0,16,170.4333,11.4
run1,0,17,147.6989,8.0244
run1,0,18,101.0023,2.7143
run1,0,19,159.9703,9.1
run1,0,20,58.6131,0.89744
run1,0,21,124.3225,4.1676
run1,0,22,157.8856,8.1602
run1,0,23,70.188,1.7761
run1,0,24,56.0074,-0.93814
run1,0,25,160.6317,8.0145
run1,0,26,69.7044,1.3478
run1,0,27,172.2945,11.9727
run1,0,28,162.6701,14.6963
run1,0,29,101.5996,3.0104
run1,0,30,159.6755,8.0244
run1,0,31,134.6381,5.7425
run1,0,32,147.9763,7.3867
run1,0,33,166.5096,12.4404
run1,0,34,116.8538,3.7593
run1,0,35,155.1512,7.9417
run1,0,36,146.1882,7.3825
run1,0,37,138.512,6.2784
run1,0,38,124.6842,4.2928
run1,0,39,104.5225,3.2366
run1,0,40,170.9483,10.3333
run1,0,41,161.4669,9.9787
run1,0,42,134.4536,5.9655
run1,0,43,133.0123,5.5714
run1,0,44,51.5754,0.76963
run1,0,45,146.7315,6.2391
run1,0,46,127.3455,5.4783
run1,0,47,140.9725,6.6133
run1,0,48,131.6694,5.5106
run1,0,49,84.535,2.8
run1,0,50,156.9693,7.7527
run1,0,51,158.456,9.5389
run1,0,52,128.2369,5.9552
run1,0,53,153.4959,8.6279
run1,0,54,115.5128,4.2626
run1,0,55,75.0563,1.8588
run1,0,56,170.2189,15.6517
run1,0,57,161.4634,10.5196
run1,0,58,97.0297,2.9686
run1,0,59,132.9787,5.6792
run1,0,60,152.9266,8.4286
run1,0,61,129.4883,4.6555
run1,0,62,140.3126,6.3069
run1,0,63,164.2972,12.2601
run1,0,64,156.4079,9.6486
run1,0,65,160.7381,13.4286
run1,0,66,106.1805,3.3584
run1,0,67,171.292,12.1579
run1,0,68,161.1901,12.9574
run1,0,69,93.0448,3.1957
run1,0,70,136.7703,5.877
run1,0,71,139.545,7
run1,0,72,166.452,14.4038
run1,0,73,156.9071,15.9091
run1,0,74,128.1728,5.8136
run1,0,75,131.8754,5.934
run1,0,76,165.3641,12.4404
run1,0,77,153.6113,8.8135
run1,0,78,125.2596,5.8649
run1,0,79,129.1137,5.4444
run1,0,80,168.183,13.3636
run1,0,81,151.5712,8.8135
run1,0,82,116.7194,4.7419
run1,0,83,128.904,4.3797
run1,0,84,130.2977,5.9447
run1,0,85,145.981,7.7778
run1,0,86,149.8911,8.1475
run1,0,87,159.2752,8.7241
run1,0,88,164.3336,14.6303
run1,0,89,147.9163,8.4433
run1,0,90,131.2285,5.7861
run1,0,91,149.9238,7.7609
run1,0,92,64.399,1.6784
run1,0,93,146.8078,7.359
run1,0,94,161.8209,10.1658
run1,0,95,133.5766,6.6216
run1,0,96,132.6279,5.8268
run1,0,97,158.0471,9.5389
run1,0,98,128.9985,6.6257
run1,0,99,119.8946,4.4699
run1,0,100,167.5024,14.4118
run1,0,101,171.5632,14.1892
run1,0,102,122.6647,5.4783
run1,0,103,152.7759,8.5054
run1,0,104,107.5727,4.1134
run1,0,105,120.31,4.9
run1,0,106,159.8705,9.2581
run1,0,107,160.3419,15.342
run1,0,108,158.3339,19.4
run1,0,109,159.4789,11.1584
run1,0,110,160.7306,11.537
run1,0,111,142.0074,7
run1,0,112,162.9159,14.5385
run1,0,113,153.5494,18.6667
run1,0,114,159.1197,15.2796
run1,0,115,158.2777,16.7927
run1,0,116,121.3316,5.877
run1,0,117,166.2983,13.1538
run1,0,118,150.751,9.4873
run1,0,119,160.458,12.6757
run1,0,120,161.6572,12.8947
run1,0,121,139.8053,8.1475
run1,0,122,162.9963,12.1376
run1,0,123,160.8873,12.6322
run1,0,124,150.8175,8.3725
run1,0,125,163.8643,11.715
run1,0,126,157.3655,11.3541
run1,0,127,158.9922,12.6566
run1,0,128,146.1248,8.2883
run1,0,129,162.0121,18.2435
run1,0,130,159.6269,13.2304
run1,0,131,151.4907,9.7072
run1,0,132,129.0198,6.2391
run1,0,133,163.7675,10.3981
run1,0,134,115.5846,4.2816
run1,0,135,164.7959,14.2678
run1,0,136,158.6092,12.3846
run1,0,137,160.2373,11.1176
run1,0,138,150.5249,8.4583
run1,0,139,119.0554,4.9042
run1,0,140,168.6054,12.3261
run1,0,141,145.1125,7.4294
run1,0,142,163.7412,13.0406
run1,0,143,156.4203,10.0108
run1,0,144,159.4529,13.9307
run1,0,145,139.3981,7.8046
run1,0,146,168.4174,11.6193
run1,0,147,158.7093,12.0276
run1,0,148,152.8199,8.6588
run1,0,149,164.872,13.0215
run1,0,150,129.6856,6.6585
run1,0,151,158.0144,8.8717
run1,0,152,151.0333,9.5128
run1,0,153,91.8932,3.1957
run1,0,154,125.0823,5.7273
run1,0,155,137.5634,7.7143
run1,0,156,159.3497,9.6203
run1,0,157,123.8492,6.1667
run1,0,158,125.446,6.6257
run1,0,159,150.0353,7.814
run1,0,160,152.0992,8.5217
run1,0,161,167.4449,12.6
run1,0,162,160.0195,10.4426
run1,0,163,160.3464,11.9495
run1,0,164,159.5536,10.6458
run1,0,165,160.5226,12.8049
run1,0,166,160.2238,12.3261
run1,0,167,129.1924,6.1954
run1,0,168,162.4638,10.3333
run1,0,169,159.462,13.8627
run1,0,170,157.1977,9.9167
run1,0,171,158.1827,11.4872
run1,0,172,135.2293,6.6373
run1,0,173,167.9109,10.9326
run1,0,174,158.0613,16.8913
run1,0,175,146.3797,8.9811
run1,0,176,158.9576,14.2414
run1,0,177,154.1776,19.2599
run1,0,178,156.0714,14.2165
run1,0,179,159.9364,12.0838
run1,0,180,156.0037,9.3596
run1,0,181,119.1793,5.5417
run1,0,182,137.3021,6.6482
run1,0,183,105.7074,3.5946
run1,0,184,166.1639,15.2353
run1,0,185,153.5399,9.1875
run1,0,186,123.0813,6.1667
run1,0,187,65.9765,2.3333
run1,0,188,166.0816,13.1165
run1,0,189,126.7775,6.2553
run1,0,190,156.703,10.5593
run1,0,191,147.6378,9.1875
run1,0,192,136.8373,7.7071
run1,0,193,117.3502,5.9005
run1,0,194,160.1695,10.865
run1,0,195,155.3226,11.7644
run1,0,196,153.8196,9.9787
run1,0,197,156.3946,11.8515
run1,0,198,156.8564,10.5714
run1,0,199,151.8451,17.479
run1,0,200,143.1312,8.123
run1,0,201,159.4337,8.1111
run1,0,202,117.7561,4.4611
run1,0,203,165.7439,10.7561
run1,0,204,151.0523,16.1623
run1,0,205,147.9346,14.6963
run1,0,206,144.8,8.3592
run1,0,207,161.6754,12.7377
run1,0,208,149.0029,9.4138
run1,0,209,155.2859,11.6226
run1,0,210,148.873,8.5385
run1,0,211,158.2284,13.8205
run1,0,212,155.118,13.0406
run1,0,213,133.6807,7.3784
run1,0,214,86.0868,3.8182
run1,0,215,151.0544,8.2426
run1,0,216,126.2485,6.186
run1,0,217,98.4868,3.8539
run1,0,218,37.7491,1.7761
run1,0,219,139.1679,7.3483
run1,0,220,158.996,14.3684
run1,0,221,151.7634,11.023
run1,0,222,153.5864,13.1165
run1,0,223,147.4813,9.5128
run1,0,224,152.434,10.4807
run1,0,225,154.7863,16.5789
run1,0,226,134.1707,7.4242
run1,0,227,158.9072,9.6923
run1,0,228,110.1354,4.5377
run1,0,229,153.8704,18.3131
run1,0,230,152.179,11.4681
run1,0,231,151.496,11.5161
run1,0,232,154.2572,12.2764
run1,0,233,154.5643,12.9111
run1,0,234,151.5681,13.4878
run1,0,235,151.625,12.1579
run1,0,236,153.1581,17.2439
run1,0,237,148.5759,15.2353
run1,0,238,133.7412,7.3704
run1,0,239,72.5432,3.1692
run1,0,240,163.2677,9.9474
run1,0,241,143.1669,8.4286
run1,0,242,161.3812,14.037
run1,0,243,140.2001,8.0448
run1,0,244,160.5185,11.0314
run1,0,245,125.9992,7
run1,0,246,116.2704,5.934
run1,0,247,115.9349,5.2234
run1,0,248,161.9095,10.0769
run1,0,249,148.5207,9.5654
run1,0,250,151.2807,10.2308
run1,0,251,150.9016,11.8663
run1,0,252,133.8,7.7368
run1,0,253,151.0895,15.75
run1,0,254,111.0271,4.5862
run1,0,255,155.0245,15.1215
run1,0,256,147.9127,11.7191
run1,0,257,119.3748,6.2553
run1,0,258,156.6545,13.2376
run1,0,259,149.3831,13.5746
run1,0,260,119.7118,6.6
run1,0,261,158.0517,10.5196
run1,0,262,148.9787,9.8283
run1,0,263,145.3986,9.0588
run1,0,264,151.5221,10.3333
run1,0,265,127.5539,7.3955
run1,0,266,132.6073,7.3415
run1,0,267,148.9153,17.479
run1,0,268,147.7134,10.6082
run1,0,269,149.9377,11.3017
run1,0,270,132.672,7.3784
run1,0,271,157.7359,12.4404
run1,0,272,153.2903,10.3019
run1,0,273,149.6788,11.1176
run1,0,274,148.2877,13.7021
run1,0,275,149.9494,10.5593
run1,0,276,145.7308,9.6168
run1,0,277,119.148,6.6447
run1,0,278,127.4945,7
run1,0,279,115.1352,5.9655
run1,0,280,67.5662,2.3807
run1,0,281,111.3448,5.6792
run1,0,282,156.4486,10.7725
run1,0,283,105.9147,5.0663
run1,0,284,156.7876,9.234
run1,0,285,150.4692,12.9756
run1,0,286,150.9792,14.8652
run1,0,287,143.8681,8.2426
run1,0,288,153.5446,9.1212
run1,0,289,150.57,14.7
run1,0,290,147.6478,12.5152
run1,0,291,151.3026,11.7191
run1,0,292,147.0668,11.9495
run1,0,293,145.4437,8.0995
run1,0,294,128.815,6.2391
run1,0,295,155.271,11.1667
run1,0,296,120.5345,6.6517
run1,0,297,158.6409,12.6566
run1,0,298,117.6344,5.8525
run1,0,299,145.5392,8.0448
run1,0,300,151.9666,16.4595
run2,0,1,169.5299,9.8324
run2,0,2,131.2133,6.6257
run2,0,3,158.9554,12.3846
run2,0,4,142.266,8.9337
run2,0,5,118.5314,5.5567
run2,0,6,150.893,8.7588
run2,0,7,40.3339,0.08642
run2,0,8,94.7317,3.9231
run2,0,9,40.6015,1.7872
run2,0,10,161.209,11.2541
run2,0,11,94.5941,3.2722
run2,0,12,161.5573,11.6667
run2,0,13,80.7868,2.0811
run2,0,14,160.512,10.4314
run2,0,15,151.4353,9.8
run2,0,16,113.5791,4.5581
run2,0,17,158.194,13.8786
run2,0,18,144.5336,9.5301
run2,0,19,141.5064,8.7241
run2,0,20,87.8182,3.1111
run2,0,21,136.8605,7
run2,0,22,154.9361,10.3735
run2,0,23,126.0221,7
run2,0,24,146.6861,16.7576
run2,0,25,142.6131,9.5654
run2,0,26,108.3935,5.3412
run2,0,27,93.7732,3.7016
run2,0,28,58.397,2.3774
run2,0,29,119.2112,4.4611
run2,0,30,139.3886,6.6089
run2,0,31,150.34,9.1
run2,0,32,125.0048,7.3518
run2,0,33,68.0734,2.6983
run2,0,34,145.5314,7.7955
run2,0,35,128.3886,6.6517
run2,0,36,149.6969,9.5926
run2,0,37,139.4221,8.4433
run2,0,38,111.9067,4.2816
run2,0,39,106.8218,4.0526
run2,0,40,157.1396,15.2564
run2,0,41,118.254,5.8889
run2,0,42,131.7834,6.6482
run2,0,43,148.8041,16.4152
run2,0,44,35.5062,0.63636
run2,0,45,161.3892,11.6193
run2,0,46,147.3473,9.8
run2,0,47,146.5811,10.1034
run2,0,48,113.836,4.4611
run2,0,49,157.5552,9.0958
run2,0,50,145.7454,10.1818
run2,0,51,133.1844,8.5556
run2,0,52,90.6247,3.5686
run2,0,53,150.7459,8.066
run2,0,54,74.9763,2.2356
run2,0,55,157.8016,11.9
run2,0,56,142.4386,8.7949
run2,0,57,155.0104,12.8333
run2,0,58,151.4542,14.3684
run2,0,59,150.365,13.5746
run2,0,60,152.6578,14.9747
run2,0,61,112.9709,5.6139
run2,0,62,150.3209,10.9896
run2,0,63,58.4153,1.6154
run2,0,64,121.2632,6.2632
run2,0,65,152.9616,11.5161
run2,0,66,147.695,9.3864
run2,0,67,142.3939,8.3333
run2,0,68,154.7481,11.3017
run2,0,69,152.8044,13.7742
run2,0,70,126.7549,7.6731
run2,0,71,120.6982,7
run2,0,72,151.4796,10.1818
run2,0,73,147.4747,9.5654
run2,0,74,148.2766,13.2376
run2,0,75,151.4258,14.4757
run2,0,76,153.1139,13.4878
run2,0,77,107.6753,5.2587
run2,0,78,161.1162,12.3261
run2,0,79,121.2095,7
run2,0,80,133.9797,8.1475
run2,0,81,157.242,9.7072
run2,0,82,64.5444,0.57798
run2,0,83,161.1127,9.6203
run2,0,84,143.2522,9.2581
run2,0,85,141.4638,8.2
run2,0,86,156.0243,11.7573
run2,0,87,147.8858,13.8627
run2,0,88,133.9642,7.7527
run2,0,89,108.8582,5.3412
run2,0,90,143.5345,8.0995
run2,0,91,107.7086,5.2412
run2,0,92,157.0581,10.4653
run2,0,93,111.3802,5.8889
run2,0,94,73.2477,2.6497
run2,0,95,155.1218,8.8135
run2,0,96,154.2205,10.3019
run2,0,97,149.3353,12.7647
run2,0,98,116.5831,5.8525
run2,0,99,154.7694,10.0732
run2,0,100,141.761,8.8919
run2,0,101,165.3961,10.4426
run2,0,102,151.6075,13.6316
run2,0,103,153.1534,12.8333
run2,0,104,148.2113,10.9487
run2,0,105,150.0182,12.8621
run2,0,106,47.9751,1.5161
run2,0,107,139.7869,7.7
run2,0,108,150.2851,11.3017
run2,0,109,63.226,1.4444
run2,0,110,136.6176,7.3553
run2,0,111,148.4831,15.7978
run2,0,112,148.7069,13.5625
run2,0,113,140.589,8.7588
run2,0,114,149.3203,15.1915
run2,0,115,107.0405,5.5859
run2,0,116,157.3155,10.1034
run2,0,117,137.3798,8.6092
run2,0,118,117.1405,5.5263
run2,0,119,115.1588,6.2045
run2,0,120,124.4489,5.877
run2,0,121,127.1779,6.2632
run2,0,122,147.6331,8.0881
run2,0,123,156.2786,14.8571
run2,0,124,131.6142,7.3911
run2,0,125,146.3479,8.573
run2,0,126,153.9972,15.794
run2,0,127,130.4129,7.3784
run2,0,128,108.9236,5.3333
run2,0,129,153.9603,14.7778
run2,0,130,74.9708,2.7923
run2,0,131,88.7358,2.6701
run2,0,132,156.5385,10.7234
run2,0,133,105.9992,5.1675
run2,0,134,153.7901,9.6776
run2,0,135,152.2187,13.213
run2,0,136,151.5431,11.9
run2,0,137,151.563,13.4948
run2,0,138,146.8051,10.6458
run2,0,139,148.9196,11.7727
run2,0,140,115.1529,6.6482
run2,0,141,148.481,8.573
run2,0,142,156.6507,9.9032
run2,0,143,104.8073,5.3092
run2,0,144,157.69,15.6598
run2,0,145,147.4047,11.023
run2,0,146,139.9156,8.9126
run2,0,147,111.4962,6.2857
run2,0,148,150.2275,11.0741
run2,0,149,148.4776,15.8832
run2,0,150,151.6568,10.1461
run2,0,151,145.554,14.7778
run2,0,152,147.3625,13.7742
run2,0,153,148.0734,10.5714
run2,0,154,145.1188,14.2678
run2,0,155,148.6309,11.7644
run2,0,156,139.7518,8.7949
run2,0,157,151.9753,12.8333
run2,0,158,144.7959,11.4211
run2,0,159,141.397,8.1732
run2,0,160,148.5277,17.6987
run2,0,161,149.7288,12.9204
run2,0,162,131.9224,8.123
run2,0,163,152.513,8.5054
run2,0,164,75.057,2.1852
run2,0,165,156.7205,11.715
run2,0,166,149.8964,13.9231
run2,0,167,149.4362,12.2
run2,0,168,145.5989,9.1
run2,0,169,136.0941,8.1351
run2,0,170,155.5769,13.7308
run2,0,171,65.6715,2.6497
run2,0,172,151.2735,8.1475
run2,0,173,156.3672,12.8049
run2,0,174,151.2894,14.0707
run2,0,175,137.3934,8.4737
run2,0,176,157.0207,10.0108
run2,0,177,124.4509,7
run2,0,178,107.6366,5.5714
run2,0,179,154.6368,14.9459
run2,0,180,132.6207,7.7368
run2,0,181,156.1943,12
run2,0,182,127.3375,7
run2,0,183,128.4937,7.7368
run2,0,184,154.0204,11.9412
run2,0,185,148.5795,14.9459
run2,0,186,149.9107,14.1296
run2,0,187,145.4545,11.2
run2,0,188,146.8231,12.5056
run2,0,189,146.2268,12.5556
run2,0,190,142.0586,11.0777
run2,0,191,144.8783,12.3846
run2,0,192,149.7572,12.4404
run2,0,193,148.3648,9.8
run2,0,194,150.6364,10.4807
run2,0,195,147.4279,10.8182
run2,0,196,141.6437,11.9
run2,0,197,150.5744,14
run2,0,198,116.3986,7
run2,0,199,146.885,10.9896
run2,0,200,148.6122,12.8947
run2,0,201,164.4285,13.2376
run2,0,202,113.1597,6.6133
run2,0,203,159.7512,13.2222
run2,0,204,149.5727,13.8627
run2,0,205,137.505,8.0145
run2,0,206,155.5219,12.0838
run2,0,207,149.2847,13.7742
run2,0,208,150.4042,11.1176
run2,0,209,150.2522,13.7742
run2,0,210,146.5111,11.0314
run2,0,211,144.8256,11.4
run2,0,212,148.8089,14.931
run2,0,213,145.2033,9.4873
run2,0,214,148.5504,13.087
run2,0,215,135.7656,8.066
run2,0,216,152.7638,11.5652
run2,0,217,153.6987,15.0905
run2,0,218,106.4919,5.877
run2,0,219,127.5044,6.6335
run2,0,220,77.2144,2.8824
run2,0,221,157.8393,13.7742
run2,0,222,102.6372,4.2316
run2,0,223,155.7745,12.1579
run2,0,224,105.1464,4.4872
run2,0,225,148.4412,7.9417
run2,0,226,149.9502,10.3735
run2,0,227,112.3206,6.3137
run2,0,228,153.4975,10.2642
run2,0,229,148.8104,10.0435
run2,0,230,103.3765,5.1675
run2,0,231,158.774,12.2688
run2,0,232,155.4691,12.2764
run2,0,233,150.4075,13.7742
run2,0,234,118.9401,7
run2,0,235,149.9138,12.3846
run2,0,236,149.5281,12.3846
run2,0,237,149.7403,9.7451
run2,0,238,147.5308,10.0769
run2,0,239,148.8921,10.8043
run2,0,240,147.2799,13.1026
run2,0,241,146.6369,10.3333
run2,0,242,124.8697,7.7447
run2,0,243,154.2935,13.9307
run2,0,244,105.049,5.4946
run2,0,245,128.0848,7.3911
run2,0,246,151.9064,9.9167
run2,0,247,140.6548,8.7588
run2,0,248,150.6606,17.5587
run2,0,249,69.8152,2.7674
run2,0,250,157.5751,9.6203
run2,0,251,148.1753,12.2601
run2,0,252,151.5705,12.7233
run2,0,253,150.2514,13.2304
run2,0,254,103.3922,5.8649
run2,0,255,151.4768,11.3128
run2,0,256,147.7548,13.5625
run2,0,257,144.5179,11.2077
run2,0,258,145.2543,12.1579
run2,0,259,145.2721,8.5217
run2,0,260,149.5757,11.0741
run2,0,261,148.1374,12.7488
run2,0,262,149.4853,13.4286
run2,0,263,119.2357,7
run2,0,264,150.358,10.0769
run2,0,265,150.9785,13.9231
run2,0,266,148.01,10.2984
run2,0,267,146.4737,18.0891
run2,0,268,153.7653,11.3017
run2,0,269,150.2002,11.7727
run2,0,270,130.9407,7.6481
run2,0,271,155.477,12.0276
run2,0,272,144.4214,8.4286
run2,0,273,150.6776,11.1584
run2,0,274,147.4658,10.6082
run2,0,275,145.6431,9.4623
run2,0,276,142.7118,10.9326
run2,0,277,146.2499,11.5161
run2,0,278,148.0251,10.8693
run2,0,279,143.3762,9.1212
run2,0,280,145.094,10.2642
run2,0,281,135.1626,8.9337
run2,0,282,153.6964,15.2938
run2,0,283,141.2874,17.8889
run2,0,284,150.2058,9.7374
run2,0,285,150.713,12.6398
run2,0,286,125.4231,6.6216
run2,0,287,109.1855,5.6
run2,0,288,148.0302,8.4
run2,0,289,148.9826,8.2426
run2,0,290,150.1772,8.3861
run2,0,291,156.7997,12.4902
run2,0,292,112.1394,6.2391
run2,0,293,150.9424,9.2581
run2,0,294,145.4888,9.8
run2,0,295,151.0849,11.2
run2,0,296,112.5452,6.6552
run2,0,297,143.6369,8.3208
run2,0,298,154.1386,13.6038
run2,0,299,144.9894,11.2541
run2,0,300,152.4279,15.4
run3,0,1,161.6101,6.3
run3,0,2,164.1432,10.9326
run3,0,3,145.3196,8.0048
run3,0,4,146.8003,5.2412
run3,0,5,146.4316,6.5425
run3,0,6,116.1671,4.7419
run3,0,7,156.6529,9.6486
run3,0,8,143.5522,5.0874
run3,0,9,152.4754,7
run3,0,10,149.4031,9.3333
run3,0,11,101.8787,4.6667
run3,0,12,66.3882,-0.43017
run3,0,13,146.4303,7.7692
run3,0,14,147.174,8.1111
run3,0,15,172.4115,13.8293
run3,0,16,156.1364,5.5859
run3,0,17,136.3141,-1.1726
run3,0,18,166.9868,7
run3,0,19,146.9805,1.7312
run3,0,20,157.7993,9
run3,0,21,105.7222,5.4444
run3,0,22,121.8452,6.2391
run3,0,23,145.02,8.5217
run3,0,24,77.6945,2.4726
run3,0,25,129.7892,5.9005
run3,0,26,126.7233,7
run3,0,27,126.6048,7.3196
run3,0,28,39.8814,2.0505
run3,0,29,77.6755,2.8378
run3,0,30,125.4457,4.5127
run3,0,31,146.4572,8.0345
run3,0,32,149.3579,8.5556
run3,0,33,155.7202,9.5926
run3,0,34,63.3032,1.3243
run3,0,35,123.609,5.2927
run3,0,36,149.1317,7.6731
run3,0,37,107.9624,3.9565
run3,0,38,158.7907,11.8039
run3,0,39,109.1673,5.5859
run3,0,40,156.569,13.2963
run3,0,41,150.0673,12.8947
run3,0,42,144.6855,8.8325
run3,0,43,83.1242,3.5946
run3,0,44,161.6416,10.6082
run3,0,45,125.4044,7.6604
run3,0,46,150.9565,10.8043
run3,0,47,145.3927,9.4138
run3,0,48,150.128,13.4948
run3,0,49,112.4786,4.4872
run3,0,50,156.8378,14.2678
run3,0,51,148.7503,10.369
run3,0,52,139.5903,8.4433
run3,0,53,147.0181,7.7216
run3,0,54,156.2153,10.8043
run3,0,55,148.733,10.8693
run3,0,56,147.8938,11.1584
run3,0,57,99.9242,3.6265
run3,0,58,162.5584,9.9577
run3,0,59,148.9257,10.8693
run3,0,60,141.6323,8.7073
run3,0,61,105.2666,4.8788
run3,0,62,117.6514,5.6275
run3,0,63,155.8482,14.9381
run3,0,64,143.0259,17.5814
run3,0,65,150.9048,13.4286
run3,0,66,131.2827,8.0145
run3,0,67,147.097,9.1
run3,0,68,115.1827,5.5714
run3,0,69,133.2191,7.7955
run3,0,70,154.6195,18.3613
run3,0,71,115.999,6.1954
run3,0,72,133.398,7.3784
run3,0,73,131.9575,7.3627
run3,0,74,123.6721,7
run3,0,75,158.2357,11.3503
run3,0,76,139.7562,8.0881
run3,0,77,84.2725,2.8824
run3,0,78,159.9316,15.046
run3,0,79,111.4038,4.2316
run3,0,80,155.1316,14.2678
run3,0,81,140.0421,9.2826
run3,0,82,147.5114,14.4302
run3,0,83,148.6991,11.5161
run3,0,84,148.3364,14.1123
run3,0,85,118.3914,6.6133
run3,0,86,112.8419,4.8027
run3,0,87,152.8417,9.071
run3,0,88,59.3789,2.285
run3,0,89,126.8154,6.2857
run3,0,90,131.1423,7.7216
run3,0,91,156.4655,15.1053
run3,0,92,114.3046,4.8788
run3,0,93,159.8054,10.0435
run3,0,94,143.2584,9.2826
run3,0,95,153.5314,13.2963
run3,0,96,149.1714,10.8308
run3,0,97,97.317,3.9565
run3,0,98,149.0935,8.8519
run3,0,99,139.1029,8.2
run3,0,100,158.3363,14.1429
run3,0,101,135.9648,5.5263
run3,0,102,147.4972,9.1212
run3,0,103,153.3809,13.6316
run3,0,104,147.2057,10.2558
run3,0,105,140.4272,8.8919
run3,0,106,153.88,16.1
run3,0,107,131.9984,8.0145
run3,0,108,152.6541,12.8947
run3,0,109,120.5336,7
run3,0,110,145.5126,9.4138
run3,0,111,121.4221,6.6373
run3,0,112,76.6658,2.977
run3,0,113,89.1203,2.5789
run3,0,114,121.4884,4.8788
run3,0,115,65.0839,2.7923
run3,0,116,163.7078,12.6757
run3,0,117,152.0623,11.1622
run3,0,118,148.5487,14.3134
run3,0,119,152.7727,13.1404
run3,0,120,140.5673,8.9553
run3,0,121,126.4032,7
run3,0,122,154.5025,12.9574
run3,0,123,149.5702,11.1622
run3,0,124,136.6303,8.0145
run3,0,125,150.1452,8.4737
run3,0,126,157.8456,14.9459
run3,0,127,57.4175,1.9724
run3,0,128,156.7957,16.2857
run3,0,129,149.2604,10.2642
run3,0,130,105.0696,4.5127
run3,0,131,132.3924,6.3396
run3,0,132,146.5352,8.875
run3,0,133,129.5228,7.7216
run3,0,134,152.0065,10.2642
run3,0,135,149.3608,11.6667
run3,0,136,141.4888,8.6471
run3,0,137,156.0364,11.9189
run3,0,138,151.0606,10.2984
run3,0,139,150.8076,11.9296
run3,0,140,151.4974,12.4404
run3,0,141,108.2056,4.2928
run3,0,142,141.3727,7.3318
run3,0,143,147.9634,12.2688
run3,0,144,109.7103,4.5622
run3,0,145,90.7375,2.8065
run3,0,146,87.4141,2.7143
run3,0,147,114.5963,4.4074
run3,0,148,127.2035,5.5567
run3,0,149,154.8203,10.2308
run3,0,150,144.8288,10.5714
run3,0,151,145.8806,12.4404
run3,0,152,147.6131,14.4757
run3,0,153,145.296,10.9623
run3,0,154,110.9392,6.6175
run3,0,155,149.6972,8.3861
run3,0,156,151.8187,9.1429
run3,0,157,44.492,0.87097
run3,0,158,75.2879,1.3243
run3,0,159,161.147,10.2407
run3,0,160,144.7773,10.2308
run3,0,161,146.4479,11.2326
run3,0,162,109.2762,5.5417
run3,0,163,123.9052,6.5706
run3,0,164,104.068,4.5
run3,0,165,149.0902,9.2105
run3,0,166,155.2757,12.8621
run3,0,167,142.3805,8.5054
run3,0,168,159.4162,13.0215
run3,0,169,150.6426,13.3636
run3,0,170,150.6738,12.2688
run3,0,171,152.1065,11.9189
run3,0,172,148.4726,12.9574
run3,0,173,138.1822,8.8717
run3,0,174,143.7179,8.8919
run3,0,175,150.416,14.7064
run3,0,176,148.4091,13.4324
run3,0,177,122.5703,7
run3,0,178,93.7942,3.7692
run3,0,179,126.5645,6.6296
run3,0,180,125.5487,7
run3,0,181,149.3055,8.6667
run3,0,182,113.0026,4.7174
run3,0,183,133.5786,6.6682
run3,0,184,154.3039,13.6316
run3,0,185,137.4776,9.1
run3,0,186,146.5066,9.7374
run3,0,187,147.6522,11.4828
run3,0,188,145.1057,10.8462
run3,0,189,149.0263,11.7727
run3,0,190,148.3834,11.9189
run3,0,191,146.3528,11.4211
run3,0,192,128.4498,7.6796
run3,0,193,146.9257,9.0468
run3,0,194,103.0904,4.9769
run3,0,195,158.6184,13.5333
run3,0,196,128.4026,7.6604
run3,0,197,151.9449,13.4417
run3,0,198,150.7994,12.3846
run3,0,199,147.5057,13.186
run3,0,200,144.3681,19.7624
run3,0,201,140.8875,5.8649
run3,0,202,154.0581,11.6193
run3,0,203,151.0274,12.6
run3,0,204,146.7457,11
run3,0,205,146.157,9.5926
run3,0,206,145.2497,9.4138
run3,0,207,150.2084,9.8866
run3,0,208,150.3063,17.8556
run3,0,209,146.8332,11.3017
run3,0,210,146.7822,14.1892
run3,0,211,148.0941,10.5714
run3,0,212,122.3129,6.6045
run3,0,213,108.811,4.0213
run3,0,214,100.5351,3.9565
run3,0,215,150.4196,17.5376
run3,0,216,110.9462,5.9119
run3,0,217,152.9077,9.7684
run3,0,218,85.632,-2.5789
run3,0,219,123.4991,6.2045
run3,0,220,147.0084,9.1429
run3,0,221,143.5226,9.6923
run3,0,222,144.1283,8.4
run3,0,223,158.8204,10.2642
run3,0,224,146.0561,10.5196
run3,0,225,146.8506,12.2128
run3,0,226,131.832,7.6931
run3,0,227,126.3879,7.6796
run3,0,228,155.501,11.2077
run3,0,229,140.6349,9.1875
run3,0,230,146.547,11.8663
run3,0,231,150.3255,9.4378
run3,0,232,142.754,10.7725
run3,0,233,148.1571,12.6977
run3,0,234,150.145,11.023
run3,0,235,136.4385,8.6092
run3,0,236,126.9959,7.3448
run3,0,237,154.2831,12.8947
run3,0,238,147.076,9.9474
run3,0,239,149.1678,12.6
run3,0,240,152.4746,12.4974
run3,0,241,148.7191,10.0108
run3,0,242,149.488,15.8832
run3,0,243,152.6252,17.7143
run3,0,244,104.4073,5.1481
run3,0,245,158.9682,12.9799
run3,0,246,137.7568,8.6092
run3,0,247,103.0386,4.2626
run3,0,248,147.3283,8.9126
run3,0,249,136.5197,7.7692
run3,0,250,150.9531,14.5385
run3,0,251,140.3761,9.0588
run3,0,252,143.9773,9.5654
run3,0,253,150.7871,11.3017
run3,0,254,152.7817,10.0108
run3,0,255,152.0289,9.6776
run3,0,256,102.9932,4.3514
run3,0,257,160.4781,12.4338
run3,0,258,112.0123,5.7273
run3,0,259,151.0668,9.4419
run3,0,260,150.5558,11.5274
run3,0,261,110.2786,5.8649
run3,0,262,144.5965,9.234
run3,0,263,125.133,7.7692
run3,0,264,151.3824,11.9495
run3,0,265,146.3712,10.9326
run3,0,266,148.1954,13.1658
run3,0,267,106.4534,5.0874
run3,0,268,145.5466,8.1602
run3,0,269,156.8523,10.2184
run3,0,270,148.2383,12.5869
run3,0,271,152.6307,13.1765
run3,0,272,107.3717,5.8398
run3,0,273,130.5746,7
run3,0,274,131.5972,7
run3,0,275,107.6385,5.3721
run3,0,276,158.493,11.0741
run3,0,277,146.2479,11.6154
run3,0,278,147.8041,10.7234
run3,0,279,122.4254,7.3955
run3,0,280,151.6674,14.1123
run3,0,281,150.2634,17.2083
run3,0,282,133.8379,8.1732
run3,0,283,132.1252,7
run3,0,284,152.5439,15.1215
run3,0,285,149.489,13.4324
run3,0,286,148.6301,13.8786
run3,0,287,146.4498,10.6416
run3,0,288,146.3849,15.75
run3,0,289,149.2231,12.4974
run3,0,290,149.2712,13.7513
run3,0,291,55.4647,1.9724
run3,0,292,159.6658,12.6
run3,0,293,149.8122,9.5654
run3,0,294,149.255,12.1724
run3,0,295,116.8555,6.2135
run3,0,296,120.912,6.2308
run3,0,297,155.5872,13.4948
run3,0,298,148.0489,10.6082
run3,0,299,146.9578,12.283
run3,0,300,147.797,10.4529
run4,0,1,143.3378,4.2928
run4,0,2,66.9429,-0.36842
run4,0,3,131.7079,5.2412
run4,0,4,150.9604,8.7073
run4,0,5,140.6211,7.3743
run4,0,6,36.8438,1.0426
run4,0,7,135.6713,6.2391
run4,0,8,127.4714,5.4444
run4,0,9,148.8652,7.8537
run4,0,10,132.5091,6.1954
run4,0,11,134.5868,6.2391
run4,0,12,158.7553,11.7727
run4,0,13,154.3823,9.4378
run4,0,14,149.7162,10.2184
run4,0,15,118.3473,5.427
run4,0,16,55.7038,2.1337
run4,0,17,120.088,4.1717
run4,0,18,127.9995,4.7895
run4,0,19,118.6463,4.1345
run4,0,20,63.56,1.7399
run4,0,21,95.5348,3.7692
run4,0,22,160.0366,11.8387
run4,0,23,84.5755,1.6154
run4,0,24,162.0021,10.3735
run4,0,25,155.1381,12.7732
run4,0,26,51.8054,1.2857
run4,0,27,124.5307,5.0663
run4,0,28,125.9204,5.877
run4,0,29,156.0796,9.7723
run4,0,30,144.3313,8.9444
run4,0,31,43.4688,2.1337
run4,0,32,157.6217,9.5654
run4,0,33,139.8731,8.8135
run4,0,34,121.9498,5.9855
run4,0,35,121.4058,4.5377
run4,0,36,59.0962,1.2268
run4,0,37,129.8312,5.0874
run4,0,38,158.8548,11.0385
run4,0,39,49.3627,0.56757
run4,0,40,162.1953,9.7374
run4,0,41,138.9602,8.1732
run4,0,42,159.9613,11
run4,0,43,90.9517,3.5946
run4,0,44,157.6718,9.6776
run4,0,45,147.9362,14.3481
run4,0,46,154.3382,12.4404
run4,0,47,144.0172,8.417
run4,0,48,135.5464,7
run4,0,49,154.5513,10.1532
run4,0,50,121.1846,4.4872
run4,0,51,161.9491,11.6154
run4,0,52,131.6961,7
run4,0,53,157.5832,14.1892
run4,0,54,76.9642,-2.3814
run4,0,55,82.0574,2.4839
run4,0,56,136.0034,6.1026
run4,0,57,155.0054,16.0588
run4,0,58,152.3072,14.6963
run4,0,59,139.8608,8.0881
run4,0,60,122.707,3.9939
run4,0,61,159.1191,9.9577
run4,0,62,150.8181,11.4211
run4,0,63,133.4474,7
run4,0,64,156.418,15.5714
run4,0,65,157.7049,12.4902
run4,0,66,117.9208,6.6482
run4,0,67,158.8185,12.2601
run4,0,68,153.8227,11.4828
run4,0,69,146.4232,8.0881
run4,0,70,154.1352,9.234
run4,0,71,90.7864,3.4516
run4,0,72,150.7689,8.3333
run4,0,73,81.4151,2.0273
run4,0,74,162.1981,12.4369
run4,0,75,121.0805,5.4305
run4,0,76,148.7955,9.3333
run4,0,77,148.1288,10.8182
run4,0,78,119.4462,5.8889
run4,0,79,120.95,4.5862
run4,0,80,156.6766,8.573
run4,0,81,133.4451,7
run4,0,82,156.5194,11.7644
run4,0,83,49.5003,0.076923
run4,0,84,150.1236,8.0048
run4,0,85,137.215,7
run4,0,86,140.1427,7.7955
run4,0,87,152.7745,8.7949
run4,0,88,125.3645,7
run4,0,89,135.991,7.7447
run4,0,90,118.8815,4.9
run4,0,91,158.1972,13.5027
run4,0,92,132.0135,7.359
run4,0,93,153.8206,10.4807
run4,0,94,138.9692,8.0244
run4,0,95,118.6133,5
run4,0,96,163.9783,13.3
run4,0,97,154.4362,12.6566
run4,0,98,137.6533,7.7368
run4,0,99,153.7487,14.7778
run4,0,100,152.0879,17.7407
run4,0,101,149.3503,7
run4,0,102,148.6551,8.1475
run4,0,103,129.1327,6.2632
run4,0,104,138.4959,7.3318
run4,0,105,155.5412,14.5904
run4,0,106,156.2219,13.8786
run4,0,107,120.7148,4.7174
run4,0,108,160.373,10.1461
run4,0,109,147.3208,11.5161
run4,0,110,156.6165,13.0406
run4,0,111,135.4054,7.6604
run4,0,112,152.6,9.1429
run4,0,113,49.3612,0.77778
run4,0,114,122.3171,5.0447
run4,0,115,162.9001,12.6
run4,0,116,152.9321,14.9545
run4,0,117,145.3476,19.0118
run4,0,118,146.9032,9.5389
run4,0,119,152.1774,11.6108
run4,0,120,119.1827,6.2308
run4,0,121,133.7701,7
run4,0,122,94.1704,3.802
run4,0,123,154.2363,9.234
run4,0,124,150.9899,13.0406
run4,0,125,142.1016,9.1875
run4,0,126,153.5399,14.6
run4,0,127,115.5986,6.1566
run4,0,128,152.346,16.7468
run4,0,129,123.7113,6.6335
run4,0,130,155.0212,10.6416
run4,0,131,154.2935,13.1165
run4,0,132,150.8882,10.0732
run4,0,133,150.7598,14.9459
run4,0,134,155.2597,14.7778
run4,0,135,149.0468,10.5196
run4,0,136,122.6213,6.6373
run4,0,137,157.2212,10.4568
run4,0,138,144.8042,8.573
run4,0,139,153.6528,14.8652
run4,0,140,147.5371,10.9326
run4,0,141,121.3952,6.641
run4,0,142,149.3537,8.7949
run4,0,143,137.1853,7.4192
run4,0,144,154.6015,11.7573
run4,0,145,143.8232,8.9774
run4,0,146,151.1641,12.1376
run4,0,147,150.4907,9.5926
run4,0,148,114.7892,5.3721
run4,0,149,158.2716,10.0108
run4,0,150,153.9459,13.2963
run4,0,151,126.7126,7
run4,0,152,128.588,6.6552
run4,0,153,154.0086,16.4595
run4,0,154,127.7607,7
run4,0,155,31.1524,-0.31343
run4,0,156,154.204,9.071
run4,0,157,140.8796,8.066
run4,0,158,154.5797,8.2426
run4,0,159,138.1541,7
run4,0,160,153.1214,11.2723
run4,0,161,127.0102,6.6216
run4,0,162,157.1072,9.8
run4,0,163,145.2622,9.1875
run4,0,164,156.5435,12.8947
run4,0,165,145.9277,9.3671
run4,0,166,131.5605,7.7292
run4,0,167,155.687,11.5161
run4,0,168,152.5286,17.1031
run4,0,169,148.4447,10.0108
run4,0,170,140.5296,8.8519
run4,0,171,144.5714,8.066
run4,0,172,159.96,12.5556
run4,0,173,151.1069,13.1538
run4,0,174,143.8941,9.2791
run4,0,175,137.7559,8.1732
run4,0,176,157.6102,9.3333
run4,0,177,80.4022,3.0674
run4,0,178,157.8165,9.4419
run4,0,179,148.8842,17.1942
run4,0,180,149.4639,10.0435
run4,0,181,118.021,5.9552
run4,0,182,157.3797,12.1042
run4,0,183,150.6496,8.2139
run4,0,184,158.659,11.4828
run4,0,185,100.0581,3.7016
run4,0,186,157.8824,12.8011
run4,0,187,151.5671,12.4404
run4,0,188,147.0339,9.1649
run4,0,189,148.8149,10.6842
run4,0,190,151.2142,15.5714
run4,0,191,152.9566,10.9487
run4,0,192,45.7552,1.8
run4,0,193,143.1336,7
run4,0,194,128.865,7
run4,0,195,137.9527,7.6542
run4,0,196,154.6829,11.9
run4,0,197,114.8378,5.7719
run4,0,198,150.0606,9.071
run4,0,199,83.4251,3.1538
run4,0,200,86.686,2.625
run4,0,201,166.6408,10.8043
run4,0,202,148.2004,10.7634
run4,0,203,150.0077,9.9341
run4,0,204,150.8402,10.4426
run4,0,205,133.4936,7.7216
run4,0,206,150.737,9.3333
run4,0,207,146.4621,11.2
run4,0,208,148.6617,11.8148
run4,0,209,150.4894,9.5926
run4,0,210,148.8996,11.7644
run4,0,211,106.6809,4.9
run4,0,212,161.1305,11.0314
run4,0,213,147.8561,11
run4,0,214,108.6866,5.3133
run4,0,215,114.4686,5.1081
run4,0,216,152.7149,8.4141
run4,0,217,155.8323,10.8889
run4,0,218,103.5093,4.0526
run4,0,219,146.3369,8.0345
run4,0,220,152.3436,10.4426
run4,0,221,118.4535,6.2222
run4,0,222,138.8639,7
run4,0,223,151.2011,9.4378
run4,0,224,148.1906,11.0777
run4,0,225,151.0873,9.6203
run4,0,226,153.7777,12.6938
run4,0,227,144.1218,8.2727
run4,0,228,153.9807,12.6938
run4,0,229,149.946,11.3961
run4,0,230,83.7278,2.3846
run4,0,231,157.6779,5.0226
run4,0,232,160.0453,12.0602
run4,0,233,148.786,11.3299
run4,0,234,140.1293,8.2139
run4,0,235,114.2282,3.8966
run4,0,236,151.707,8.3208
run4,0,237,138.7938,7.7447
run4,0,238,156.7781,12.0239
run4,0,239,155.5237,12.1042
run4,0,240,148.1614,8.6588
run4,0,241,80.45,2.8824
run4,0,242,161.3065,11.9727
run4,0,243,136.9474,7.3665
run4,0,244,52.4415,2.4839
run4,0,245,150.1145,7.7216
run4,0,246,120.4548,6.2857
run4,0,247,139.4428,7
run4,0,248,153.7452,14.2414
run4,0,249,109.8551,5.1481
run4,0,250,157.1525,9.7723
run4,0,251,113.2839,4.8788
run4,0,252,113.7972,3.9565
run4,0,253,56.0876,-0.34807
run4,0,254,164.2357,11.4
run4,0,255,153.2714,11.9727
run4,0,256,121.1159,6.3458
run4,0,257,127.4432,5.9655
run4,0,258,149.7429,8.3333
run4,0,259,160.3984,12.7377
run4,0,260,154.6571,13.1165
run4,0,261,153.2432,12.122
run4,0,262,135.2769,7.7143
run4,0,263,114.7683,5.9005
run4,0,264,149.2924,18.2155
run4,0,265,150.6558,10.8693
run4,0,266,152.5165,12.9574
run4,0,267,153.7582,11.715
run4,0,268,128.5935,7.3518
run4,0,269,101.4729,-4.3131
run4,0,270,120.9273,4.6667
run4,0,271,160.2917,12.2239
run4,0,272,149.4751,9.8655
run4,0,273,94.5169,3.484
run4,0,274,160.1282,11.321
run4,0,275,83.6017,2.7831
run4,0,276,162.3497,11.6193
run4,0,277,146.1893,8.1602
run4,0,278,156.5176,11.2541
run4,0,279,85.9518,2.561
run4,0,280,162.9364,14
run4,0,281,143.5692,8.1475
run4,0,282,151.2818,8.5909
run4,0,283,136.6779,7.7
run4,0,284,117.3427,4.3797
run4,0,285,154.4325,18.4815
run4,0,286,149.9395,11.9189
run4,0,287,128.4498,7
run4,0,288,152.5345,11.4
run4,0,289,153.3591,12.0276
run4,0,290,151.8649,15.0328
run4,0,291,152.2883,12.3299
run4,0,292,155.8875,15.6517
run4,0,293,119.6173,4.9
run4,0,294,135.6925,6.6175
run4,0,295,154.3543,10.0732
run4,0,296,102.0678,4.0659
run4,0,297,159.5649,10.4426
run4,0,298,115.6812,5.9552
run4,0,299,126.4241,6.6296
run4,0,300,156.9429,15.1053
run5,0,1,169.6537,11.8837
run5,0,2,154.05,10.0732
run5,0,3,150.5761,13.648
run5,0,4,124.3377,6.1765
run5,0,5,121.619,6.5858
run5,0,6,143.9489,7.7955
run5,0,7,123.3854,4.3224
run5,0,8,157.1348,9.3671
run5,0,9,150.3628,10.2984
run5,0,10,51.8888,1.7664
run5,0,11,155.2535,8.573
run5,0,12,133.736,6.6296
run5,0,13,101.2941,3.6667
run5,0,14,136.8916,6.2045
run5,0,15,157.402,13.1026
run5,0,16,133.8133,6.2045
run5,0,17,90.5833,2.3333
run5,0,18,161.2111,11.5274
run5,0,19,132.6469,6.6373
run5,0,20,143.3164,8.0881
run5,0,21,157.7637,12.7377
run5,0,22,119.9741,4.6923
run5,0,23,116.5564,3.7358
run5,0,24,66.5243,2.625
run5,0,25,80.5532,1.8958
run5,0,26,160.979,14.2414
run5,0,27,110.2431,4.1429
run5,0,28,135.3868,6.1566
run5,0,29,106.3156,4.1345
run5,0,30,55.9752,0.35196
run5,0,31,140.3901,6.6175
run5,0,32,58.7047,-1.2353
run5,0,33,157.0319,9.234
run5,0,34,151.3833,10.1658
run5,0,35,150.4594,10.7634
run5,0,36,115.2255,5.2234
run5,0,37,160.5967,10.6416
run5,0,38,149.2788,9.0192
run5,0,39,152.9476,10.8693
run5,0,40,149.1889,11.0698
run5,0,41,155.658,13.9591
run5,0,42,114.4134,4.7174
run5,0,43,77.2217,-2.8824
run5,0,44,148.6657,7.359
run5,0,45,106.1969,4.3077
run5,0,46,162.1302,13.0694
run5,0,47,154.2641,11.5161
run5,0,48,92.6138,2.5319
run5,0,49,139.3078,7
run5,0,50,115.0283,5
run5,0,51,130.5173,6.3069
run5,0,52,119.1288,5.1865
run5,0,53,152.3463,9.0192
run5,0,54,145.2477,8.1602
run5,0,55,158.827,12.7143
run5,0,56,153.3361,14.6923
run5,0,57,126.0129,6.2473
run5,0,58,103.329,3.3584
run5,0,59,58.5268,2.1961
run5,0,60,149.8052,7.6731
run5,0,61,155.2692,11.4681
run5,0,62,150.2928,9.5926
run5,0,63,108.4976,4.4872
run5,0,64,156.4265,9.1649
run5,0,65,151.4899,12.0515
run5,0,66,140.9286,7.8333
run5,0,67,131.885,7
run5,0,68,137.4839,7.6931
run5,0,69,149.9406,9.0588
run5,0,70,150.735,9
run5,0,71,135.4987,7.4
run5,0,72,150.9526,8.3592
run5,0,73,159.4369,13.6667
run5,0,74,150.3543,9.6415
run5,0,75,131.3638,6.6744
run5,0,76,159.0207,16.4792
run5,0,77,101.0674,3.4407
run5,0,78,160.859,12.6
run5,0,79,155.8844,14.1892
run5,0,80,141.6737,9.2105
run5,0,81,149.6506,11.0314
run5,0,82,150.7363,16.3548
run5,0,83,135.2651,7.8235
run5,0,84,154.2402,14.5141
run5,0,85,150.6628,11.375
run5,0,86,154.208,13.4417
run5,0,87,152.7807,11.9189
run5,0,88,152.6793,14.7778
run5,0,89,151.5605,14
run5,0,90,153.1661,17.442
run5,0,91,152.0072,14.2165
run5,0,92,124.0397,6.6335
run5,0,93,152.4664,8.7413
run5,0,94,152.4015,16.6078
run5,0,95,133.6855,7
run5,0,96,99.0786,3.7692
run5,0,97,158.3157,11.0314
run5,0,98,129.2018,7.3553
run5,0,99,155.6174,12.9204
run5,0,100,150.0578,11.2723
run5,0,101,167.3164,12.3333
run5,0,102,105.1349,3.6019
run5,0,103,161.3567,10.2308
run5,0,104,144.9822,9.0192
run5,0,105,147.1106,18.6043
run5,0,106,152.7437,12.9574
run5,0,107,125.1004,5.5859
run5,0,108,158.7796,12.9799
run5,0,109,152.6722,16.9024
run5,0,110,62.5626,2.5319
run5,0,111,159.1443,10.5354
run5,0,112,110.4814,5.2234
run5,0,113,160.6169,15.4615
run5,0,114,151.832,9.5654
run5,0,115,134.7192,7.3743
run5,0,116,155.784,12.6
run5,0,117,154.1909,14
run5,0,118,144.2824,8.8717
run5,0,119,127.6216,6.6447
run5,0,120,154.7583,11.9189
run5,0,121,150.1274,9.0588
run5,0,122,130.4646,7.6604
run5,0,123,148.6199,8.2
run5,0,124,154.0544,15.6667
run5,0,125,153.4199,12.9799
run5,0,126,149.683,18.6667
run5,0,127,101.1566,3.5158
run5,0,128,160.8556,13.2963
run5,0,129,149.194,12.3333
run5,0,130,150.1365,11.9727
run5,0,131,148.3255,14.7778
run5,0,132,146.1215,14.7778
run5,0,133,128.6364,7.3518
run5,0,134,152.5439,16.8953
run5,0,135,150.0037,12.283
run5,0,136,146.4497,22.2174
run5,0,137,110.3978,5.877
run5,0,138,155.6666,10.5
run5,0,139,110.122,5.2759
run5,0,140,140.5869,7
run5,0,141,153.6708,11.3503
run5,0,142,103.1896,3.6667
run5,0,143,123.0393,4.9769
run5,0,144,155.3833,12.0725
run5,0,145,132.1342,7.4192
run5,0,146,153.5478,13.5746
run5,0,147,149.4472,10.8462
run5,0,148,142.8051,9.3077
run5,0,149,123.4311,6.6618
run5,0,150,159.4454,10.9086
run5,0,151,152.045,14.2917
run5,0,152,145.5994,9.7451
run5,0,153,151.3224,12.5556
run5,0,154,129.0346,6.2784
run5,0,155,138.8173,8.0448
run5,0,156,98.0651,0.57143
run5,0,157,124.0671,4.3514
run5,0,158,161.0039,12.9434
run5,0,159,152.3298,16.3902
run5,0,160,150.9367,14.6166
run5,0,161,145.0257,9.1429
run5,0,162,150.9678,16.6407
run5,0,163,137.9886,6.641
run5,0,164,122.3351,4.2277
run5,0,165,159.0197,8.9774
run5,0,166,142.4857,7.7
run5,0,167,154.4884,10.3981
run5,0,168,149.9276,16.7765
run5,0,169,148.6938,12.0838
run5,0,170,146.4594,8.6588
run5,0,171,154.3672,14.2414
run5,0,172,147.6911,10.369
run5,0,173,151.3839,16.4382
run5,0,174,151.3277,11.6667
run5,0,175,150.567,9.4873
run5,0,176,154.5783,17.442
run5,0,177,101.962,4.2247
run5,0,178,156.7643,9.9302
run5,0,179,155.3756,9.1875
run5,0,180,147.538,9.1212
run5,0,181,143.9469,9.4623
run5,0,182,148.8771,10.3019
run5,0,183,122.9435,6.6552
run5,0,184,155.0469,9.625
run5,0,185,151.8129,11.5652
run5,0,186,133.7008,4.4611
run5,0,187,161.8609,9.6168
run5,0,188,142.2054,7
run5,0,189,150.0287,7.3867
run5,0,190,100.1888,3.4646
run5,0,191,167.4419,16.1304
run5,0,192,151.7346,7.7368
run5,0,193,164.542,12.0838
run5,0,194,154.1458,12.9204
run5,0,195,141.839,5.3333
run5,0,196,125.5718,3.8889
run5,0,197,160.4568,12.6757
run5,0,198,148.2067,8.0448
run5,0,199,156.0331,10.0769
run5,0,200,150.6386,15.8421
run5,0,201,160.2623,7.4
run5,0,202,115.3068,2.9686
run5,0,203,154.2331,8.4433
run5,0,204,150.2939,8.0995
run5,0,205,156.0165,8.1602
run5,0,206,158.495,8.2963
run5,0,207,160.5103,8.123
run5,0,208,161.1645,11.4211
run5,0,209,138.9307,3.8182
run5,0,210,160.0156,8.4433
run5,0,211,161.5567,11.4681
run5,0,212,141.3544,4.7419
run5,0,213,166.9547,10.0769
run5,0,214,161.2602,7.9859
run5,0,215,158.1141,6.6335
run5,0,216,162.4617,10.2984
run5,0,217,166.4551,12
run5,0,218,166.3537,12.8333
run5,0,219,165.5421,13.3636
run5,0,220,162.7848,7
run5,0,221,168.6136,10.6416
run5,0,222,155.0665,8.1475
run5,0,223,164.5847,14.7
run5,0,224,156.6045,6.3069
run5,0,225,148.957,6.6216
run5,0,226,155.2653,8.1475
run5,0,227,152.5993,15.4541
run5,0,228,124.4637,4.375
run5,0,229,157.6145,9.9474
run5,0,230,73.1652,2.0811
run5,0,231,158.5266,9.6667
run5,0,232,127.2242,7.3784
run5,0,233,116.0949,4.8261
run5,0,234,125.2236,5.5714
run5,0,235,156.5847,12.3846
run5,0,236,150.942,10.6493
run5,0,237,130.7223,7.3955
run5,0,238,51.8598,2.1485
run5,0,239,157.2597,11.3541
run5,0,240,132.8757,7
run5,0,241,153.5283,10.3333
run5,0,242,108.8586,5.1865
run5,0,243,155.0113,8.7413
run5,0,244,157.055,13.9136
run5,0,245,121.4457,6.6216
run5,0,246,90.0504,2.9302
run5,0,247,128.4445,5.4615
run5,0,248,93.4419,3.8889
run5,0,249,156.9185,10.9896
run5,0,250,148.6772,10.4054
run5,0,251,148.3425,9.4623
run5,0,252,128.0125,7.3867
run5,0,253,150.8221,12.3333
run5,0,254,151.1182,9.8655
run5,0,255,150.6864,8.4141
run5,0,256,158.5984,11.9727
run5,0,257,128.0133,6.6045
run5,0,258,154.644,13.2376
run5,0,259,130.2524,6.6682
run5,0,260,95.544,3.4286
run5,0,261,157.9029,11.6226
run5,0,262,136.0439,7.6931
run5,0,263,155.707,13.7232
run5,0,264,148.5446,10.0435
run5,0,265,149.7964,10.3654
run5,0,266,150.7075,14.861
run5,0,267,149.4036,9.4623
run5,0,268,149.9949,11.5274
run5,0,269,116.7723,5.3092
run5,0,270,161.0319,12.6566
run5,0,271,147.9958,8.4737
run5,0,272,115.4091,5.5567
run5,0,273,158.6633,10.0108
run5,0,274,110.93,5.3908
run5,0,275,153.4659,14.7778
run5,0,276,148.0876,9.3333
run5,0,277,149.0246,13.7232
run5,0,278,140.8833,8.8519
run5,0,279,157.0078,12
run5,0,280,114.9092,4.3224
run5,0,281,156.343,14.5269
run5,0,282,146.6095,9.6667
run5,0,283,149.3251,10.9086
run5,0,284,130.6191,6.6482
run5,0,285,132.9667,6.641
run5,0,286,70.4335,0.42541
run5,0,287,160.8635,13.5625
run5,0,288,154.4374,12.8621
run5,0,289,155.3158,14.5141
run5,0,290,149.5313,11
run5,0,291,133.6475,7
run5,0,292,130.1177,6.2708
run5,0,293,138.5623,8.0995
run5,0,294,156.3294,12.2128
run5,0,295,152.3518,10.6842
run5,0,296,150.0074,10.4054
run5,0,297,154.6313,16.3333
run5,0,298,142.9975,7.6667
run5,0,299,154.1262,12.0602
run5,0,300,153.7149,13.9634
run1,1,1,137.8121,5.0447
run1,1,2,104.0073,4.7419
run1,1,3,144.9327,7.4046
run1,1,4,142.8273,8.5556
run1,1,5,80.7619,2.3333
run1,1,6,153.8915,16.3333
run1,1,7,152.2186,13.3636
run1,1,8,141.2109,8.9774
run1,1,9,136.8431,8.3907
run1,1,10,156.7472,12.8659
run1,1,11,139.6889,9.1649
run1,1,12,102.6433,5.1865
run1,1,13,159.7726,11.6154
run1,1,14,117.2217,6.2222
run1,1,15,153.7529,9.9787
run1,1,16,76.867,3.0227
run1,1,17,80.6112,2.9259
run1,1,18,161.7495,10.9326
run1,1,19,72.0762,3.1538
run1,1,20,131.6367,7
run1,1,21,102.6627,5
run1,1,22,36.1974,0.56322
run1,1,23,84.4355,3.1307
run1,1,24,143.3712,7.3704
run1,1,25,117.3345,6.641
run1,1,26,157.354,11.1667
run1,1,27,102.9936,4.4872
run1,1,28,155.2314,8.8135
run1,1,29,104.2182,5.2412
run1,1,30,32.3974,2.1724
run1,1,31,133.2263,7
run1,1,32,152.4622,11.9189
run1,1,33,67.2449,1.9761
run1,1,34,45.9785,2.2809
run1,1,35,79.9932,2.7923
run1,1,36,108.8358,5.1283
run1,1,37,72.8681,2.6497
run1,1,38,162.2237,13.0406
run1,1,39,140.8899,9.3223
run1,1,40,60.034,2.0505
run1,1,41,73.1459,2.9223
run1,1,42,96.7977,3.0104
run1,1,43,138.4565,7.3349
run1,1,44,101.8732,5.4091
run1,1,45,100.3921,4.2928
run1,1,46,162.2036,13.4878
run1,1,47,105.467,4.439
run1,1,48,155.2836,12.2764
run1,1,49,89.0427,3.7692
run1,1,50,105.9963,5.2927
run1,1,51,49.384,2.9686
run1,1,52,98.0091,3.9565
run1,1,53,71.6159,3.5
run1,1,54,104.7162,5.3568
run1,1,55,51.024,-2.7927
run1,1,56,123.2447,6.2632
run1,1,57,124.189,6.6133
run1,1,58,80.7127,3.4407
run1,1,59,118.1508,6.2222
run1,1,60,118.8965,-6.1515
run1,1,61,108.0174,4.2626
run1,1,62,76.745,1
run1,1,63,78.1269,1.8958
run1,1,64,100.9574,4.2277
run1,1,65,145.6891,7.9502
run1,1,66,119.0142,5.877
run1,1,67,102.6163,4.8571
run1,1,68,114.4245,5.4783
run1,1,69,111.1611,4.6404
run1,1,70,105.9608,5.0663
run1,1,71,118.1234,5.9005
run1,1,72,57.2914,-0.52688
run1,1,73,89.4852,3.4804
run1,1,74,17.182,1.1341
run1,1,75,95.9704,-4.3613
run1,1,76,105.5,5.2051
run1,1,77,32.9592,2.1337
run1,1,78,123.1143,5.8136
run1,1,79,60.8378,0.31658
run1,1,80,50.2439,1.4944
run1,1,81,142.731,7.3704
run1,1,82,37.528,1.9162
run1,1,83,104.5308,4.6923
run1,1,84,155.7218,14.2414
run1,1,85,92.6007,3.7358
run1,1,86,125.2053,6.2222
run1,1,87,148.5503,9.0231
run1,1,88,149.8992,11.7644
run1,1,89,153.8189,13.4286
run1,1,90,138.3207,8.7413
run1,1,91,144.2355,9.2826
run1,1,92,144.7857,9.7374
run1,1,93,139.2314,8.0995
run1,1,94,131.6505,6.6618
run1,1,95,127.4188,6.6
run1,1,96,150.293,11.2077
run1,1,97,46.0149,0.35196
run1,1,98,42.11,1
run1,1,99,151.2049,8.6432
run1,1,100,58.7024,-0.04142
run1,1,101,42.5579,0.63636
run1,1,102,129.6733,6.2784
run1,1,103,158.0989,12.8947
run1,1,104,62.9104,3.2366
run1,1,105,158.5161,11.2857
run1,1,106,107.1776,5.877
run1,1,107,119.6948,6.1954
run1,1,108,103.9578,4.0526
run1,1,109,119.4764,6.2391
run1,1,110,122.9566,5.9447
run1,1,111,130.0578,7
run1,1,112,73.8021,2.6
run1,1,113,143.2157,7.7865
run1,1,114,154.3595,10.6842
run1,1,115,134.2363,8.7413
run1,1,116,88.155,4.2
run1,1,117,157.5883,14.0707
run1,1,118,87.4351,3.6667
run1,1,119,158.5554,11.9727
run1,1,120,142.254,8.2
run1,1,121,151.2409,8.8135
run1,1,122,57.8608,-2.403
run1,1,123,160.0642,10.8043
run1,1,124,32.6948,-0.33333
run1,1,125,73.695,-2.6552
run1,1,126,90.8309,2.9686
run1,1,127,111.3432,4.9612
run1,1,128,161.4119,10.2642
run1,1,129,147.1292,10.5196
run1,1,130,146.2592,11.2683
run1,1,131,135.6629,8.0881
run1,1,132,140.2274,7.8235
run1,1,133,153.3124,11.1176
run1,1,134,119.4036,7.3448
run1,1,135,99.7553,5.2051
run1,1,136,36.2259,2.2273
run1,1,137,159.4492,10.9086
run1,1,138,140.0578,9.0588
run1,1,139,137.4412,9
run1,1,140,119.3515,7.3553
run1,1,141,135.5016,8.0881
run1,1,142,154.1794,13.6834
run1,1,143,112.5174,5.0663
run1,1,144,39.348,0.97849
run1,1,145,162.3124,10.0108
run1,1,146,147.5001,11.1622
run1,1,147,148.5363,11.6667
run1,1,148,117.9393,4.766
run1,1,149,118.4115,4.6923
run1,1,150,160.6201,11.5274
run1,1,151,108.1088,5.4946
run1,1,152,45.6373,1.7872
run1,1,153,133.6906,5.9756
run1,1,154,156.9992,11.0314
run1,1,155,141.1954,9.2826
run1,1,156,124.741,7.6667
run1,1,157,153.366,12.122
run1,1,158,114.1296,6.6175
run1,1,159,57.2832,0.39623
run1,1,160,158.9998,13.5625
run1,1,161,99.58,4.5862
run1,1,162,160.9738,11.6667
run1,1,163,97.2697,4.2549
run1,1,164,112.848,5.0874
run1,1,165,157.7492,12.8049
run1,1,166,125.1747,7.3483
run1,1,167,154.4155,10.5196
run1,1,168,145.6477,10.7561
run1,1,169,142.6532,9.2581
run1,1,170,140.4278,8.123
run1,1,171,148.1592,8.6667
run1,1,172,134.7084,7.3784
run1,1,173,147.7872,8.3861
run1,1,174,151.8106,8.4737
run1,1,175,158.4551,10.2642
run1,1,176,113.9105,5.934
run1,1,177,112.7962,4.9612
run1,1,178,88.6944,3.6667
run1,1,179,125.5662,6.6045
run1,1,180,124.5761,6.6133
run1,1,181,156.0035,10.2308
run1,1,182,129.0598,7.3382
run1,1,183,152.1848,12.9574
run1,1,184,148.4751,13.2376
run1,1,185,93.7282,5.0874
run1,1,186,158.5719,10.1034
run1,1,187,151.9363,13.4948
run1,1,188,149.2479,10.9773
run1,1,189,105.1657,6.1954
run1,1,190,143.96,8.1732
run1,1,191,104.5426,3.9892
run1,1,192,120.5094,6.2391
run1,1,193,116.9709,5.6
run1,1,194,147.9979,8.8919
run1,1,195,90.9167,3.7059
run1,1,196,70.1012,3.5
run1,1,197,147.1961,8.2844
run1,1,198,162.564,9.9167
run1,1,199,126.8334,7.3553
run1,1,200,138.2888,8.0553
run1,1,201,134.0995,5.6792
run1,1,202,138.2183,8.1351
run1,1,203,145.6143,8.0345
run1,1,204,114.7887,4.7895
run1,1,205,67.7596,1.6701
run1,1,206,130.3251,6.5706
run1,1,207,110.0328,4.5127
run1,1,208,162.8927,9.9787
run1,1,209,148.7715,10.6082
run1,1,210,149.0037,11
run1,1,211,64.5593,2.3846
run1,1,212,150.946,8.0553
run1,1,213,131.6952,7.3553
run1,1,214,153.4116,13.2441
run1,1,215,24.5234,1
run1,1,216,160.675,9.3596
run1,1,217,123.7745,7.7692
run1,1,218,54.7786,1.3023
run1,1,219,142.6797,7.3627
run1,1,220,157.8203,10.8043
run1,1,221,150.8793,12.6
run1,1,222,73.3274,2.7143
run1,1,223,163.329,10.5
run1,1,224,151.3371,14.2917
run1,1,225,150.083,11.4
run1,1,226,138.6971,8.9126
run1,1,227,141.7708,8.8919
run1,1,228,153.1967,12.5349
run1,1,229,149.2024,15.1915
run1,1,230,98.0192,4.2277
run1,1,231,156.6461,12
run1,1,232,77.6908,2.6701
run1,1,233,156.7912,15.4
run1,1,234,93.7666,3.5432
run1,1,235,9.5875,0.38308
run1,1,236,54.9994,2.3333
run1,1,237,160.3498,10.0732
run1,1,238,94.0983,3.5574
run1,1,239,158.0502,9.6203
run1,1,240,62.8353,1.7872
run1,1,241,161.4081,9.9167
run1,1,242,151.7296,12.2
run1,1,243,60.6608,0.56757
run1,1,244,140.6307,6.6585
run1,1,245,149.9404,9.8571
run1,1,246,91.2965,4.0526
run1,1,247,157.0089,10.7725
run1,1,248,56.7166,2.5319
run1,1,249,128.221,6.6618
run1,1,250,89.8471,3.8539
run1,1,251,156.0954,10.6082
run1,1,252,66.3023,2.6983
run1,1,253,103.7619,4.0526
run1,1,254,69.8958,2.8824
run1,1,255,137.7214,7
run1,1,256,147.4975,9.3077
run1,1,257,93.2755,3.7692
run1,1,258,37.5251,1.3602
run1,1,259,108.5359,4.7895
run1,1,260,158.929,16.1667
run1,1,261,79.1806,3.0513
run1,1,262,127.9799,5.8889
run1,1,263,154.7046,10.6458
run1,1,264,125.135,7.6481
run1,1,265,85.8479,3.5193
run1,1,266,76.8635,3.1538
run1,1,267,124.8639,6.0047
run1,1,268,117.5881,6.3137
run1,1,269,135.3396,7.7447
run1,1,270,144.8569,8.0448
run1,1,271,142.1196,9.1212
run1,1,272,150.5786,11.7191
run1,1,273,147.4818,10.5593
run1,1,274,93.8083,3.7016
run1,1,275,23.5043,1.4554
run1,1,276,106.9792,5.0226
run1,1,277,100.1276,4.0833
run1,1,278,157.0288,11.0314
run1,1,279,94.4087,3.789
run1,1,280,155.981,11.715
run1,1,281,65.2429,1.7872
run1,1,282,63.7823,2.9259
run1,1,283,116.1721,4.6404
run1,1,284,63.5367,-0.46193
run1,1,285,139.3633,7.3415
run1,1,286,57.6674,2.977
run1,1,287,75.7303,2.5172
run1,1,288,127.5956,6.2784
run1,1,289,60.7778,-0.070707
run1,1,290,126.6449,5.9655
run1,1,291,57.9516,1.7664
run1,1,292,152.4224,9.6923
run1,1,293,113.0519,6.2857
run1,1,294,154.6566,9.5225
run1,1,295,108.9674,6.2784
run1,1,296,78.2287,3.0748
run1,1,297,151.9526,8.5385
run1,1,298,93.8533,3.5574
run1,1,299,156.73,14.3684
run1,1,300,147.5212,9.9787
run2,1,1,157.5329,7.7865
run2,1,2,100.609,3.9231
run2,1,3,57.6139,-2.1
run2,1,4,70.0875,2.6701
run2,1,5,113.3116,4.5622
run2,1,6,161.8516,12.7647
run2,1,7,138.711,8.4894
run2,1,8,147.0749,9.1875
run2,1,9,151.0397,11.4509
run2,1,10,150.289,17.5
run2,1,11,116.271,6.3
run2,1,12,117.9745,6.5906
run2,1,13,143.3838,8.1475
run2,1,14,156.8956,9.8994
run2,1,15,104.7748,4.6923
run2,1,16,132.6497,6.6257
run2,1,17,156.8265,11.4681
run2,1,18,117.3207,6.2222
run2,1,19,130.3641,7.7143
run2,1,20,35.4861,-0.5
run2,1,21,127.8581,5.8136
run2,1,22,160.5471,13.4417
run2,1,23,153.2698,13.3636
run2,1,24,123.0611,7.7292
run2,1,25,151.6505,11.8039
run2,1,26,115.8127,6.2553
run2,1,27,144.0071,8.0769
run2,1,28,151.106,15.6517
run2,1,29,107.3554,4.6995
run2,1,30,64.2547,1.5631
run2,1,31,156.9762,10.1034
run2,1,32,117.0537,7
run2,1,33,117.256,6.6133
run2,1,34,114.0897,5.9231
run2,1,35,116.2093,6.2708
run2,1,36,149.768,10.7634
run2,1,37,141.7329,9.0792
run2,1,38,129.1733,8.0553
run2,1,39,46.7933,1.1951
run2,1,40,121.9051,4.8571
run2,1,41,132.4134,7
run2,1,42,130.6714,7.359
run2,1,43,146.9743,16.0323
run2,1,44,111.7397,5.9005
run2,1,45,117.7096,6.2553
run2,1,46,140.352,8.1475
run2,1,47,151.9895,9.234
run2,1,48,105.6183,3.9565
run2,1,49,115.4764,5.1081
run2,1,50,146.3079,9.0588
run2,1,51,63.4657,2.1852
run2,1,52,156.1874,12.4839
run2,1,53,148.7874,9.8324
run2,1,54,150.7692,9.8866
run2,1,55,148.0365,12.2128
run2,1,56,80.3941,3.087
run2,1,57,144.8854,7.7368
run2,1,58,69.644,2.5491
run2,1,59,120.1008,6.3
run2,1,60,110.1208,5.1865
run2,1,61,156.9982,12.0276
run2,1,62,108.4768,5.1283
run2,1,63,108.5814,4.9412
run2,1,64,136.1488,7.359
run2,1,65,142.0381,8.1732
run2,1,66,126.3194,4.6404
run2,1,67,156.3109,16.4231
run2,1,68,110.4442,5.8398
run2,1,69,149.7094,11.2857
run2,1,70,137.6748,8.5217
run2,1,71,94.0095,3.2366
run2,1,72,58.3983,0.22581
run2,1,73,153.5448,9.2581
run2,1,74,54.6662,1.3023
run2,1,75,155.7175,9.2581
run2,1,76,140.1721,8.7073
run2,1,77,97.3713,3.5686
run2,1,78,111.7188,4.0142
run2,1,79,35.5361,0.49727
run2,1,80,93.305,3.2802
run2,1,81,47.2722,0.35196
run2,1,82,77.4429,2.8378
run2,1,83,153.5875,8.9126
run2,1,84,96.3399,4.0213
run2,1,85,139.4174,7.3704
run2,1,86,128.6876,7
run2,1,87,112.0744,4.8125
run2,1,88,113.9834,5.1283
run2,1,89,141.2255,8.0244
run2,1,90,129.6621,7
run2,1,91,128.1818,7.3911
run2,1,92,128.8805,7.6731
run2,1,93,88.052,2.7831
run2,1,94,127.5529,6.1765
run2,1,95,135.9396,7.3415
run2,1,96,155.356,14.6087
run2,1,97,113.6001,7
run2,1,98,152.5268,10.615
run2,1,99,135.1469,8.5054
run2,1,100,153.4714,9.8324
run2,1,101,152.6599,7.3349
run2,1,102,132.914,7.9502
run2,1,103,109.1614,5.0226
run2,1,104,157.6158,9.8324
run2,1,105,117.5735,4.1717
run2,1,106,143.7753,7.3704
run2,1,107,119.2651,5.2716
run2,1,108,90.2466,3.3542
run2,1,109,143.6332,8.1602
run2,1,110,125.2344,6.2473
run2,1,111,123.4959,6.1358
run2,1,112,62.7871,1.0201
run2,1,113,152.1033,9.071
run2,1,114,114.8566,6.3137
run2,1,115,68.8871,1.7236
run2,1,116,154.246,9.5654
run2,1,117,110.9504,4.8351
run2,1,118,121.1178,6.2473
run2,1,119,148.8018,10.6458
run2,1,120,139.1072,8.8325
run2,1,121,49.0547,-1.3051
run2,1,122,157.8338,16.2593
run2,1,123,143.1621,9
run2,1,124,141.6765,9.7072
run2,1,125,116.8979,4.9532
run2,1,126,150.8523,8.8519
run2,1,127,82.6789,3.1957
run2,1,128,160.8615,12.0515
run2,1,129,119.6535,6.6089
run2,1,130,112.8403,5.4783
run2,1,131,158.424,11.3299
run2,1,132,150.6609,15.6096
run2,1,133,111.1017,4.4611
run2,1,134,131.2714,5.934
run2,1,135,145.3007,8.9337
run2,1,136,126.2872,7
run2,1,137,110.6336,5.0874
run2,1,138,159.5136,10.1461
run2,1,139,120.0961,7
run2,1,140,123.8919,7
run2,1,141,139.2524,7.6796
run2,1,142,44.0164,1.1989
run2,1,143,126.5083,6.2473
run2,1,144,58.0247,1.8958
run2,1,145,101.7773,-3.6522
run2,1,146,47.1625,1.6739
run2,1,147,158.679,17.6283
run2,1,148,103.7959,3.9565
run2,1,149,116.4564,5.427
run2,1,150,139.9513,8.0881
run2,1,151,103.7768,4.2
run2,1,152,113.0432,4.9612
run2,1,153,111.8543,-4.6667
run2,1,154,112.6707,3.8889
run2,1,155,86.7582,3.3158
run2,1,156,127.6909,6.2784
run2,1,157,124.657,6.6889
run2,1,158,149.2576,10.6842
run2,1,159,119.2244,7.3784
run2,1,160,133.8053,7.3349
run2,1,161,151.875,11.6154
run2,1,162,58.0025,0.7037
run2,1,163,119.7222,4.2
run2,1,164,154.7755,9.6486
run2,1,165,151.7693,13.1538
run2,1,166,42.0143,1.141
run2,1,167,155.9452,9.2791
run2,1,168,58.0078,0.8835
run2,1,169,132.109,6.2391
run2,1,170,142.1843,8.1351
run2,1,171,109.1596,4.4346
run2,1,172,93.8839,3.3158
run2,1,173,88.663,3.2766
run2,1,174,161.1541,9.9474
run2,1,175,147.8982,10.9623
run2,1,176,137.7486,8.1732
run2,1,177,111.5904,5.427
run2,1,178,113.6461,5.7156
run2,1,179,92.6031,3.5
run2,1,180,132.9419,6.2308
run2,1,181,109.8105,4.0526
run2,1,182,119.0385,5.8268
run2,1,183,132.3753,7.7292
run2,1,184,116.2547,6.3
run2,1,185,100.9585,3.7016
run2,1,186,130.5584,6.3204
run2,1,187,115.4691,5
run2,1,188,135.024,7.3784
run2,1,189,113.9833,5.6538
run2,1,190,155.4962,10.0435
run2,1,191,138.6886,8.3548
run2,1,192,114.2642,5.6139
run2,1,193,154.0395,11.2541
run2,1,194,105.6182,5.2927
run2,1,195,127.4738,6.6744
run2,1,196,158.39,10.2642
run2,1,197,140.8203,9
run2,1,198,121.0429,6.2708
run2,1,199,115.3294,5.8649
run2,1,200,127.8935,6.6335
run2,1,201,54.0243,1.0678
run2,1,202,105.0116,3.5193
run2,1,203,160.5192,11.5652
run2,1,204,155.0757,9.8324
run2,1,205,74.5699,2.3333
run2,1,206,115.2086,4.1345
run2,1,207,119.6334,5.8525
run2,1,208,152.5689,9.9787
run2,1,209,110.6315,4.766
run2,1,210,162.6216,12.8011
run2,1,211,125.1034,6.6
run2,1,212,135.7939,7.6931
run2,1,213,151.239,12.615
run2,1,214,149.6583,11.9
run2,1,215,136.4284,8.0244
run2,1,216,79.7948,2.8416
run2,1,217,142.8042,7.3553
run2,1,218,122.004,6.3519
run2,1,219,161.0108,13.5116
run2,1,220,148.4267,9.8
run2,1,221,60.4723,-1.2123
run2,1,222,118.0477,5.2759
run2,1,223,153.7326,8.7766
run2,1,224,52.7045,2.3333
run2,1,225,142.0047,7.3867
run2,1,226,125.4378,6.6257
run2,1,227,58.0808,0.91304
run2,1,228,145.819,7.3704
run2,1,229,113.6941,4.6136
run2,1,230,133.6465,7.3349
run2,1,231,66.2642,2.5491
run2,1,232,121.8065,4.8351
run2,1,233,129.0933,6.6618
run2,1,234,115.0003,5.3412
run2,1,235,19.7843,0
run2,1,236,161.2632,11.0741
run2,1,237,120.2253,6.1358
run2,1,238,134.0201,7.7609
run2,1,239,156.4495,10.1034
run2,1,240,108.1293,5.3529
run2,1,241,133.0913,6.3137
run2,1,242,154.9759,10.8462
run2,1,243,122.8245,7.814
run2,1,244,54.4935,1.0201
run2,1,245,119.7148,5.1283
run2,1,246,49.2846,1.8421
run2,1,247,139.8943,6.6
run2,1,248,110.1647,3.9856
run2,1,249,109.7005,4.1134
run2,1,250,158.7249,11.2077
run2,1,251,150.9181,11.6154
run2,1,252,103.7562,4.7419
run2,1,253,152.0776,9.0958
run2,1,254,109.8709,5.2412
run2,1,255,94.1756,3.7016
run2,1,256,38.161,1.6701
run2,1,257,149.749,8.5837
run2,1,258,121.0996,7
run2,1,259,151.4326,10.9487
run2,1,260,148.0589,12.5682
run2,1,261,38.8748,1.0796
run2,1,262,161.0069,9.5654
run2,1,263,58.0501,1.1667
run2,1,264,114.9028,5.3568
run2,1,265,119.5351,5.6
run2,1,266,105.1391,4.3224
run2,1,267,161.2413,12.615
run2,1,268,59.7371,-1.5185
run2,1,269,83.3354,-2.5939
run2,1,270,139.6008,7
run2,1,271,124.6576,5.7273
run2,1,272,108.5724,4.5862
run2,1,273,80.3852,2.0811
run2,1,274,112.6569,4.3797
run2,1,275,109.5257,3.8657
run2,1,276,159.2287,9.9474
run2,1,277,58.6721,0.76963
run2,1,278,112.9582,4.4312
run2,1,279,163.4101,13.2921
run2,1,280,119.9751,6.5652
run2,1,281,143.2488,8.1111
run2,1,282,155.4647,11.1176
run2,1,283,54.5436,0.27684
run2,1,284,114.0204,4.6667
run2,1,285,151.3066,7.7527
run2,1,286,131.829,7
run2,1,287,151.6071,10.198
run2,1,288,94.0347,5.0663
run2,1,289,101.3937,3.7358
run2,1,290,31.4297,1.0201
run2,1,291,153.3736,8.8135
run2,1,292,148.4765,9
run2,1,293,123.4308,6.6482
run2,1,294,68.4694,2
run2,1,295,160.7556,11.9
run2,1,296,150.2877,10.9326
run2,1,297,126.1054,7.3784
run2,1,298,155.9567,10.5714
run2,1,299,139.3296,8.8135
run2,1,300,104.1339,5.1081
run3,1,1,99.545,0.63636
run3,1,2,143.1452,7
run3,1,3,36.4743,1.1989
run3,1,4,128.2514,5.8268
run3,1,5,58.2781,-1.0606
run3,1,6,85.1286,3.3584
run3,1,7,161.3992,12
run3,1,8,67.6976,2.4438
run3,1,9,107.1871,3.9565
run3,1,10,158.3511,13.5116
run3,1,11,88.2494,3.6265
run3,1,12,106.5523,4.1006
run3,1,13,159.4125,13.1026
run3,1,14,118.1329,7.4
run3,1,15,69.0402,2.7143
run3,1,16,159.3174,15.8506
run3,1,17,146.2192,8.123
run3,1,18,152.564,13.8478
run3,1,19,107.0667,4.3514
run3,1,20,143.6053,7.3665
run3,1,21,151.4584,15.7027
run3,1,22,89.4956,3.5946
run3,1,23,120.7418,5.9655
run3,1,24,128.0088,6.6216
run3,1,25,109.6713,5.0226
run3,1,26,157.0198,11.9727
run3,1,27,114.1642,6.5858
run3,1,28,146.7462,9.1649
run3,1,29,65.8491,2.8
run3,1,30,68.7182,2.1337
run3,1,31,73.4277,2.8824
run3,1,32,127.6378,5.9552
run3,1,33,137.7823,7.7692
run3,1,34,48.9902,1.1053
run3,1,35,126.5636,6.1765
run3,1,36,93.3552,3.4286
run3,1,37,152.4327,14.5141
run3,1,38,138.6579,8.8135
run3,1,39,32.6271,1.7312
run3,1,40,144.3601,7.7692
run3,1,41,68.3068,2.6459
run3,1,42,134.9609,6.6517
run3,1,43,115.7853,5.2759
run3,1,44,111.4528,5.4946
run3,1,45,50.4255,1.9275
run3,1,46,156.8831,10.4054
run3,1,47,98.3548,3.8889
run3,1,48,112.9822,5.0874
run3,1,49,59.0889,2.9193
run3,1,50,160.8843,13.5882
run3,1,51,143.9524,10.8182
run3,1,52,47.0236,0.39623
run3,1,53,147.2845,7.3825
run3,1,54,108.2221,5.3721
run3,1,55,142.8166,7.9953
run3,1,56,153.7388,8.4737
run3,1,57,120.5883,6.1954
run3,1,58,124.6143,6.2553
run3,1,59,132.5091,7.7292
run3,1,60,119.4696,6.1566
run3,1,61,156.0533,10.2941
run3,1,62,142.3779,8.5217
run3,1,63,63.2658,1.8421
run3,1,64,138.2482,7
run3,1,65,104.7899,4.3514
run3,1,66,64.134,0.12139
run3,1,67,35.7825,-1.9362
run3,1,68,120.1294,5.7425
run3,1,69,106.3365,5.2278
run3,1,70,126.8284,7
run3,1,71,105.4017,4.651
run3,1,72,141.1601,7.3665
run3,1,73,18.8725,0.27684
run3,1,74,153.4171,8.7949
run3,1,75,25.6671,-0.5
run3,1,76,68.5923,2.5172
run3,1,77,113.3597,4.4872
run3,1,78,131.965,6.6552
run3,1,79,51.4492,-1.2564
run3,1,80,136.0765,6.3458
run3,1,81,107.5539,4.1493
run3,1,82,68.2673,-3.201
run3,1,83,28.2209,0.36842
run3,1,84,142.6611,7.3955
run3,1,85,35.1896,1.8624
run3,1,86,77.8889,3.5193
run3,1,87,11.1835,-0.52688
run3,1,88,160.4237,14.2678
run3,1,89,51.2452,2.6983
run3,1,90,74.3345,2.4271
run3,1,91,60.3341,-0.61658
run3,1,92,76.7351,1.8
run3,1,93,115.9935,5.3721
run3,1,94,105.3837,4.766
run3,1,95,113.2571,4.2626
run3,1,96,99.0245,3.7692
run3,1,97,83.9445,3.7016
run3,1,98,66.8558,3.2802
run3,1,99,108.8333,5.1081
run3,1,100,47.1375,2.3807
run3,1,101,89.2885,2.561
run3,1,102,120.0659,5.2927
run3,1,103,29.8643,1.8421
run3,1,104,63.1386,2.6983
run3,1,105,145.667,8.0145
run3,1,106,156.4572,11.5652
run3,1,107,101.1937,4.0833
run3,1,108,129.5397,6.5906
run3,1,109,113.6459,5.5263
run3,1,110,150.686,8.5556
run3,1,111,92.9479,3.4407
run3,1,112,158.8709,10.3333
run3,1,113,62.9972,2.285
run3,1,114,128.0436,6.2929
run3,1,115,139.3397,7.7216
run3,1,116,117.7611,4.7419
run3,1,117,79.9906,2.4348
run3,1,118,60.0112,1.4
run3,1,119,146.7218,7.7143
run3,1,120,88.5922,3.5946
run3,1,121,122.8469,5.9552
run3,1,122,60.924,1.9724
run3,1,123,134.7308,7
run3,1,124,20.397,-0.61658
run3,1,125,154.2619,9.4138
run3,1,126,111.3846,5.9231
run3,1,127,123.1017,7
run3,1,128,121.1381,6.2391
run3,1,129,81.2691,2.8824
run3,1,130,94.3997,3.2766
run3,1,131,55.3945,2.0505
run3,1,132,120.7094,4.6667
run3,1,133,128.4614,5.9119
run3,1,134,141.0224,7.8235
run3,1,135,101.4383,3.6019
run3,1,136,81.0969,3.5193
run3,1,137,139.8052,7.7216
run3,1,138,83.158,2.977
run3,1,139,150.688,7.7865
run3,1,140,120.4757,5.2927
run3,1,141,126.6159,6.1765
run3,1,142,147.0342,8.9626
run3,1,143,151.3267,10.8043
run3,1,144,151.2542,11.7191
run3,1,145,102.1246,3.7442
run3,1,146,127.6695,6.2135
run3,1,147,84.992,2.5046
run3,1,148,157.9113,9.8
run3,1,149,110.2557,4.7895
run3,1,150,69.9366,0.41176
run3,1,151,160.5536,9.6776
run3,1,152,139.4174,8.6667
run3,1,153,159.8769,10.2984
run3,1,154,148.7974,10.0435
run3,1,155,91.8495,-3.1031
run3,1,156,104.3886,3.802
run3,1,157,56.584,2.9686
run3,1,158,149.8192,7.7778
run3,1,159,113.7897,5.2234
run3,1,160,163.183,10.6842
run3,1,161,40.9713,0.71257
run3,1,162,134.7299,6.0047
run3,1,163,68.643,2.2809
run3,1,164,125.7262,4.5377
run3,1,165,147.8633,7.7143
run3,1,166,75.0268,-3
run3,1,167,128.027,6.2308
run3,1,168,137.7966,7.8235
run3,1,169,130.418,7
run3,1,170,56.1911,2.6983
run3,1,171,62.6305,0.24873
run3,1,172,151.3109,8.3333
run3,1,173,123.2894,5.6139
run3,1,174,75.8192,-2.5595
run3,1,175,126.7865,4.8351
run3,1,176,152.8016,8.1732
run3,1,177,65.507,0.29787
run3,1,178,103.3216,-4.3174
run3,1,179,162.5406,10.7561
run3,1,180,153.8981,13.0215
run3,1,181,63.6982,-2.1
run3,1,182,75.2961,-3.1111
run3,1,183,108.6452,3.6981
run3,1,184,116.7492,5.1675
run3,1,185,26.9638,1.6701
run3,1,186,90.3784,3.7016
run3,1,187,143.7875,7.7143
run3,1,188,52.8759,0.49727
run3,1,189,67.2265,0.7037
run3,1,190,130.3289,4.766
run3,1,191,117.4531,4.2626
run3,1,192,149.0469,7.7216
run3,1,193,116.6092,5.2587
run3,1,194,143.2306,7.814
run3,1,195,114.3503,5.0447
run3,1,196,158.7553,9.9787
run3,1,197,65.9301,1.4
run3,1,198,124.4998,5.4091
run3,1,199,160.2457,10.5593
run3,1,200,140.4845,8.123
run3,1,201,86.9847,2.2427
run3,1,202,134.847,7
run3,1,203,146.6292,9.3005
run3,1,204,133.4407,7.7692
run3,1,205,63.9232,0.80531
run3,1,206,161.9065,10.7278
run3,1,207,130.6074,7.6863
run3,1,208,82.961,2.5319
run3,1,209,120.6488,4.4872
run3,1,210,81.1467,2.7459
run3,1,211,142.3109,6.6517
run3,1,212,121.3908,5.1481
run3,1,213,22.5582,0.33333
run3,1,214,132.3644,5.9655
run3,1,215,55.3479,-0.93814
run3,1,216,64.7022,-0.26415
run3,1,217,161.031,9.5389
run3,1,218,139.5954,8.4433
run3,1,219,152.1512,8.4433
run3,1,220,156.0949,10.6082
run3,1,221,28.0549,-0.10145
run3,1,222,34.1909,1.3243
run3,1,223,160.3993,11.8276
run3,1,224,149.5315,10.2407
run3,1,225,55.8685,1.6667
run3,1,226,147.872,7.7778
run3,1,227,63.7775,1.9724
run3,1,228,125.0386,6.2045
run3,1,229,154.1446,10.0769
run3,1,230,125.403,5.9231
run3,1,231,94.0454,-3.2247
run3,1,232,146.2138,7.7692
run3,1,233,56.6236,1.7761
run3,1,234,151.23,8.3725
run3,1,235,156.4131,9.4706
run3,1,236,154.9229,10.7234
run3,1,237,102.2587,4.7209
run3,1,238,151.5324,8.0345
run3,1,239,105.487,3.7974
run3,1,240,133.3501,7
run3,1,241,151,9.7374
run3,1,242,125.6827,7
run3,1,243,63.2252,2.7459
run3,1,244,127.5271,4.6404
run3,1,245,128.2966,6.2308
run3,1,246,118.77,5.9119
run3,1,247,143.937,8.8919
run3,1,248,90.9611,3.9565
run3,1,249,138.6511,7.6731
run3,1,250,116.1717,4.7174
run3,1,251,86.3344,2.285
run3,1,252,152.1497,8.9553
run3,1,253,142.502,8.8325
run3,1,254,120.5212,7
run3,1,255,119.6988,5.4946
run3,1,256,157.3549,10.3333
run3,1,257,145.042,9.4623
run3,1,258,123.2163,5.934
run3,1,259,57.1451,-0.53846
run3,1,260,155.839,8.7588
run3,1,261,140.8421,8.2139
run3,1,262,154.5387,8.4141
run3,1,263,119.215,3.9892
run3,1,264,149.9018,8.7413
run3,1,265,142.2533,8.0553
run3,1,266,158.1132,9.9341
run3,1,267,138.6087,9.2581
run3,1,268,153.0184,10.1111
run3,1,269,108.9216,5.3254
run3,1,270,19.7146,-0.70335
run3,1,271,87.7986,2.4839
run3,1,272,157.2541,9.0792
run3,1,273,121.1204,6.6482
run3,1,274,149.0424,9.2581
run3,1,275,141.9701,8.4433
run3,1,276,153.465,8.0553
run3,1,277,136.5539,7.3784
run3,1,278,154.8828,11.4509
run3,1,279,146.2358,8.4894
run3,1,280,158.9609,14.1429
run3,1,281,150.0349,10.7725
run3,1,282,148.0886,9.7072
run3,1,283,151.6039,14.3684
run3,1,284,114.5051,5.0447
run3,1,285,134.5855,6.6482
run3,1,286,118.9366,5.6275
run3,1,287,157.1545,10.0435
run3,1,288,146.7543,9.4419
run3,1,289,138.4255,9.0388
run3,1,290,155.0751,11.3299
run3,1,291,150.4038,9.5926
run3,1,292,149.411,14.2678
run3,1,293,119.3537,6.641
run3,1,294,146.1462,9.0792
run3,1,295,152.866,10.0144
run3,1,296,122.2559,7
run3,1,297,153.0913,10.4807
run3,1,298,148.9272,15.0606
run3,1,299,108.1473,4.4074
run3,1,300,152.6623,8.4737
run4,1,1,148.2106,4.6995
run4,1,2,128.8415,5.877
run4,1,3,113.1895,4.6404
run4,1,4,162.5696,16.5455
run4,1,5,123.9669,5.9231
run4,1,6,128.1075,7
run4,1,7,153.6426,10.2308
run4,1,8,72.0802,-1.5556
run4,1,9,140.3301,7.3448
run4,1,10,144.22,8.5909
run4,1,11,50.8111,0.12139
run4,1,12,163.2385,12.6757
run4,1,13,58.0943,-0.86517
run4,1,14,123.2019,4.1429
run4,1,15,159.8588,15.01
run4,1,16,149.7861,10.6842
run4,1,17,143.1375,8.9337
run4,1,18,119.1771,7
run4,1,19,155.1962,15.1726
run4,1,20,155.753,13.1026
run4,1,21,151.7267,11.4828
run4,1,22,154.3866,11.6193
run4,1,23,132.2419,6.6175
run4,1,24,114.368,5.1865
run4,1,25,147.0992,7.7527
run4,1,26,118.085,5.0874
run4,1,27,159.1184,9.7374
run4,1,28,94.0018,3.4
run4,1,29,160.8338,11.0741
run4,1,30,129.9,7
run4,1,31,131.4141,6.6133
run4,1,32,80.6061,-2.1304
run4,1,33,161.1462,9.9787
run4,1,34,62.6554,1.1667
run4,1,35,134.6671,5.8889
run4,1,36,59.8071,-0.26776
run4,1,37,92.4686,3.6667
run4,1,38,160.9766,9.8655
run4,1,39,149.4062,12
run4,1,40,114.7985,5.5263
run4,1,41,154.1664,14.4468
run4,1,42,148.9435,10.1034
run4,1,43,119.7355,5.5106
run4,1,44,160.5592,13.129
run4,1,45,140.5768,7.7368
run4,1,46,153.5331,14.5796
run4,1,47,52.1734,1.4444
run4,1,48,150.8814,7.7778
run4,1,49,148.2199,8.5217
run4,1,50,154.4028,9.3445
run4,1,51,146.227,9.5301
run4,1,52,62.1173,0.63636
run4,1,53,122.0665,5.1481
run4,1,54,158.2952,10.6082
run4,1,55,153.8017,13.2874
run4,1,56,88.6966,3.5574
run4,1,57,160.5922,13.2376
run4,1,58,147.3822,8.5385
run4,1,59,153.0257,8.5909
run4,1,60,155.623,9.6486
run4,1,61,118.1187,6.2784
run4,1,62,69.8115,1.7312
run4,1,63,90.0242,3.5193
run4,1,64,95.5221,3.6667
run4,1,65,70.4346,3.0104
run4,1,66,136.8146,7
run4,1,67,154.4356,17.2339
run4,1,68,136.992,7.9953
run4,1,69,141.2318,7.3743
run4,1,70,157.0317,10.0769
run4,1,71,136.6791,8.2963
run4,1,72,158.8147,11.3017
run4,1,73,134.6941,7.359
run4,1,74,154.1357,11.8039
run4,1,75,152.5427,12.0838
run4,1,76,102.0852,2.9686
run4,1,77,153.7709,9.0792
run4,1,78,145.9923,9.3077
run4,1,79,141.962,8.0881
run4,1,80,122.2501,5.9231
run4,1,81,155.0368,10.8308
run4,1,82,147.5033,9.6776
run4,1,83,104.7591,3.4646
run4,1,84,69.0929,3.0674
run4,1,85,162.3783,11.8663
run4,1,86,149.0161,8.7073
run4,1,87,156.1443,12.2
run4,1,88,153.8797,9.8866
run4,1,89,127.1494,6.3
run4,1,90,156.4151,9.8571
run4,1,91,117.5239,4.766
run4,1,92,141.0532,7.3911
run4,1,93,90.674,3.6019
run4,1,94,161.7362,13.4368
run4,1,95,77.0658,1.5026
run4,1,96,124.2984,5.9231
run4,1,97,150.6074,9.4419
run4,1,98,143.5051,9.1649
run4,1,99,156.4468,11.7644
run4,1,100,125.621,6.6651
run4,1,101,133.8034,5.1675
run4,1,102,116.1493,5.3871
run4,1,103,153.3546,9.4378
run4,1,104,114.7166,5.5263
run4,1,105,145.6245,8.0553
run4,1,106,146.8897,8.2575
run4,1,107,131.7837,6.6482
run4,1,108,155.9673,9.7072
run4,1,109,127.7232,6.6045
run4,1,110,154.5499,11.375
run4,1,111,100.9539,3.1111
run4,1,112,147.0471,7.3553
run4,1,113,97.9058,3.631
run4,1,114,160.3334,9.5654
run4,1,115,80.5798,2.4726
run4,1,116,157.6887,10.9487
run4,1,117,151.5087,10.9326
run4,1,118,125.5153,7
run4,1,119,27.7085,-0.33333
run4,1,120,78.7806,2.561
run4,1,121,133.8527,5.9447
run4,1,122,128.9903,7
run4,1,123,127.6463,7
run4,1,124,111.5735,4.3797
run4,1,125,161.9175,10.2026
run4,1,126,68.5706,1.2727
run4,1,127,65.9047,1.0678
run4,1,128,152.124,7.9859
run4,1,129,65.5652,1.4944
run4,1,130,116.3495,4.5127
run4,1,131,163.1982,10.8043
run4,1,132,99.7169,3.8539
run4,1,133,144.599,7.6931
run4,1,134,158.9068,12.283
run4,1,135,144.1146,8.123
run4,1,136,132.0075,6.6585
run4,1,137,145.9607,9.2105
run4,1,138,144.0138,8.7949
run4,1,139,155.9761,11.6667
run4,1,140,119.5868,6.0141
run4,1,141,138.3672,7.3627
run4,1,142,116.6249,5.9952
run4,1,143,150.1993,8.3861
run4,1,144,148.58,7.3743
run4,1,145,156.2719,16.7765
run4,1,146,80.3053,3.1957
run4,1,147,142.8083,7
run4,1,148,146.6256,8.6867
run4,1,149,125.1826,6.6175
run4,1,150,143.4895,8.0553
run4,1,151,154.54,13.4948
run4,1,152,127.019,7
run4,1,153,132.4931,7.4046
run4,1,154,159.4586,12.9641
run4,1,155,129.8619,7.3955
run4,1,156,119.7839,5.8889
run4,1,157,131.3973,6.6089
run4,1,158,139.7659,7.4094
run4,1,159,157.3855,12.6757
run4,1,160,118.3696,4.9
run4,1,161,140.2377,7
run4,1,162,65.5924,2.8378
run4,1,163,156.1304,8.8717
run4,1,164,18.8007,0.36842
run4,1,165,137.6356,6.1566
run4,1,166,118.867,5.4946
run4,1,167,27.4057,1.4318
run4,1,168,160.5551,10.6842
run4,1,169,46.0652,1.3243
run4,1,170,160.3373,9.4138
run4,1,171,109.0861,5.2051
run4,1,172,151.6796,8.0553
run4,1,173,153.4922,9.4138
run4,1,174,71.42,1.5556
run4,1,175,118.8545,4.8571
run4,1,176,123.0118,5.5714
run4,1,177,154.3537,11.7191
run4,1,178,113.333,5.2234
run4,1,179,114.1156,4.8125
run4,1,180,77.7091,2
run4,1,181,161.8649,11.6667
run4,1,182,106.8716,5.1081
run4,1,183,57.812,1.9485
run4,1,184,75.6502,3.1307
run4,1,185,137.8539,6.2308
run4,1,186,140.591,7.3448
run4,1,187,136.7782,7.3553
run4,1,188,146.4429,8.8717
run4,1,189,152.4525,9.6776
run4,1,190,121.286,6.2135
run4,1,191,114.9825,4.5377
run4,1,192,71.459,1.1341
run4,1,193,120.2275,4.3333
run4,1,194,160.3133,13.1658
run4,1,195,144.6287,9.4706
run4,1,196,152.6398,13.1658
run4,1,197,48.6676,0.91304
run4,1,198,159.6522,14.3006
run4,1,199,145.7073,8.5054
run4,1,200,159.1835,10.1111
run4,1,201,168.4445,12.0838
run4,1,202,133.2656,7
run4,1,203,99.6705,4.0833
run4,1,204,140.4983,7.3955
run4,1,205,103.3238,4.1717
run4,1,206,96.5823,3.1957
run4,1,207,152.0191,7.6667
run4,1,208,141.9108,8.4286
run4,1,209,156.7262,15.1395
run4,1,210,70.3867,0.63636
run4,1,211,141.9946,6.6552
run4,1,212,120.2491,5.6275
run4,1,213,161.2383,12.3333
run4,1,214,152.9761,15.3051
run4,1,215,82.7588,2.3846
run4,1,216,160.3182,11.375
run4,1,217,150.2359,11.6226
run4,1,218,126.7514,6.2784
run4,1,219,144.2283,7.9859
run4,1,220,157.7123,10.1818
run4,1,221,147.2561,9.7723
run4,1,222,123.8467,5.9231
run4,1,223,118.3247,4.6136
run4,1,224,104.9356,2.8416
run4,1,225,129.8299,5.6667
run4,1,226,136.9237,6.641
run4,1,227,55.2426,0.036649
run4,1,228,157.5117,9.071
run4,1,229,47.3929,-1.0769
run4,1,230,129.7483,4.9412
run4,1,231,46.7313,-1.5556
run4,1,232,45.3046,1.4318
run4,1,233,80.3008,3.1307
run4,1,234,113.1536,4.0423
run4,1,235,68.1579,2.3333
run4,1,236,151.4421,8.0995
run4,1,237,153.5459,8.7073
run4,1,238,109.1102,4.4074
run4,1,239,78.2448,1.5631
run4,1,240,161.5934,10.1818
run4,1,241,148.4246,9.0588
run4,1,242,127.9347,7.3704
run4,1,243,94.2404,3.9231
run4,1,244,34.1153,0.63636
run4,1,245,120.0329,4.7419
run4,1,246,160.4217,11.9727
run4,1,247,149.076,9.071
run4,1,248,152.2837,17.2247
run4,1,249,114.3498,5.1865
run4,1,250,151.3631,8.1475
run4,1,251,154.618,9.5654
run4,1,252,65.3048,2.0505
run4,1,253,124.4036,6.0141
run4,1,254,115.0261,5.4615
run4,1,255,147.6028,7.8046
run4,1,256,154.306,11.8276
run4,1,257,127.3529,6.5808
run4,1,258,121.5761,5.6
run4,1,259,150.6928,9.4138
run4,1,260,141.9217,8.0995
run4,1,261,154.957,11.1667
run4,1,262,144.2199,9.234
run4,1,263,103.561,5.3721
run4,1,264,134.7004,6.6133
run4,1,265,154.4985,14.9381
run4,1,266,151.4878,15.9744
run4,1,267,87.5788,3.3158
run4,1,268,120.4326,5.5859
run4,1,269,159.4453,13.6667
run4,1,270,112.1615,4.8788
run4,1,271,161.0055,10.5714
run4,1,272,124.7602,6.5954
run4,1,273,86.8212,2.7923
run4,1,274,149.1539,7.3825
run4,1,275,127.6606,6.1954
run4,1,276,88.1459,3.3158
run4,1,277,157.0048,8.9774
run4,1,278,151.3133,17.7407
run4,1,279,133.4498,7.7292
run4,1,280,127.4968,4.6777
run4,1,281,125.5737,4.5862
run4,1,282,125.5254,5.934
run4,1,283,122.2377,5.9552
run4,1,284,135.1178,7.3627
run4,1,285,154.3807,10.6458
run4,1,286,104.8929,6.1463
run4,1,287,147.7273,8.573
run4,1,288,135.796,7.3825
run4,1,289,71.3014,3.2766
run4,1,290,109.3873,3.9892
run4,1,291,134.1364,6.6804
run4,1,292,152.3538,10.4653
run4,1,293,109.67,4.1134
run4,1,294,142.087,7.6796
run4,1,295,78.6828,2.7143
run4,1,296,152.1712,8.0345
run4,1,297,120.0662,4.6667
run4,1,298,159.756,9.7184
run4,1,299,115.3487,5.5417
run4,1,300,126.0241,5.5714
run5,1,1,159.7541,7
run5,1,2,125.1874,6.5858
run5,1,3,135.0972,7
run5,1,4,83.2291,3.631
run5,1,5,118.0444,5.6275
run5,1,6,129.8153,7.7368
run5,1,7,110.2727,4.8571
run5,1,8,161.8835,11.3299
run5,1,9,126.7413,7.3825
run5,1,10,128.4119,7.4348
run5,1,11,152.401,11.023
run5,1,12,110.5531,5.8136
run5,1,13,154.8244,9.625
run5,1,14,110.7631,3.4
run5,1,15,63.2289,0.15217
run5,1,16,89.0094,3.3584
run5,1,17,101.0275,4.1134
run5,1,18,63.9018,2.5172
run5,1,19,138.819,6.6335
run5,1,20,149.0533,8.4094
run5,1,21,107.203,3.6667
run5,1,22,84.4789,2.1
run5,1,23,55.8408,1.3062
run5,1,24,160.6321,10.9773
run5,1,25,101.7924,4.0213
run5,1,26,157.7582,11.2541
run5,1,27,145.353,8.9774
run5,1,28,57.3986,0.77778
run5,1,29,91.5458,2.7317
run5,1,30,161.7905,10.9487
run5,1,31,156.5365,13
run5,1,32,71.5237,1.0678
run5,1,33,161.5199,9.6667
run5,1,34,141.4923,6.186
run5,1,35,123.8953,5.8889
run5,1,36,147.9558,7
run5,1,37,125.7917,3.5574
run5,1,38,104.8581,2.3333
run5,1,39,145.6623,5.8
run5,1,40,150.9744,6.6618
run5,1,41,147.011,5.5263
run5,1,42,156.7245,7.3743
run5,1,43,102.0288,0.10881
run5,1,44,164.938,9.9787
run5,1,45,156.409,8.2
run5,1,46,139.4331,4.5862
run5,1,47,116.0832,2.3333
run5,1,48,100.2165,3.0914
run5,1,49,117.4694,4.5622
run5,1,50,125.5527,5.3721
run5,1,51,147.9047,7.6796
run5,1,52,122.6691,6.2632
run5,1,53,132.7303,6.3269
run5,1,54,162.6715,10.5354
run5,1,55,133.3379,-2.4152
run5,1,56,148.3067,5
run5,1,57,81.6979,0.48837
run5,1,58,166.8636,10.0732
run5,1,59,154.0157,9.3864
run5,1,60,138.6163,7
run5,1,61,93.3864,1.5556
run5,1,62,163.8729,9.9787
run5,1,63,152.4279,6.6089
run5,1,64,109.1267,3.3918
run5,1,65,142.5935,5.3333
run5,1,66,162.9739,8.3084
run5,1,67,155.9971,7.4142
run5,1,68,154.5969,8.9553
run5,1,69,157.2088,11.023
run5,1,70,110.6611,3.7692
run5,1,71,161.9688,10.1343
run5,1,72,127.5296,7
run5,1,73,157.3667,9.625
run5,1,74,151.3723,12.1042
run5,1,75,154.461,10.0108
run5,1,76,142.4187,8.6279
run5,1,77,129.4116,6.3578
run5,1,78,154.6142,16.3103
run5,1,79,126.2486,5.8268
run5,1,80,120.5477,5.5106
run5,1,81,160.5415,12.8947
run5,1,82,131.972,6.6482
run5,1,83,129.6697,7
run5,1,84,152.7396,14.9459
run5,1,85,137.9473,7.7368
run5,1,86,155.6584,9.5926
run5,1,87,88.2531,1.8421
run5,1,88,149.7297,7.7
run5,1,89,65.212,2.5491
run5,1,90,160.8451,9.9577
run5,1,91,104.5849,3.9231
run5,1,92,65.1494,2.4348
run5,1,93,158.426,9.3077
run5,1,94,146.5633,9.4873
run5,1,95,150.835,10.6842
run5,1,96,145.2532,9.2826
run5,1,97,93.1023,2.3333
run5,1,98,156.2993,14.5587
run5,1,99,113.7929,4.7895
run5,1,100,153.7567,8.7949
run5,1,101,166.7516,15.1395
run5,1,102,154.8032,9.8767
run5,1,103,150.0878,10.2184
run5,1,104,116.2062,5.7719
run5,1,105,119.1469,5.0447
run5,1,106,158.1876,15.1053
run5,1,107,140.3515,7.7
run5,1,108,156.5344,10.2184
run5,1,109,75.0711,2.2915
run5,1,110,158.7784,11.5562
run5,1,111,151.8386,10.8693
run5,1,112,115.4399,5.5417
run5,1,113,116.1803,4.9769
run5,1,114,158.9917,11.5274
run5,1,115,147.7314,8.1475
run5,1,116,155.7791,16.3064
run5,1,117,135.6456,7.3518
run5,1,118,121.7855,4.9612
run5,1,119,115.8271,4.5581
run5,1,120,161.5144,10.6416
run5,1,121,112.4311,3.9231
run5,1,122,162.0973,11.9412
run5,1,123,107.7,2.0273
run5,1,124,161.2721,11.6667
run5,1,125,150.247,9.1212
run5,1,126,158.9435,10.4426
run5,1,127,127.6317,3.802
run5,1,128,68.1921,2.9259
run5,1,129,141.8879,6.6216
run5,1,130,150.7237,8.123
run5,1,131,112.2231,1.3243
run5,1,132,105.449,2.1163
run5,1,133,144.5385,7.3867
run5,1,134,161.2057,13.5116
run5,1,135,153.3361,10.2558
run5,1,136,101.5291,2.5319
run5,1,137,145.7563,7.3167
run5,1,138,161.3127,11.2
run5,1,139,156.4034,8.1111
run5,1,140,154.9707,9.1875
run5,1,141,150.3928,17
run5,1,142,151.6263,10.4426
run5,1,143,153.1301,12.9574
run5,1,144,151.2581,15.75
run5,1,145,152.5918,18.3613
run5,1,146,129.6902,7
run5,1,147,110.5567,4.9532
run5,1,148,100.5294,3.1111
run5,1,149,162.9733,12.2128
run5,1,150,160.253,10.2308
run5,1,151,150.6597,7
run5,1,152,118.7141,4.2
run5,1,153,157.6332,9.2581
run5,1,154,144.3204,9.3077
run5,1,155,150.9237,10.9623
run5,1,156,152.9348,16.5939
run5,1,157,130.9622,7
run5,1,158,159.6248,12.8621
run5,1,159,151.5718,11.7573
run5,1,160,150.1299,8.3861
run5,1,161,166.5702,12.8947
run5,1,162,136.8936,6.6682
run5,1,163,145.3976,7.3448
run5,1,164,158.374,10.3921
run5,1,165,136.713,7.3448
run5,1,166,128.9398,6.6447
run5,1,167,150.9114,5.0556
run5,1,168,132.0115,6.6175
run5,1,169,156.0558,8.3725
run5,1,170,148.7427,5.5106
run5,1,171,132.3936,5.8525
run5,1,172,135.2017,3.8468
run5,1,173,159.5095,8.0048
run5,1,174,144.6577,6.6552
run5,1,175,160.4618,11.6667
run5,1,176,142.612,5.877
run5,1,177,150.477,8.6129
run5,1,178,156.645,16.7849
run5,1,179,92.3681,1.5596
run5,1,180,136.3569,6.3069
run5,1,181,80.6391,-0.33333
run5,1,182,162.6982,11.2
run5,1,183,127.54,7
run5,1,184,113.2631,3.7692
run5,1,185,151.9907,8.6092
run5,1,186,115.9268,4.1717
run5,1,187,126.0378,5.6667
run5,1,188,130.8505,7
run5,1,189,119.1797,5.5106
run5,1,190,95.7417,3.385
run5,1,191,159.7031,9.5301
run5,1,192,125.1008,6.6335
run5,1,193,158.3377,10.3333
run5,1,194,115.7523,5.4444
run5,1,195,159.2423,14
run5,1,196,150.9444,11.6193
run5,1,197,115.9171,4.8351
run5,1,198,163.7067,10.7634
run5,1,199,133.4439,0.48837
run5,1,200,152.6236,6.2222
run5,1,201,165.9187,6.6296
run5,1,202,163.1543,5.1081
run5,1,203,148.3957,5.5567
run5,1,204,128.6287,4.2549
run5,1,205,65.2529,-2.2593
run5,1,206,157.1995,6.6373
run5,1,207,135.8825,3.2069
run5,1,208,166.7435,10.211
run5,1,209,142.8546,1.0426
run5,1,210,144.5515,4.8788
run5,1,211,102.7143,0.040936
run5,1,212,163.9303,10.9896
run5,1,213,149.4781,7.3448
run5,1,214,158.0855,7.359
run5,1,215,161.4967,8.2
run5,1,216,143.1473,3.3158
run5,1,217,104.8835,3.3507
run5,1,218,152.1827,7.7865
run5,1,219,153.5319,5.5106
run5,1,220,133.9781,6.5858
run5,1,221,122.1628,2.9259
run5,1,222,142.8539,5.9552
run5,1,223,124.1814,4.2
run5,1,224,160.9438,11.5652
run5,1,225,120.9339,4.2816
run5,1,226,129.1867,5.8889
run5,1,227,110.3253,4.1717
run5,1,228,117.3035,3.3507
run5,1,229,159.0105,8.4583
run5,1,230,157.3333,11.6667
run5,1,231,106.3073,2.4271
run5,1,232,111.9396,5.0447
run5,1,233,149.5157,8.0448
run5,1,234,150.4401,9
run5,1,235,154.1962,14.1123
run5,1,236,112.3274,4.6777
run5,1,237,89.6079,1.9275
run5,1,238,154.0421,8.573
run5,1,239,95.936,3.4804
run5,1,240,150.2113,7.8046
run5,1,241,109.6634,4.2626
run5,1,242,151.0835,8.1351
run5,1,243,151.0223,8.2575
run5,1,244,75.3336,0.71257
run5,1,245,162.7347,10.0769
run5,1,246,142.1175,7.7609
run5,1,247,117.4977,4.4611
run5,1,248,157.1499,10.9773
run5,1,249,125.4894,6.2708
run5,1,250,152.4036,8.5054
run5,1,251,127.307,5.1081
run5,1,252,84.5453,2.9873
run5,1,253,162.4383,11.1176
run5,1,254,133.8313,7.7216
run5,1,255,141.6024,7.7778
run5,1,256,151.9701,8.8135
run5,1,257,104.739,4.0526
run5,1,258,154.5943,14.5269
run5,1,259,126.0802,6.2553
run5,1,260,105.0136,3.7059
run5,1,261,157.8951,10.2984
run5,1,262,117.4356,5.6139
run5,1,263,142.428,7.7778
run5,1,264,74.7191,2.6701
run5,1,265,161.9786,13.8912
run5,1,266,109.8979,4.9808
run5,1,267,125.098,4.6404
run5,1,268,102.3847,2.7143
run5,1,269,125.8654,5.1865
run5,1,270,125.0805,5.7156
run5,1,271,154.616,10.2308
run5,1,272,99.2336,2.8824
run5,1,273,97.0789,1.2268
run5,1,274,164.0865,12.6757
run5,1,275,146.7943,8.7949
run5,1,276,154.4229,9.5389
run5,1,277,126.2809,5.9447
run5,1,278,127.8388,6.6447
run5,1,279,116.5087,5.1481
run5,1,280,88.032,2.8824
run5,1,281,69.999,-0.44681
run5,1,282,90.4549,2.7459
run5,1,283,121.6587,4.9
run5,1,284,159.9627,11.6667
run5,1,285,119.4966,5.5417
run5,1,286,63.9788,0.29787
run5,1,287,161.3959,10.0769
run5,1,288,154.983,9.9474
run5,1,289,144.3605,8.4737
run5,1,290,133.3813,7
run5,1,291,126.1987,6.2391
run5,1,292,117.1338,5.934
run5,1,293,84.8568,2.0811
run5,1,294,121.3123,5
run5,1,295,142.3418,7.3518
run5,1,296,114.1331,4.5581
run5,1,297,71.6599,0.8342
run5,1,298,149.3932,7.7292
run5,1,299,112.6432,3.7974
run5,1,300,71.3624,2.5046
