run1,0,1,171.8029,7
run1,0,2,149.3905,4.1006
run1,0,3,164.5337,6.6335
run1,0,4,149.4158,3.7016
run1,0,5,164.7991,7
run1,0,6,176.4421,12.8333
run1,0,7,111.598,2.0588
run1,0,8,161.5395,5.7273
run1,0,9,155.0216,5.2051
run1,0,10,174.833,9.2826
run1,0,11,169.9953,8.0769
run1,0,12,175.7073,11.9
run1,0,13,149.5366,4.1676
run1,0,14,143.4063,3.3158
run1,0,15,158.8159,5.3092
run1,0,16,168.5185,7.3911
run1,0,17,174.7443,10.4653
run1,0,18,168.3549,7.7143
run1,0,19,133.788,2.977
run1,0,20,177.6554,13.5217
run1,0,21,135.751,3.2069
run1,0,22,173.5819,8.3592
run1,0,23,173.9396,9.2826
run1,0,24,165.6674,7
run1,0,25,172.9411,8.7413
run1,0,26,134.4599,3.0914
run1,0,27,176.8367,11.9763
run1,0,28,164.0198,6.6482
run1,0,29,176.5176,10.198
run1,0,30,175.4123,12.2128
run1,0,31,160.8055,5.6792
run1,0,32,175.8171,12.7488
run1,0,33,175.4114,19.3116
run1,0,34,173.5077,10.0732
run1,0,35,174.8122,12.1042
run1,0,36,165.104,5.8
run1,0,37,175.5483,14.1123
run1,0,38,62.936,-0.070707
run1,0,39,176.5385,12.4974
run1,0,40,174.2825,11.4681
run1,0,41,153.3187,4.1717
run1,0,42,173.5666,8.4141
run1,0,43,173.6848,10.3333
run1,0,44,174.8438,10.6458
run1,0,45,174.6084,10.4426
run1,0,46,174.8977,11.6667
run1,0,47,141.8446,3.4804
run1,0,48,173.4995,8.8919
run1,0,49,174.4664,11.375
run1,0,50,175.3169,12.8011
run1,0,51,174.5532,13.0406
run1,0,52,166.7941,7
run1,0,53,175.2263,10.3735
run1,0,54,163.8609,5.5859
run1,0,55,175.4815,13.8
run1,0,56,170.3733,7.7778
run1,0,57,173.9219,8.8135
run1,0,58,171.2204,8.0769
run1,0,59,160.0416,4.5377
run1,0,60,176.2112,10.5593
run1,0,61,152.0161,4.0698
run1,0,62,168.5161,7
run1,0,63,175.5119,12.1852
run1,0,64,120.0438,-0.52688
run1,0,65,176.6335,11.8837
run1,0,66,170.8671,8.1111
run1,0,67,174.7134,11.715
run1,0,68,168.1483,7.359
run1,0,69,176.3327,19.4365
run1,0,70,153.9465,4.6098
run1,0,71,176.6003,16.8824
run1,0,72,160.0604,5.8649
run1,0,73,176.3405,14.7778
run1,0,74,165.7242,7
run1,0,75,175.8692,13.648
run1,0,76,173.8488,12.4338
run1,0,77,167.3033,7
run1,0,78,174.4977,8.8135
run1,0,79,174.1198,12.7082
run1,0,80,160.3436,5.4783
run1,0,81,170.1787,7.814
run1,0,82,159.0969,5.3721
run1,0,83,176.0423,14.549
run1,0,84,171.6602,8.8325
run1,0,85,171.3576,8.1475
run1,0,86,173.1845,8.7241
run1,0,87,174.2442,11.7115
run1,0,88,174.7537,13.6169
run1,0,89,164.7647,6.6257
run1,0,90,171.0774,7.7527
run1,0,91,174.7689,11.8387
run1,0,92,174.4102,10.3333
run1,0,93,174.8322,11.4144
run1,0,94,173.9159,9.6486
run1,0,95,174.646,14.6963
run1,0,96,173.8125,12.3846
run1,0,97,174.973,14.3134
run1,0,98,170.4118,8.1864
run1,0,99,167.291,7
run1,0,100,159.4958,5.1865
run1,0,101,176.1603,8.9553
run1,0,102,156.5658,4.5294
run1,0,103,177.5158,13.4324
run1,0,104,153.0815,4.8571
run1,0,105,174.9537,8.8919
run1,0,106,170.1054,7.7609
run1,0,107,165.9019,5.9655
run1,0,108,154.4657,4.1345
run1,0,109,176.54,12.9477
run1,0,110,163.1973,5.8649
run1,0,111,155.7802,4.5294
run1,0,112,177.0789,11.0385
run1,0,113,174.4412,10.5354
run1,0,114,109.1062,1.9007
run1,0,115,176.0614,16.0323
run1,0,116,173.1705,9.1875
run1,0,117,167.7421,7.4
run1,0,118,170.8585,7.7216
run1,0,119,174.1579,8.6867
run1,0,120,111.5767,2.1961
run1,0,121,95.7856,1.7872
run1,0,122,172.1378,7.6796
run1,0,123,175.0619,12.1042
run1,0,124,163.4764,6.1765
run1,0,125,88.6823,0.31658
run1,0,126,177.0946,10.2308
run1,0,127,175.0449,11.0741
run1,0,128,170.9134,8.1732
run1,0,129,163.8407,5.8398
run1,0,130,176.5043,14.5385
run1,0,131,172.127,8.5217
run1,0,132,172.4287,8.5217
run1,0,133,169.7863,8.0048
run1,0,134,175.4314,10.0702
run1,0,135,161.0766,5.7117
run1,0,136,175.3367,12.4369
run1,0,137,167.9106,7.3955
run1,0,138,176.2819,14.1591
run1,0,139,157.153,5.1865
run1,0,140,159.1431,4.1717
run1,0,141,175.9738,12.6757
run1,0,142,166.5795,7
run1,0,143,175.4856,12.615
run1,0,144,153.9212,4.2316
run1,0,145,169.2042,7
run1,0,146,176.4759,15.5185
run1,0,147,173.9877,11.3017
run1,0,148,173.6669,9.3333
run1,0,149,170.905,8.3725
run1,0,150,155.4184,4.2
run1,0,151,162.705,5.6
run1,0,152,165.5396,5.8889
run1,0,153,175.4259,10.9773
run1,0,154,175.2499,13.7513
run1,0,155,175.144,14.6879
run1,0,156,166.4704,7
run1,0,157,165.9732,6.6552
run1,0,158,176.4152,10.9252
run1,0,159,157.7449,5.2051
run1,0,160,176.4071,13.6834
run1,0,161,163.7614,6.6552
run1,0,162,173.4193,8.4737
run1,0,163,174.7899,9.9787
run1,0,164,95.5935,1.4318
run1,0,165,177.2588,10.8693
run1,0,166,175.3024,13.4324
run1,0,167,173.6189,10.5354
run1,0,168,174.2885,9.5926
run1,0,169,174.7465,12.6566
run1,0,170,166.9472,7
run1,0,171,155.5174,4.1717
run1,0,172,162.4718,5.3092
run1,0,173,169.5226,7.3825
run1,0,174,166.0884,6.6585
run1,0,175,176.4408,11.9412
run1,0,176,175.1677,14.8571
run1,0,177,175.6739,20.7037
run1,0,178,170.7853,8.4433
run1,0,179,170.257,7.875
run1,0,180,100.7471,1.9485
run1,0,181,176.5863,9.8571
run1,0,182,172.5547,8.9774
run1,0,183,170.9927,8.0145
run1,0,184,166.7992,6.2473
run1,0,185,176.0053,12.7732
run1,0,186,129.6438,2.8378
run1,0,187,177.0674,10.3654
run1,0,188,173.9922,9.1649
run1,0,189,80.4836,0.8835
run1,0,190,178.043,13.4324
run1,0,191,152.4568,5.0447
run1,0,192,177.2752,15.2123
run1,0,193,167.3916,7.4046
run1,0,194,166.1786,7
run1,0,195,177.3286,18.3408
run1,0,196,174.4461,10.9896
run1,0,197,166.3706,6.2045
run1,0,198,139.2607,-3
run1,0,199,176.9639,12.1724
run1,0,200,171.6731,8.4433
run2,0,1,93.3459,0.76238
run2,0,2,158.9862,4.5127
run2,0,3,161.2269,5.2716
run2,0,4,163.3958,5.9447
run2,0,5,175.7133,11.7297
run2,0,6,176.4873,16.4152
run2,0,7,165.2724,6.5425
run2,0,8,176.9365,9.6776
run2,0,9,169.8248,7.7955
run2,0,10,162.5459,-4.8868
run2,0,11,150.0543,3.6667
run2,0,12,155.139,4.4611
run2,0,13,176.0477,8.8717
run2,0,14,173.5289,8.7722
run2,0,15,168.1601,7
run2,0,16,173.1533,8.123
run2,0,17,169.0499,7.3955
run2,0,18,175.9576,10.3333
run2,0,19,175.0207,10.0435
run2,0,20,176.3967,18.5294
run2,0,21,175.0737,11.8148
run2,0,22,175.1215,9.9167
run2,0,23,174.6544,10.6
run2,0,24,165.878,7
run2,0,25,162.6392,5.2759
run2,0,26,171.8228,8.1602
run2,0,27,173.2124,8.6588
run2,0,28,175.7037,11.3299
run2,0,29,162.1221,5.5106
run2,0,30,176.7519,13.9634
run2,0,31,174.6473,10.9896
run2,0,32,176.1062,16.1623
run2,0,33,174.2262,10.1461
run2,0,34,172.9159,8.6279
run2,0,35,174.9759,11.2541
run2,0,36,176.5581,15.5556
run2,0,37,158.9496,4.8125
run2,0,38,177.5527,10.1034
run2,0,39,174.2649,9.2581
run2,0,40,157.4863,5.1865
run2,0,41,158.0946,5.1481
run2,0,42,169.2487,7
run2,0,43,169.5011,7.3448
run2,0,44,175.7687,11.4681
run2,0,45,176.606,18.0112
run2,0,46,164.8756,6.2632
run2,0,47,174.9269,9.2172
run2,0,48,174.7275,10.6458
run2,0,49,173.4374,9.1875
run2,0,50,175.8194,14
run2,0,51,157.2949,4.8571
run2,0,52,177.3861,11.2541
run2,0,53,164.0245,6.2135
run2,0,54,167.9977,7.7143
run2,0,55,176.462,12.3261
run2,0,56,175.8116,14.3684
run2,0,57,137.9004,2.7143
run2,0,58,177.8345,15.1215
run2,0,59,175.4186,12.8947
run2,0,60,174.5413,11.9727
run2,0,61,175.0647,12.5682
run2,0,62,174.9746,12.5682
run2,0,63,175.2109,12.4974
run2,0,64,174.5218,10.0108
run2,0,65,169.174,8.0769
run2,0,66,176.4125,14.3134
run2,0,67,176.1402,15.4848
run2,0,68,175.3344,13.0694
run2,0,69,175.053,13.7742
run2,0,70,175.9804,15.8506
run2,0,71,174.6848,11.6667
run2,0,72,173.3546,8.9126
run2,0,73,167.4758,6.641
run2,0,74,175.2662,8.5695
run2,0,75,174.9857,10.1818
run2,0,76,176.2532,16.4975
run2,0,77,163.8929,5.9119
run2,0,78,175.0329,9.6168
run2,0,79,174.9341,11.7115
run2,0,80,169.7786,7.7778
run2,0,81,175.3421,10.3019
run2,0,82,175.4884,11.3128
run2,0,83,155.0926,4.2816
run2,0,84,176.0101,9.7684
run2,0,85,162.9233,5.9756
run2,0,86,165.256,6.6373
run2,0,87,171.1023,7.3382
run2,0,88,175.684,11.0741
run2,0,89,83.0343,0.42541
run2,0,90,177.4261,11.2077
run2,0,91,163.1891,5.9005
run2,0,92,175.3505,12.2601
run2,0,93,154.2622,4.6404
run2,0,94,177.6325,14.8698
run2,0,95,171.7361,8.3208
run2,0,96,176.0465,13.648
run2,0,97,171.9451,8.7766
run2,0,98,155.0226,4.7419
run2,0,99,177.3021,11.8663
run2,0,100,176.5306,14.7033
run2,0,101,177.5089,13.648
run2,0,102,176.3788,14.4302
run2,0,103,166.8711,7.3784
run2,0,104,168.7061,7.3743
run2,0,105,176.2715,13.4368
run2,0,106,138.1286,3.631
run2,0,107,177.7601,18.2264
run2,0,108,154.4803,4.9412
run2,0,109,177.0828,12.3333
run2,0,110,154.6106,4.5622
run2,0,111,164.0574,5.6
run2,0,112,155.467,4.1345
run2,0,113,176.218,10.4054
run2,0,114,175.4722,10.3333
run2,0,115,137.1435,2.9259
run2,0,116,177.5187,15.1915
run2,0,117,174.5633,9.6203
run2,0,118,168.7455,8.1864
run2,0,119,169.8601,8.066
run2,0,120,177.3296,19.6
run2,0,121,152.5528,4.3585
run2,0,122,172.7177,8.2613
run2,0,123,166.6604,6.2708
run2,0,124,176.3958,13.2874
run2,0,125,176.0103,15.3696
run2,0,126,165.6499,6.2473
run2,0,127,177.1686,11.6108
run2,0,128,173.8819,8.8919
run2,0,129,129.3094,2.679
run2,0,130,145.7935,3.5686
run2,0,131,170.5579,7
run2,0,132,177.187,17.678
run2,0,133,165.0269,6.6373
run2,0,134,163.4471,5.8
run2,0,135,176.1415,12.6977
run2,0,136,166.8647,7.3483
run2,0,137,172.8762,8.123
run2,0,138,175.5919,12.0515
run2,0,139,165.8289,6.2391
run2,0,140,174.7554,9.2105
run2,0,141,172.1292,8.4433
run2,0,142,171.4956,8.0769
run2,0,143,173.3538,8.7588
run2,0,144,174.4901,12.0838
run2,0,145,146.9799,4.1429
run2,0,146,164.7834,5.8649
run2,0,147,145.1236,3.3542
run2,0,148,174.3878,8.4894
run2,0,149,175.3479,11.9495
run2,0,150,163.8522,5.9005
run2,0,151,175.5666,10.8462
run2,0,152,173.0753,8.6667
run2,0,153,171.4909,8.1602
run2,0,154,151.3098,4.2316
run2,0,155,177.4434,14.2678
run2,0,156,174.2833,10.125
run2,0,157,165.5514,6.697
run2,0,158,136.0306,2.6497
run2,0,159,163.4141,5.5417
run2,0,160,175.4279,9.8
run2,0,161,136.8083,3.0104
run2,0,162,177.5943,14.2917
run2,0,163,175.0688,11.6667
run2,0,164,174.1076,9.1875
run2,0,165,173.8395,9.4138
run2,0,166,172.6176,9.1649
run2,0,167,140.6709,3.3542
run2,0,168,177.1666,12.6757
run2,0,169,174.126,10.2308
run2,0,170,174.1451,9.4623
run2,0,171,175.1717,11.2541
run2,0,172,167.4978,7.3382
run2,0,173,163.0427,5.5417
run2,0,174,175.75,10.6458
run2,0,175,162.217,5.934
run2,0,176,176.8586,14.4302
run2,0,177,172.0239,8.1602
run2,0,178,166.4371,6.3333
run2,0,179,175.6574,9.5926
run2,0,180,166.4579,6.6373
run2,0,181,117.2506,-1.1395
run2,0,182,174.1598,7.7447
run2,0,183,175.472,11.1667
run2,0,184,154.8248,4.1676
run2,0,185,174.0945,8.8519
run2,0,186,169.6612,8.0345
run2,0,187,134.0076,2.4971
run2,0,188,88.7356,0.44828
run2,0,189,177.1025,9.8571
run2,0,190,153.0341,4.9808
run2,0,191,177.1699,11.4
run2,0,192,158.6581,5.1081
run2,0,193,173.9647,8.6667
run2,0,194,110.6211,1.9724
run2,0,195,175.2556,8.9774
run2,0,196,155.8438,4.3514
run2,0,197,176.3621,9.8866
run2,0,198,170.347,8.0769
run2,0,199,156.0459,4.6923
run2,0,200,170.1871,7.3349
run3,0,1,166.4079,12.3333
run3,0,2,40.6684,0.38308
run3,0,3,149.5359,6.5758
run3,0,4,162.2024,9.8571
run3,0,5,161.9859,11.5161
run3,0,6,149.5733,6.6045
run3,0,7,130.9934,3.5686
run3,0,8,146.6918,5.3721
run3,0,9,149.8605,6.641
run3,0,10,166.7132,13.5746
run3,0,11,35.8581,1.2623
run3,0,12,161.2897,10.1343
run3,0,13,151.5908,6.2391
run3,0,14,138.9884,4.1134
run3,0,15,161.5349,10.2184
run3,0,16,140.6718,4.9412
run3,0,17,149.5761,6.6
run3,0,18,162.6465,10.8462
run3,0,19,142.5547,5.1081
run3,0,20,156.5103,8.6279
run3,0,21,156.2938,8.4286
run3,0,22,152.0528,6.1954
run3,0,23,53.4779,-0.59036
run3,0,24,166.7571,13.2921
run3,0,25,138.4229,4.7174
run3,0,26,141.8332,4.0833
run3,0,27,147.1212,5.4783
run3,0,28,157.2582,8.8325
run3,0,29,156.1212,8.4894
run3,0,30,74.8808,1.878
run3,0,31,159.1547,8.066
run3,0,32,165.7085,12.2
run3,0,33,168.4524,17.2162
run3,0,34,66.1232,-0.93814
run3,0,35,149.4783,6.6089
run3,0,36,30.4053,1.1989
run3,0,37,153.5212,7
run3,0,38,162.7379,10.8693
run3,0,39,150.4117,6.6175
run3,0,40,140.3125,4.0833
run3,0,41,114.1415,2.7143
run3,0,42,155.1414,8.4
run3,0,43,139.5635,4.8351
run3,0,44,147.0645,5.5263
run3,0,45,150.2186,6.6373
run3,0,46,152.2204,6.2632
run3,0,47,146.6267,5.5263
run3,0,48,162.52,10.4314
run3,0,49,163.0427,11.2424
run3,0,50,150.4096,6.6585
run3,0,51,149.7244,6.6257
run3,0,52,143.7069,4.3224
run3,0,53,139.5158,3.8966
run3,0,54,162.1368,9.9474
run3,0,55,70.062,-1.01
run3,0,56,165.5123,12.4974
run3,0,57,164.1628,12.2688
run3,0,58,63.9681,1.6667
run3,0,59,125.7339,3.3542
run3,0,60,151.9375,6.2632
run3,0,61,140.65,4.439
run3,0,62,58.2591,-0.86096
run3,0,63,110.8231,2.6
run3,0,64,161.7948,10.1818
run3,0,65,140.7225,4.6923
run3,0,66,167.7509,13.2222
run3,0,67,154.7375,7.7216
run3,0,68,162.3432,10.7234
run3,0,69,169.4163,15.4615
run3,0,70,100.6981,2.2885
run3,0,71,133.092,3.631
run3,0,72,161.0922,9.4138
run3,0,73,157.6121,8.9553
run3,0,74,153.4546,7
run3,0,75,156.9433,8.3084
run3,0,76,162.7504,10.7931
run3,0,77,166.6093,11.8148
run3,0,78,167.2954,14.3869
run3,0,79,143.9021,5.1081
run3,0,80,164.2138,11.3503
run3,0,81,148.8322,6.6447
run3,0,82,47.87,1.5631
run3,0,83,164.9982,12.2601
run3,0,84,161.6909,9.9032
run3,0,85,163.393,12.122
run3,0,86,145.5784,5.3529
run3,0,87,163.3146,10.9326
run3,0,88,151.9723,7
run3,0,89,52.0403,1.5631
run3,0,90,109.882,-2.3064
run3,0,91,165.6762,12.5682
run3,0,92,166.5567,13
run3,0,93,146.047,5.5106
run3,0,94,158.0699,8.1475
run3,0,95,169.7075,18.0152
run3,0,96,165.5242,11.2077
run3,0,97,155.634,7.8046
run3,0,98,159.0305,9.4378
run3,0,99,149.3201,6.6482
run3,0,100,155.8584,8.4433
run3,0,101,150.0759,5.5859
run3,0,102,47.3406,0.35196
run3,0,103,161.7354,10.5
run3,0,104,165.2899,11.9412
run3,0,105,146.2421,5.427
run3,0,106,141.6889,4.1429
run3,0,107,157.5514,9.0388
run3,0,108,103.3901,-2.1
run3,0,109,162.0021,9.9167
run3,0,110,143.7516,5.3092
run3,0,111,149.4077,5.8136
run3,0,112,155.1598,8.6908
run3,0,113,145.8875,5.4946
run3,0,114,148.3003,5.6275
run3,0,115,148.7041,5.7117
run3,0,116,116.7343,2.8378
run3,0,117,157.3063,8.6279
run3,0,118,164.3752,11.5161
run3,0,119,125.2256,3.4646
run3,0,120,113.167,2.5696
run3,0,121,156.9059,7.7865
run3,0,122,152.0954,7
run3,0,123,157.6357,8.9444
run3,0,124,158.2214,8.6746
run3,0,125,156.1854,7.6863
run3,0,126,110.6176,2.5319
run3,0,127,141.8224,4.5862
run3,0,128,162.8992,10.7198
run3,0,129,161.9836,10.2886
run3,0,130,155.4235,7.7071
run3,0,131,119.215,3.1957
run3,0,132,157.5117,8.9553
run3,0,133,119.1077,2.8824
run3,0,134,159.8749,9.3902
run3,0,135,156.7426,7.7609
run3,0,136,162.2663,10.8462
run3,0,137,155.2579,7.4046
run3,0,138,156.9596,7.9502
run3,0,139,109.8297,2.561
run3,0,140,167.1125,13.5517
run3,0,141,163.8595,13.1404
run3,0,142,141.1131,4.4872
run3,0,143,82.2445,1.9162
run3,0,144,148.5605,5.7156
run3,0,145,143.2318,5.0663
run3,0,146,156.0492,8.3592
run3,0,147,154.353,7.3743
run3,0,148,141.9667,4.9808
run3,0,149,151.6474,6.2222
run3,0,150,164.4971,12.9434
run3,0,151,31.2753,1.1989
run3,0,152,129.6494,3.4804
run3,0,153,141.6905,4.5581
run3,0,154,125.3776,3.3158
run3,0,155,137.2038,3.8539
run3,0,156,163.6949,11.2541
run3,0,157,159.6797,10.1613
run3,0,158,119.3674,3.1818
run3,0,159,161.8136,9.9474
run3,0,160,128.5916,3.5574
run3,0,161,40.0799,1.2268
run3,0,162,148.9643,5.8268
run3,0,163,70.9332,-1.1726
run3,0,164,147.1032,5.5417
run3,0,165,150.0814,5.877
run3,0,166,159.4681,9.1875
run3,0,167,154.7052,7.3518
run3,0,168,159.5902,9.0958
run3,0,169,152.7066,7
run3,0,170,150.2402,5.934
run3,0,171,140.548,4.9208
run3,0,172,156.7546,8.5054
run3,0,173,156.4683,8.0244
run3,0,174,156.6414,8.3208
run3,0,175,169.4623,15.7027
run3,0,176,145.5942,5.2927
run3,0,177,156.4696,7.7609
run3,0,178,156.593,8.0448
run3,0,179,148.6593,6.6296
run3,0,180,166.6718,13.2222
run3,0,181,153.0221,7.3448
run3,0,182,144.3085,5.2759
run3,0,183,156.4451,8.1111
run3,0,184,159.1582,9.0958
run3,0,185,168.227,13.3636
run3,0,186,157.7062,9.2826
run3,0,187,157.856,9
run3,0,188,161.2564,9.3077
run3,0,189,164.0053,12.2601
run3,0,190,152.5757,7
run3,0,191,163.4778,10.9086
run3,0,192,151.462,5.8889
run3,0,193,152.0076,7
run3,0,194,151.9432,6.1358
run3,0,195,164.6288,12.8049
run3,0,196,157.9696,8.0769
run3,0,197,168.9547,21.6328
run3,0,198,156.9236,7.7368
run3,0,199,168.0593,17.4255
run3,0,200,165.8378,13.2376
run4,0,1,156.1735,6.2222
run4,0,2,151.7617,6.5652
run4,0,3,159.1474,8.6092
run4,0,4,153.0516,6.2135
run4,0,5,163.806,10.4807
run4,0,6,154.0965,7
run4,0,7,169.9926,13.8478
run4,0,8,158.5161,8.7284
run4,0,9,159.3581,9.1739
run4,0,10,158.9808,8.8325
run4,0,11,44.3602,-0.21649
run4,0,12,143.0114,4.5294
run4,0,13,159.182,7.7216
run4,0,14,140.2998,4.0833
run4,0,15,154.1291,7
run4,0,16,158.8936,8.0448
run4,0,17,162.9674,9.7684
run4,0,18,167.3405,12.3846
run4,0,19,163.8447,10.369
run4,0,20,32.0741,0.31658
run4,0,21,164.6277,10.0769
run4,0,22,167.1949,11.375
run4,0,23,118.6687,3.2766
run4,0,24,167.6695,11.6667
run4,0,25,40.9358,-0.77778
run4,0,26,160.7384,9.2105
run4,0,27,112.5128,2.5319
run4,0,28,165.7094,10.9487
run4,0,29,141.5334,4.2928
run4,0,30,148.5637,5.6275
run4,0,31,165.3395,10.7931
run4,0,32,139.9959,3.9565
run4,0,33,141.6779,4.9
run4,0,34,138.0258,3.8966
run4,0,35,155.6949,7.4142
run4,0,36,158.131,7.7527
run4,0,37,126.5589,3.4646
run4,0,38,142.5363,5.0226
run4,0,39,119.3868,3.0674
run4,0,40,168.8491,11.8276
run4,0,41,152.1828,5.9231
run4,0,42,62.8141,1.6739
run4,0,43,151.6047,5.8889
run4,0,44,163.1292,10.4807
run4,0,45,162.537,10.3654
run4,0,46,141.9508,4.2816
run4,0,47,134.0846,3.5946
run4,0,48,144.9977,4.4074
run4,0,49,165.2822,10.8043
run4,0,50,153.258,6.3137
run4,0,51,134.6271,3.6981
run4,0,52,100.0517,-2.0674
run4,0,53,168.1455,12.2239
run4,0,54,142.3112,4.3797
run4,0,55,154.3064,6.2708
run4,0,56,151.9603,6.6373
run4,0,57,142.7023,4.3832
run4,0,58,166.7295,11.375
run4,0,59,161.5296,10.3333
run4,0,60,157.9821,7.7778
run4,0,61,119.843,3.2366
run4,0,62,110.7146,2.5319
run4,0,63,169.1132,12.8049
run4,0,64,86.9877,1.9761
run4,0,65,167.5553,11.5161
run4,0,66,157.5486,8.1351
run4,0,67,153.6323,6.1566
run4,0,68,161.7576,9.6486
run4,0,69,150.9214,5.934
run4,0,70,115.1903,3.0104
run4,0,71,151.1198,5.9552
run4,0,72,161.6672,9.6203
run4,0,73,161.6765,9.6168
run4,0,74,156.0719,7.7865
run4,0,75,170.9606,16.7765
run4,0,76,38.8228,0.15217
run4,0,77,92.6138,2
run4,0,78,165.2326,10.5714
run4,0,79,167.0475,12.1412
run4,0,80,162.8267,9.8767
run4,0,81,147.9095,-5.623
run4,0,82,154.3678,7
run4,0,83,171.5549,15.5556
run4,0,84,164.2966,11.1176
run4,0,85,165.5712,10.9773
run4,0,86,22.971,0.82353
run4,0,87,160.352,8.5982
run4,0,88,163.4726,10.5814
run4,0,89,151.5832,6.6552
run4,0,90,169.3364,13.1765
run4,0,91,93.4825,2.1724
run4,0,92,168.5596,12.6398
run4,0,93,154.6985,7.3286
run4,0,94,143.8351,4.4872
run4,0,95,153.9184,6.2135
run4,0,96,162.5985,10.2308
run4,0,97,114.993,2.7143
run4,0,98,114.1162,2.6701
run4,0,99,163.4499,10.5196
run4,0,100,111.0753,2.4839
run4,0,101,155.728,5.934
run4,0,102,153.2882,6.3333
run4,0,103,147.352,5.4091
run4,0,104,138.7085,3.875
run4,0,105,65.126,1.717
run4,0,106,159.4405,8.1111
run4,0,107,153.0295,6.6045
run4,0,108,162.1053,9.3333
run4,0,109,39.7774,-0.41176
run4,0,110,160.6653,9.2826
run4,0,111,150.8391,6.6482
run4,0,112,145.197,5.2234
run4,0,113,142.1641,4.7174
run4,0,114,136.9979,3.729
run4,0,115,143.9852,4.1717
run4,0,116,163.2507,9.6776
run4,0,117,161.9556,9.5389
run4,0,118,114.0112,2.8824
run4,0,119,165.0939,10.1658
run4,0,120,147.6484,5.4946
run4,0,121,158.7552,8.8325
run4,0,122,170.2125,13.087
run4,0,123,165.7203,11.2077
run4,0,124,144.4996,5.1865
run4,0,125,161.7567,9.3333
run4,0,126,150.1896,5.6538
run4,0,127,161.6464,9.2826
run4,0,128,132.9677,3.6667
run4,0,129,156.293,7.359
run4,0,130,166.5757,11.1176
run4,0,131,142.6941,4.9835
run4,0,132,143.0575,4.4074
run4,0,133,43.5385,-0.31343
run4,0,134,144.4638,4.4074
run4,0,135,163.1233,9.7072
run4,0,136,154.0564,7
run4,0,137,152.986,6.186
run4,0,138,166.3705,10.865
run4,0,139,167.8656,10.9773
run4,0,140,160.2057,7.8333
run4,0,141,154.0859,7
run4,0,142,164.7485,10.1111
run4,0,143,166.6784,11.4509
run4,0,144,161.0738,9.3596
run4,0,145,127.0534,3.4407
run4,0,146,162.5955,9.3596
run4,0,147,134.5133,3.7593
run4,0,148,155.9396,7.3627
run4,0,149,158.479,8.6129
run4,0,150,150.2403,6.6257
run4,0,151,152.5379,6.6089
run4,0,152,155.9131,7.4094
run4,0,153,163.4714,10.0435
run4,0,154,170.9657,15.01
run4,0,155,168.8463,13.9591
run4,0,156,171.0608,15.1395
run4,0,157,161.9362,9.8324
run4,0,158,153.3132,6.3
run4,0,159,163.7784,10.0769
run4,0,160,162.8496,10.3921
run4,0,161,170.0689,13.1538
run4,0,162,170.2027,15.1553
run4,0,163,157.0815,7.6481
run4,0,164,151.0502,5.934
run4,0,165,158.3497,7.9859
run4,0,166,144.028,5.125
run4,0,167,162.8457,10.3735
run4,0,168,155.2512,7.3518
run4,0,169,159.5912,8.6746
run4,0,170,163.1503,9.6203
run4,0,171,166.0087,11.6667
run4,0,172,164.2128,11.3017
run4,0,173,147.1826,5.5714
run4,0,174,170.5782,13.2376
run4,0,175,167.0808,12.6977
run4,0,176,154.4986,7
run4,0,177,158.9122,8.0448
run4,0,178,142.5575,4.4074
run4,0,179,170.0155,13.0215
run4,0,180,160.5102,9.3077
run4,0,181,170.5265,13.9231
run4,0,182,162.9985,10.369
run4,0,183,161.9455,10.369
run4,0,184,166.3299,11.5652
run4,0,185,155.3337,7.3627
run4,0,186,170.4288,12.9036
run4,0,187,169.2498,12.8333
run4,0,188,168.7978,12.615
run4,0,189,166.0071,10.6842
run4,0,190,172.4698,17.8889
run4,0,191,157.8774,8.0145
run4,0,192,164.2247,10.6842
run4,0,193,169.5032,12.8011
run4,0,194,21.7109,0.57488
run4,0,195,170.1668,12.5556
run4,0,196,171.5121,13.5217
run4,0,197,162.7848,10.7278
run4,0,198,168.794,12.1724
run4,0,199,161.9903,9.6203
run4,0,200,166.7404,11.8039
run1,1,1,175.6182,8.1732
run1,1,2,161.5358,4.4611
run1,1,3,171.8936,7
run1,1,4,127.688,2.3333
run1,1,5,151.4162,3.8539
run1,1,6,174.3767,8.1351
run1,1,7,176.2316,13.2921
run1,1,8,173.2897,9.625
run1,1,9,145.3372,3.5574
run1,1,10,175.8464,11.6667
run1,1,11,111.0282,0.89744
run1,1,12,161.9153,5.0874
run1,1,13,135.9436,2.8378
run1,1,14,95.9185,0.85965
run1,1,15,176.321,8.6867
run1,1,16,145.5503,3.5574
run1,1,17,160.3599,5.6
run1,1,18,157.9835,4.5581
run1,1,19,177.1975,12.5682
run1,1,20,168.4554,7.3665
run1,1,21,175.344,9.5389
run1,1,22,174.7143,12.0515
run1,1,23,175.5407,13.4417
run1,1,24,161.321,5.8649
run1,1,25,173.0979,8.123
run1,1,26,156.1729,4.1429
run1,1,27,142.9454,3.1818
run1,1,28,160.1781,5.1675
run1,1,29,175.0976,9.0468
run1,1,30,68.5695,1.4172
run1,1,31,172.1868,6.3069
run1,1,32,175.546,9
run1,1,33,95.605,-1.642
run1,1,34,175.9056,8.7588
run1,1,35,171.5329,8.2727
run1,1,36,168.4789,7
run1,1,37,173.3504,7.7778
run1,1,38,101.3032,-1.4615
run1,1,39,170.5549,6.2708
run1,1,40,111.4444,1.9724
run1,1,41,177.1363,11.8515
run1,1,42,131.2686,-2.3333
run1,1,43,169.5667,6.2708
run1,1,44,157.4393,5.2412
run1,1,45,157.6309,4.4074
run1,1,46,113.1288,2.0811
run1,1,47,125.2046,2.3807
run1,1,48,137.7567,2.9686
run1,1,49,158.7933,5.1081
run1,1,50,174.56,8.7949
run1,1,51,127.4651,2.8824
run1,1,52,165.8777,5.6792
run1,1,53,127.2098,2.5319
run1,1,54,175.9211,9.3333
run1,1,55,111.501,-0.85714
run1,1,56,130.5513,2.285
run1,1,57,174.9072,8.3462
run1,1,58,175.694,12.7143
run1,1,59,152.9154,4.7895
run1,1,60,95.668,0.8342
run1,1,61,177.489,9.8866
run1,1,62,141.8131,3.8342
run1,1,63,162.4339,5.5859
run1,1,64,144.0493,3.5
run1,1,65,173.0042,8.2
run1,1,66,175.1132,9.4138
run1,1,67,151.647,4.9769
run1,1,68,86.0493,0.87097
run1,1,69,177.7553,10.4807
run1,1,70,170.6234,7.7692
run1,1,71,164.2345,5.9231
run1,1,72,162.894,5.6
run1,1,73,176.3569,12.3299
run1,1,74,164.4183,6.6175
run1,1,75,171.9641,8.0881
run1,1,76,134.5412,-2.8913
run1,1,77,131.138,2.1852
run1,1,78,170.3524,7.6863
run1,1,79,173.5419,8.6279
run1,1,80,91.4544,1.385
run1,1,81,169.18,6.2708
run1,1,82,175.5851,10.4054
run1,1,83,125.3667,2.2761
run1,1,84,72.9213,0.13725
run1,1,85,170.3402,7.7368
run1,1,86,138.0369,3.2766
run1,1,87,129.7387,-2.5062
run1,1,88,160.1603,4.8788
run1,1,89,161.0904,5.3529
run1,1,90,124.0732,2.6039
run1,1,91,173.869,8.6279
run1,1,92,173.5748,9.0958
run1,1,93,168.4084,7.3518
run1,1,94,175.9129,9.9167
run1,1,95,171.4431,8.1475
run1,1,96,118.274,2.0505
run1,1,97,176.9962,11.4509
run1,1,98,128.9046,3.0377
run1,1,99,177.5073,12.8011
run1,1,100,174.6739,10.7198
run1,1,101,121.7558,2
run1,1,102,131.7187,2.4206
run1,1,103,173.3997,8.0145
run1,1,104,92.1943,1.3023
run1,1,105,160.8185,4.6923
run1,1,106,173.3615,7.7216
run1,1,107,175.8924,10.8462
run1,1,108,156.9058,4.5622
run1,1,109,174.6295,8.1732
run1,1,110,156.5219,4.6923
run1,1,111,176.1262,9.5926
run1,1,112,171.8391,8.0244
run1,1,113,171.1692,7.3627
run1,1,114,91.3807,1.6784
run1,1,115,153.4334,3.9565
run1,1,116,163.5953,5.5417
run1,1,117,171.2823,7.3867
run1,1,118,63.4672,0.10881
run1,1,119,89.9916,1.3602
run1,1,120,142.7143,3.0944
run1,1,121,167.4876,6.2308
run1,1,122,161.3946,-4.4286
run1,1,123,119.4487,2.2885
run1,1,124,176.0279,9.4873
run1,1,125,154.8737,5.0874
run1,1,126,169.6991,7
run1,1,127,132.0296,3.1111
run1,1,128,174.5497,8.1351
run1,1,129,87.3187,1.5631
run1,1,130,174.7884,8.123
run1,1,131,102.8628,1.7872
run1,1,132,154.3459,4.1233
run1,1,133,175.8139,9.8866
run1,1,134,127.0335,2.2809
run1,1,135,71.4287,0.17949
run1,1,136,170.3457,6.2308
run1,1,137,149.558,3.9231
run1,1,138,97.992,1.7761
run1,1,139,175.1327,8.8135
run1,1,140,46.1584,0.25301
run1,1,141,119.0769,1.9724
run1,1,142,79.9342,0.70787
run1,1,143,157.8769,4.9208
run1,1,144,123.54,-0.86517
run1,1,145,138.424,2.7923
run1,1,146,161.8682,5.1081
run1,1,147,177.3451,13.1404
run1,1,148,169.728,7.7368
run1,1,149,150.76,3.9856
run1,1,150,170.371,7.3415
run1,1,151,92.4894,-1.4
run1,1,152,177.5364,10.211
run1,1,153,155.2814,4.0833
run1,1,154,127.4655,2.4545
run1,1,155,142.4544,3.1957
run1,1,156,153.9527,3.9231
run1,1,157,161.7155,5.4946
run1,1,158,167.5465,6.3137
run1,1,159,176.0443,10.7198
run1,1,160,129.09,3.2366
run1,1,161,169.5224,7
run1,1,162,84.2998,1.5631
run1,1,163,175.4054,8.8325
run1,1,164,138.4227,3.4407
run1,1,165,165.1976,5.1283
run1,1,166,158.9272,4.6923
run1,1,167,151.6115,3.0674
run1,1,168,176.4044,10.7234
run1,1,169,170.0129,7.3448
run1,1,170,172.6056,8.3208
run1,1,171,62.3071,-0.037037
run1,1,172,150.7265,3.2802
run1,1,173,169.9334,7
run1,1,174,172.7867,7.7368
run1,1,175,167.4921,6.2632
run1,1,176,161.3856,5.5417
run1,1,177,77.9615,1.6154
run1,1,178,162.7066,4.3585
run1,1,179,158.4264,4.9
run1,1,180,162.3116,4.7987
run1,1,181,139.7444,3.2766
run1,1,182,83.7541,1.5596
run1,1,183,159.9333,4.7895
run1,1,184,177.8182,13.5116
run1,1,185,165.8986,7
run1,1,186,174.8413,9.1429
run1,1,187,111.4279,2.2273
run1,1,188,177.2332,11.2169
run1,1,189,163.6558,5.9655
run1,1,190,150.2746,3.8657
run1,1,191,64.6384,0.17949
run1,1,192,175.2783,9.0192
run1,1,193,170.0078,7.7955
run1,1,194,143.0695,3.729
run1,1,195,136.8064,2.8416
run1,1,196,160.2085,4.4872
run1,1,197,145.7765,3.8539
run1,1,198,169.3479,6.2045
run1,1,199,155.1205,-4.6043
run1,1,200,177.2621,12.5556
run2,1,1,145.2503,4.5622
run2,1,2,154.9227,7.7143
run2,1,3,163.467,12.8621
run2,1,4,149.352,6.6133
run2,1,5,163.3399,11.6154
run2,1,6,107.697,-2.7765
run2,1,7,168.4906,13.8
run2,1,8,148.5664,6.6216
run2,1,9,160.9672,9.7072
run2,1,10,166.2705,18.1834
run2,1,11,145.7482,5.5263
run2,1,12,164.3821,11.1176
run2,1,13,139.6128,4.5581
run2,1,14,132.2463,3.631
run2,1,15,155.2504,7.4294
run2,1,16,155.2228,8.2139
run2,1,17,148.9265,6.6216
run2,1,18,39.6482,0.875
run2,1,19,144.7434,5.2587
run2,1,20,150.8274,6.5808
run2,1,21,153.7113,7.3483
run2,1,22,49.1319,0.63636
run2,1,23,167.4421,14.0707
run2,1,24,144.5612,5.3871
run2,1,25,82.4445,1.7872
run2,1,26,145.6173,5.4783
run2,1,27,44.368,1.1341
run2,1,28,156.7792,8.5385
run2,1,29,162.5254,11.4828
run2,1,30,48.9036,1.4
run2,1,31,156.7527,8.8919
run2,1,32,156.4107,8.7766
run2,1,33,162.8545,10.9896
run2,1,34,158.2569,9.3333
run2,1,35,138.6224,4.9208
run2,1,36,149.6856,6.6133
run2,1,37,138.8896,4.7209
run2,1,38,149.3886,5.877
run2,1,39,146.9507,5.6916
run2,1,40,165.9684,13.9231
run2,1,41,162.989,11.6226
run2,1,42,150.9834,6.2473
run2,1,43,153.6414,7.3784
run2,1,44,128.6403,3.4804
run2,1,45,47.0433,1.2623
run2,1,46,165.2211,12
run2,1,47,157.8537,9.0588
run2,1,48,143.0658,5.1481
run2,1,49,143.2215,5.1865
run2,1,50,154.6087,8.4894
run2,1,51,159.9167,10.5196
run2,1,52,166.1893,13.9634
run2,1,53,156.6375,8.0448
run2,1,54,155.4051,7.7609
run2,1,55,149.3735,6.6296
run2,1,56,140.5275,4.2928
run2,1,57,163.9566,11.023
run2,1,58,165.3923,12.7143
run2,1,59,45.7532,0.76963
run2,1,60,162.4845,10.1343
run2,1,61,148.2638,5.6139
run2,1,62,142.1114,5.1081
run2,1,63,117.427,2.8378
run2,1,64,161.883,10.8308
run2,1,65,161.3213,9.4873
run2,1,66,148.3165,5.9119
run2,1,67,154.4591,8.6908
run2,1,68,134.7866,3.802
run2,1,69,155.8691,8.0553
run2,1,70,164.8389,12.0838
run2,1,71,160.029,10.5593
run2,1,72,146.4502,5.4163
run2,1,73,33.2107,0.036649
run2,1,74,157.7042,8.066
run2,1,75,139.298,4.8571
run2,1,76,157.5652,8.9444
run2,1,77,149.5513,5.9552
run2,1,78,37.697,1.2353
run2,1,79,151.1729,6.186
run2,1,80,155.1944,7.7
run2,1,81,139.4135,4.6404
run2,1,82,140.4301,4.8528
run2,1,83,165.3213,12.045
run2,1,84,164.0867,12.1852
run2,1,85,140.5142,4.3797
run2,1,86,169.0321,14.6087
run2,1,87,142.4259,4.3797
run2,1,88,108.753,-2.2308
run2,1,89,143.8394,4.4074
run2,1,90,161.418,9.8
run2,1,91,114.6306,3.135
run2,1,92,156.4872,8.5054
run2,1,93,118.1932,3.0513
run2,1,94,145.4504,5.4946
run2,1,95,164.7437,11.2424
run2,1,96,156.2441,8.2281
run2,1,97,143.7163,4.3333
run2,1,98,142.5954,4.9208
run2,1,99,137.7493,3.8182
run2,1,100,140.745,5.0226
run2,1,101,87.306,0.7037
run2,1,102,116.8848,2.4971
run2,1,103,49.6193,-0.070707
run2,1,104,169.5495,16.2771
run2,1,105,51.0256,0.50515
run2,1,106,57.9565,0.36842
run2,1,107,46.8522,1.2623
run2,1,108,155.7638,7.814
run2,1,109,159.0472,9.7072
run2,1,110,145.1531,5.5859
run2,1,111,58.3902,1.5098
run2,1,112,159.294,9.2826
run2,1,113,151.2536,6.5758
run2,1,114,69.5889,1.6701
run2,1,115,157.9369,8.9553
run2,1,116,161.2547,9.6486
run2,1,117,157.1954,9.2581
run2,1,118,156.2651,8.123
run2,1,119,150.0958,5.8398
run2,1,120,127.9699,3.4
run2,1,121,160.9505,9.561
run2,1,122,155.578,7.6863
run2,1,123,155.7077,7.7955
run2,1,124,144.226,5.3529
run2,1,125,153.0076,7
run2,1,126,152.3483,7
run2,1,127,53.1109,0.2
run2,1,128,162.1864,10.1658
run2,1,129,121.2262,3.1307
run2,1,130,154.3236,7.3743
run2,1,131,160.2483,9.3077
run2,1,132,161.251,9.8283
run2,1,133,158.4813,9.6203
run2,1,134,143.8655,5.3908
run2,1,135,118.7056,2.7143
run2,1,136,38.6107,1.0201
run2,1,137,141.4749,4.6995
run2,1,138,164.5365,11.2857
run2,1,139,156.5327,8.1864
run2,1,140,143.2982,5.1081
run2,1,141,114.6454,-2.6209
run2,1,142,141.1876,4.6098
run2,1,143,162.1973,10.4054
run2,1,144,42.8009,0.97849
run2,1,145,153.024,6.2391
run2,1,146,160.4837,10.2984
run2,1,147,149.9584,5.9231
run2,1,148,120.925,3.135
run2,1,149,162.1921,10.4146
run2,1,150,140.2921,4.0213
run2,1,151,130.0383,3.5193
run2,1,152,151.9507,6.1358
run2,1,153,165.4117,13.0406
run2,1,154,161.5628,10.9487
run2,1,155,160.3688,9.1649
run2,1,156,155.6196,7.3743
run2,1,157,153.2663,-6.4043
run2,1,158,163.5314,10.7931
run2,1,159,150.8333,6.6335
run2,1,160,140.3272,4.6923
run2,1,161,130.7252,3.4804
run2,1,162,159.4305,9.1649
run2,1,163,141.7195,4.7419
run2,1,164,143.3064,4.4872
run2,1,165,49.0914,0.69369
run2,1,166,153.6367,7
run2,1,167,150.9202,6.5954
run2,1,168,123.0535,3.2366
run2,1,169,151.5349,6.641
run2,1,170,152.9047,7
run2,1,171,46.6035,-0.18919
run2,1,172,153.6471,6.2708
run2,1,173,117.6197,2.8378
run2,1,174,147.2958,5.4783
run2,1,175,155.6095,7.4046
run2,1,176,157.8174,8.1864
run2,1,177,103.7668,2.2356
run2,1,178,90.6555,2.0273
run2,1,179,157.7615,9
run2,1,180,83.3165,1.7872
run2,1,181,151.4368,6.5597
run2,1,182,56.8679,1.4944
run2,1,183,56.6376,0.36842
run2,1,184,142.7126,4.4699
run2,1,185,152.2722,6.2857
run2,1,186,102.8342,2.3333
run2,1,187,160.0886,9.8324
run2,1,188,160.7597,10.7234
run2,1,189,135.9255,3.5946
run2,1,190,150.5212,5.9231
run2,1,191,150.0431,5.9552
run2,1,192,137.8191,3.9892
run2,1,193,117.0082,2.7576
run2,1,194,133.6361,3.5946
run2,1,195,154.6426,7
run2,1,196,143.5617,5.0374
run2,1,197,140.7239,4.8351
run2,1,198,41.9331,0.84615
run2,1,199,143.4321,4.1717
run2,1,200,56.9614,-0.55869
run3,1,1,126.137,1.9724
run3,1,2,151.4719,6.5808
run3,1,3,150.9443,5.8398
run3,1,4,150.2166,6.6335
run3,1,5,165.8432,13.3
run3,1,6,151.5959,7
run3,1,7,157.1927,8.5054
run3,1,8,160.8791,9.5128
run3,1,9,134.6193,3.5946
run3,1,10,146.3639,4.1676
run3,1,11,154.3972,7
run3,1,12,110.588,2.3333
run3,1,13,151.0437,5.8136
run3,1,14,159.685,9.0231
run3,1,15,155.7446,7
run3,1,16,169.5347,17.3279
run3,1,17,155.89,8.4433
run3,1,18,154.0933,7.3825
run3,1,19,64.6594,-0.7
run3,1,20,155.6046,7.3743
run3,1,21,152.5728,6.6045
run3,1,22,135.3887,3.5
run3,1,23,144.1864,4.7419
run3,1,24,147.2963,4.4074
run3,1,25,120.6506,2.6983
run3,1,26,55.8938,0.70787
run3,1,27,143.9106,3.9231
run3,1,28,158.2316,8.066
run3,1,29,143.0547,4.766
run3,1,30,162.096,9.4706
run3,1,31,160.9827,9.6923
run3,1,32,154.5235,7.3704
run3,1,33,164.7953,10.9487
run3,1,34,146.7417,5.1675
run3,1,35,153.5276,7
run3,1,36,167.4077,13.1165
run3,1,37,157.6769,8.6746
run3,1,38,156.5502,7.4046
run3,1,39,155.0301,6.3204
run3,1,40,156.694,7.6863
run3,1,41,166.4803,14.6166
run3,1,42,159.037,8.9126
run3,1,43,169.7324,15.9362
run3,1,44,156.0576,8.4583
run3,1,45,149.029,5.4946
run3,1,46,155.2729,5.9655
run3,1,47,144.3411,5.1283
run3,1,48,154.287,7.3382
run3,1,49,161.7764,10.4568
run3,1,50,156.4183,7.6796
run3,1,51,141.9023,4.2277
run3,1,52,161.8957,9.9032
run3,1,53,96.5334,-1.9573
run3,1,54,160.4774,9.0388
run3,1,55,167.408,11.5652
run3,1,56,160.233,10.5
run3,1,57,163.1287,10.6842
run3,1,58,144.0594,4.6777
run3,1,59,154.147,6.2135
run3,1,60,166.7048,14.2642
run3,1,61,143.5191,4.8125
run3,1,62,169.2203,15.0328
run3,1,63,157.6613,8.1475
run3,1,64,156.3634,7.3911
run3,1,65,156.2608,8.5556
run3,1,66,163.4559,11.3017
run3,1,67,155.1434,7.3911
run3,1,68,158.4684,7.7368
run3,1,69,121.0126,3.0513
run3,1,70,154.2326,7
run3,1,71,144.6924,4.9808
run3,1,72,154.6355,7
run3,1,73,167.956,14.3684
run3,1,74,164.8774,10.1343
run3,1,75,161.1725,9.5926
run3,1,76,161.4536,10.1461
run3,1,77,152.3938,6.6296
run3,1,78,168.7607,16.5146
run3,1,79,95.984,2.0273
run3,1,80,163.0434,9.9697
run3,1,81,167.1521,16.5455
run3,1,82,165.6805,13.0577
run3,1,83,151.9868,6.6216
run3,1,84,164.3383,11.4872
run3,1,85,157.5148,8.4737
run3,1,86,159.5488,8.9553
run3,1,87,155.669,7
run3,1,88,166.0122,12.5446
run3,1,89,164.9262,10.0144
run3,1,90,158.1447,8.1351
run3,1,91,64.5786,0.38308
run3,1,92,148.5774,5.4444
run3,1,93,166.7625,11.5729
run3,1,94,117.8376,2.7923
run3,1,95,124.2109,3.0914
run3,1,96,51.606,0.77778
run3,1,97,158.9052,8.6867
run3,1,98,63.4452,1.385
run3,1,99,148.5887,5.3721
run3,1,100,100.5945,2.0505
run3,1,101,171.8472,15.342
run3,1,102,107.7233,2.4206
run3,1,103,163.235,10.9326
run3,1,104,169.8138,17.7692
run3,1,105,144.6375,4.6404
run3,1,106,160.0518,8.8135
run3,1,107,164.0275,10.7561
run3,1,108,138.4081,3.5946
run3,1,109,155.8523,7
run3,1,110,156.9779,7.4294
run3,1,111,167.251,13.087
run3,1,112,143.1847,5
run3,1,113,154.1577,6.3137
run3,1,114,165.8271,12.0725
run3,1,115,159.1306,7.7
run3,1,116,162.8005,10.4807
run3,1,117,134.2471,3.6265
run3,1,118,98.1496,1.955
run3,1,119,166.1089,11.1176
run3,1,120,165.9799,11.9495
run3,1,121,144.4267,4.1134
run3,1,122,167.5505,12.7377
run3,1,123,161.744,8.066
run3,1,124,125.5143,3.0674
run3,1,125,103.5126,2.1337
run3,1,126,163.9286,9.9577
run3,1,127,165.431,11.8428
run3,1,128,162.8605,10.5
run3,1,129,157.6634,7.3704
run3,1,130,150.1627,4.3797
run3,1,131,142.0044,3.8657
run3,1,132,154.8776,6.3
run3,1,133,164.1452,10.6493
run3,1,134,153.3148,6.6
run3,1,135,160.9395,8.9626
run3,1,136,153.3344,6.6517
run3,1,137,154.7601,6.2784
run3,1,138,153.3228,6.6216
run3,1,139,168.5331,11.8039
run3,1,140,153.9434,6.6482
run3,1,141,164.8808,10.0108
run3,1,142,158.7363,8.4286
run3,1,143,163.6774,10.2558
run3,1,144,156.7117,7.3483
run3,1,145,153.4763,5.8
run3,1,146,165.8146,10.9623
run3,1,147,151.8705,5.5263
run3,1,148,158.7405,8.4583
run3,1,149,133.5074,3.5686
run3,1,150,155.5194,5.9655
run3,1,151,158.9791,8.2727
run3,1,152,172.0262,14.5141
run3,1,153,165.8753,10.0732
run3,1,154,159.7895,8.5054
run3,1,155,159.3867,8.4286
run3,1,156,72.2807,1.6154
run3,1,157,158.6614,7.3743
run3,1,158,166.7212,11.023
run3,1,159,161.127,8.8717
run3,1,160,169.0155,12.6977
run3,1,161,171.0652,14.0707
run3,1,162,166.1852,10.8693
run3,1,163,156.3918,7
run3,1,164,158.3452,8.4433
run3,1,165,169.0447,11.7644
run3,1,166,146.2937,4.7174
run3,1,167,160.2719,7.7447
run3,1,168,135.1783,3.5574
run3,1,169,166.4089,10.6416
run3,1,170,170.2334,13.2222
run3,1,171,166.0651,11.7644
run3,1,172,152.6248,5.9447
run3,1,173,164.2304,10.5714
run3,1,174,158.8205,7.6604
run3,1,175,168.9365,13.0215
run3,1,176,159.051,8.4286
run3,1,177,156.286,7
run3,1,178,164.4809,10.3654
run3,1,179,163.984,10.5714
run3,1,180,165.1555,9.9474
run3,1,181,160.8333,9.234
run3,1,182,165.2622,10.3333
run3,1,183,168.2762,12.9799
run3,1,184,94.6866,1.9724
run3,1,185,166.4305,10.0435
run3,1,186,161.0555,9.1429
run3,1,187,159.9407,7.9953
run3,1,188,170.1883,12.9574
run3,1,189,148.589,5.1818
run3,1,190,138.5887,3.6667
run3,1,191,156.2172,6.5906
run3,1,192,142.1433,3.9565
run3,1,193,159.6488,8.1864
run3,1,194,160.234,8.5385
run3,1,195,168.9119,13.1026
run3,1,196,119.5865,2.9193
run3,1,197,128.6404,3.2366
run3,1,198,160.132,7.7955
run3,1,199,144.0202,5.1481
run3,1,200,164.6901,10.4426
run4,1,1,70.4579,0.63636
run4,1,2,158.5891,8.3208
run4,1,3,167.2428,11.3503
run4,1,4,158.2051,8.4433
run4,1,5,46.0806,1.2623
run4,1,6,170.9566,13.8786
run4,1,7,160.747,9.3864
run4,1,8,113.7383,2.6039
run4,1,9,155.6476,6.6089
run4,1,10,156.982,8.5556
run4,1,11,163.8892,10.1461
run4,1,12,154.4414,6.2045
run4,1,13,152.2603,6.5954
run4,1,14,156.3912,6.2135
run4,1,15,171.3606,13.7513
run4,1,16,140.9658,3.9565
run4,1,17,120.4048,3.1538
run4,1,18,143.4168,3.9565
run4,1,19,152.0312,6.6447
run4,1,20,73.4278,1.7399
run4,1,21,140.9626,-3.8889
run4,1,22,155.0203,6.2784
run4,1,23,37.2935,1.129
run4,1,24,167.2745,10.9487
run4,1,25,154.8547,7
run4,1,26,167.4432,11.5652
run4,1,27,157.6113,7.7071
run4,1,28,154.4793,7
run4,1,29,155.1487,6.2708
run4,1,30,157.1568,8.4894
run4,1,31,152.7774,6.6045
run4,1,32,168.5409,11.715
run4,1,33,142.2951,4.5294
run4,1,34,165.1831,10.8182
run4,1,35,143.0201,4.7895
run4,1,36,144.076,4.439
run4,1,37,153.3834,5.9005
run4,1,38,141.8143,4.2626
run4,1,39,163.6045,10.1111
run4,1,40,164.0018,10.4426
run4,1,41,148.7903,5.5714
run4,1,42,158.2128,8.8135
run4,1,43,166.5337,11.2424
run4,1,44,162.5529,10.1818
run4,1,45,156.2331,7.3483
run4,1,46,164.0737,9.6776
run4,1,47,152.8525,7
run4,1,48,150.2626,5.5567
run4,1,49,48.2706,0.42541
run4,1,50,168.0417,11.9189
run4,1,51,119.8043,3.1307
run4,1,52,155.5439,7
run4,1,53,144.2648,4.4346
run4,1,54,146.9346,5.2412
run4,1,55,165.3138,10.7561
run4,1,56,166.0326,10.7561
run4,1,57,154.0587,7
run4,1,58,158.5355,7.7071
run4,1,59,141.0102,4.8351
run4,1,60,158.8305,7.7
run4,1,61,166.4994,11.4681
run4,1,62,140.4129,4.5377
run4,1,63,149.7197,5.6
run4,1,64,170.8561,14.7778
run4,1,65,142.2145,4.7895
run4,1,66,50.9538,-0.078652
run4,1,67,139.8215,3.8539
run4,1,68,147.1955,5.3529
run4,1,69,143.8046,4.2316
run4,1,70,150.8678,5.8398
run4,1,71,159.2996,8.8519
run4,1,72,147.3894,5.2234
run4,1,73,154.728,6.2857
run4,1,74,157.7955,7.3483
run4,1,75,142.1752,3.9565
run4,1,76,144.0963,4.439
run4,1,77,167.6176,11.5161
run4,1,78,167.3606,12.3846
run4,1,79,169.714,12.8011
run4,1,80,158.2072,8.123
run4,1,81,162.6229,9.6203
run4,1,82,37.4906,1.1989
run4,1,83,157.0123,7.7292
run4,1,84,159.0936,9
run4,1,85,165.4564,9.9474
run4,1,86,164.3074,10.6207
run4,1,87,168.6983,11.9412
run4,1,88,97.2635,2.1337
run4,1,89,157.6508,8.0769
run4,1,90,143.7342,4.5862
run4,1,91,164.7885,10.3333
run4,1,92,170.0285,13.213
run4,1,93,148.6252,5.5106
run4,1,94,162.0684,9.3902
run4,1,95,158.5483,7.6731
run4,1,96,161.0952,9.3671
run4,1,97,143.599,5.1283
run4,1,98,163.0303,9.5389
run4,1,99,155.2549,6.1667
run4,1,100,155.8015,7.3955
run4,1,101,173.754,15.1395
run4,1,102,166.6992,11.9045
run4,1,103,151.6862,5.877
run4,1,104,162.5398,9.5654
run4,1,105,161.7615,10.4653
run4,1,106,163.0453,9.8
run4,1,107,167.2606,12.1412
run4,1,108,162.4731,9.8866
run4,1,109,158.0024,7.7955
run4,1,110,171.2373,17.8889
run4,1,111,165.4523,10.6
run4,1,112,163.8522,9.9032
run4,1,113,166.247,11.4681
run4,1,114,154.5805,7.3415
run4,1,115,165.1167,10.0108
run4,1,116,141.2772,4.9042
run4,1,117,144.8216,4.6404
run4,1,118,152.6502,6.0047
run4,1,119,163.0008,10.369
run4,1,120,161.6092,9.4873
run4,1,121,116.3283,3.0104
run4,1,122,147.0661,4.4346
run4,1,123,167.3208,11.3017
run4,1,124,153.6374,7
run4,1,125,155.4636,6.3269
run4,1,126,156.5842,8.4141
run4,1,127,148.627,5.2927
run4,1,128,171.2209,13.8478
run4,1,129,163.8115,10.0769
run4,1,130,169.6287,13.5027
run4,1,131,142.258,4.2816
run4,1,132,164.1385,9.9787
run4,1,133,154.0998,6.2708
run4,1,134,167.1829,11.6154
run4,1,135,151.1225,5.9655
run4,1,136,50.0884,-0.77778
run4,1,137,156.1072,7.3911
run4,1,138,165.5189,10.9896
run4,1,139,154.2795,6.2857
run4,1,140,114.6588,2.8416
run4,1,141,164.7636,10.2984
run4,1,142,143.2633,5.1481
run4,1,143,158.5685,7.7778
run4,1,144,52.9021,-0.94595
run4,1,145,159.8487,9.2826
run4,1,146,157.8124,8.5385
run4,1,147,152.1161,5.8
run4,1,148,36.1908,1.0678
run4,1,149,28.3292,0.7037
run4,1,150,159.8513,8.0995
run4,1,151,68.3956,1.75
run4,1,152,166.1049,10.0108
run4,1,153,156.4346,7.4046
run4,1,154,163.0727,9.5389
run4,1,155,162.6413,10.3735
run4,1,156,151.5015,6.6447
run4,1,157,169.3917,11.9727
run4,1,158,137.9776,3.8966
run4,1,159,158.4426,7.9013
run4,1,160,142.5294,4.5127
run4,1,161,155.5177,7.359
run4,1,162,39.0382,1.4554
run4,1,163,168.1224,11.6193
run4,1,164,159.8167,9
run4,1,165,144.4512,5.1675
run4,1,166,161.5991,9.4138
run4,1,167,94.58,2.1852
run4,1,168,82.3341,1.9162
run4,1,169,158.9304,8.0145
run4,1,170,142.3227,4.6923
run4,1,171,150.5729,5.6538
run4,1,172,160.1286,9
run4,1,173,170.0734,12.6522
run4,1,174,168.6677,11.5729
run4,1,175,163.0921,10.4842
run4,1,176,156.6517,7.7216
run4,1,177,156.5031,7.6604
run4,1,178,137.1452,3.8182
run4,1,179,171.6828,14.7
run4,1,180,160.2059,9.3077
run4,1,181,153.3056,6.2222
run4,1,182,153.5189,5.9655
run4,1,183,156.7234,7.7216
run4,1,184,163.4961,9.6776
run4,1,185,153.7602,7.3627
run4,1,186,153.4723,7
run4,1,187,149.3134,5.6275
run4,1,188,153.4198,6.2135
run4,1,189,154.6331,7
run4,1,190,154.553,6.2553
run4,1,191,168.4145,12.4545
run4,1,192,105.054,2.2356
run4,1,193,157.4212,7.6731
run4,1,194,140.8642,4.7895
run4,1,195,155.6305,7.3825
run4,1,196,153.9294,6.3
run4,1,197,152.4643,6.6296
run4,1,198,148.0761,5.4615
run4,1,199,169.7306,12.4974
run4,1,200,159.8288,8.9337
