run1,0,1,142.2875,4.2277
run1,0,2,134.5076,4.4611
run1,0,3,31.64,-0.18919
run1,0,4,147.796,8.8717
run1,0,5,150.8228,8.1475
run1,0,6,112.8193,3.2722
run1,0,7,123.6098,3.6265
run1,0,8,147.3612,8.573
run1,0,9,102.8874,3.2366
run1,0,10,142.4006,7
run1,0,11,159.947,12.6757
run1,0,12,148.0587,8.0145
run1,0,13,150.8475,10.198
run1,0,14,82.4101,2.2356
run1,0,15,158.6661,12
run1,0,16,152.0421,9.5688
run1,0,17,140.4077,7
run1,0,18,153.0707,10.5
run1,0,19,149.213,9.3671
run1,0,20,144.8459,8.4141
run1,0,21,142.4027,7
run1,0,22,137.1753,5.6139
run1,0,23,120.1613,3.6981
run1,0,24,141.2708,5.8398
run1,0,25,111.3399,3.4407
run1,0,26,144.1282,8.573
run1,0,27,158.7682,12.9799
run1,0,28,133.8976,5.6139
run1,0,29,133.7175,5.2412
run1,0,30,129.4645,4.9412
run1,0,31,139.2915,5.7719
run1,0,32,133.9175,5.3908
run1,0,33,89.6486,2.6497
run1,0,34,101.614,3.2069
run1,0,35,152.3783,10.4054
run1,0,36,101.7694,3.3158
run1,0,37,149.5135,9.3864
run1,0,38,136.8683,6.5906
run1,0,39,129.7568,4.6404
run1,0,40,159.4513,12.4974
run1,0,41,145.173,7.3627
run1,0,42,134.0907,5.2051
run1,0,43,141.25,7
run1,0,44,158.8103,12.8947
run1,0,45,145.2516,7.7216
run1,0,46,130.4662,5.0874
run1,0,47,147.663,8.8519
run1,0,48,156.4157,10.8462
run1,0,49,133.0907,5.1081
run1,0,50,143.3083,7.3784
run1,0,51,159.4128,12.6398
run1,0,52,157.5423,12.2239
run1,0,53,166.7008,15.9362
run1,0,54,112.6085,3.3158
run1,0,55,121.2694,3.7816
run1,0,56,153.7192,9.8866
run1,0,57,150.5551,9.3671
run1,0,58,137.7021,6.6714
run1,0,59,137.9755,6.2553
run1,0,60,147.1176,7.9333
run1,0,61,158.6385,11.5729
run1,0,62,162.2,14.7778
run1,0,63,140.5456,5.8889
run1,0,64,144.3396,7.7447
run1,0,65,151.2094,9.9341
run1,0,66,135.9572,6.2222
run1,0,67,146.3401,8.1351
run1,0,68,147.2282,8.1864
run1,0,69,139.7957,6.2391
run1,0,70,149.4719,9.5654
run1,0,71,121.453,4.0526
run1,0,72,142.6965,7
run1,0,73,146.9203,8.9774
run1,0,74,131.5168,5.1283
run1,0,75,155.575,10.8693
run1,0,76,148.2121,9
run1,0,77,145.0168,7.3867
run1,0,78,135.9449,5.5417
run1,0,79,151.4297,10.0769
run1,0,80,92.2532,3.0513
run1,0,81,85.0509,2.8416
run1,0,82,144.1152,8.7241
run1,0,83,157.7151,11.8663
run1,0,84,115.9427,3.5946
run1,0,85,145.2261,7.7609
run1,0,86,144.8188,8.7073
run1,0,87,162.4091,13.6316
run1,0,88,165.4807,16.1623
run1,0,89,164.2052,14.7
run1,0,90,152.998,10.7931
run1,0,91,158.1644,12.6757
run1,0,92,167.7498,17.973
run1,0,93,150.846,9.8866
run1,0,94,138.6638,5.9655
run1,0,95,155.1059,11.0741
run1,0,96,160.7388,13.8205
run1,0,97,154.0638,11.0741
run1,0,98,165.3821,15.0208
run1,0,99,147.0243,9.0588
run1,0,100,164.0122,14.3684
run1,0,101,159.274,10.7931
run1,0,102,154.5732,10.8043
run1,0,103,158.9797,12.8333
run1,0,104,156.4665,12.6566
run1,0,105,151.3323,10.2308
run1,0,106,137.796,5.9119
run1,0,107,158.999,13.2441
run1,0,108,156.3701,11.5652
run1,0,109,129.3763,4.4312
run1,0,110,141.0533,6.6585
run1,0,111,106.01,3.4407
run1,0,112,157.6892,11.7644
run1,0,113,138.6515,6.6296
run1,0,114,138.0741,7
run1,0,115,143.7637,8.2963
run1,0,116,168.4661,18.0152
run1,0,117,130.0898,4.6098
run1,0,118,140.4376,5.9447
run1,0,119,162.9642,14.4468
run1,0,120,137.5315,6.6517
run1,0,121,132.0178,5.3721
run1,0,122,168.1671,18.7297
run1,0,123,161.2634,15.6598
run1,0,124,150.4215,10.7234
run1,0,125,127.826,4.7174
run1,0,126,166.8536,21.7368
run1,0,127,155.8731,12.6322
run1,0,128,159.5358,13.6169
run1,0,129,140.6354,7.359
run1,0,130,146.3021,8.123
run1,0,131,156.4571,12.3846
run1,0,132,152.7164,10.1658
run1,0,133,143.1696,8.4894
run1,0,134,154.7646,11.3299
run1,0,135,149.949,9.6776
run1,0,136,154.8464,10.9086
run1,0,137,146.4228,7.9859
run1,0,138,159.9266,13.6169
run1,0,139,133.6545,5.8333
run1,0,140,163.53,14.6963
run1,0,141,155.4303,11.7945
run1,0,142,141.3074,7.3553
run1,0,143,148.0541,9.3445
run1,0,144,126.8088,4.7895
run1,0,145,151.0268,10.1658
run1,0,146,142.7763,8.4
run1,0,147,145.6791,8.7073
run1,0,148,168.3512,17.3046
run1,0,149,143.0495,8.7588
run1,0,150,147.877,9.1212
run1,0,151,155.4301,11.1622
run1,0,152,150.4572,9.6486
run1,0,153,151.5278,10.9252
run1,0,154,162.0293,14.5269
run1,0,155,167.429,16.1304
run1,0,156,157.3385,11.3128
run1,0,157,151.9537,10.9326
run1,0,158,157.7634,12.5682
run1,0,159,137.8173,5.8398
run1,0,160,153.5831,10.8043
run1,0,161,140.227,7
run1,0,162,154.5895,10.7634
run1,0,163,133.8461,5.5567
run1,0,164,154.5665,11.2
run1,0,165,153.3479,11.0698
run1,0,166,144.1045,8.8325
run1,0,167,143.9139,7.4094
run1,0,168,152.7422,10.5714
run1,0,169,144.422,7.7368
run1,0,170,164.0851,15.3051
run1,0,171,86.8549,3.0513
run1,0,172,167.0575,15.4848
run1,0,173,154.2914,12.6757
run1,0,174,158.0052,12.3846
run1,0,175,44.7717,0.7
run1,0,176,144.0841,8.3208
run1,0,177,156.4133,12.9204
run1,0,178,152.5082,10.9773
run1,0,179,146.4797,9
run1,0,180,158.1264,12.9799
run1,0,181,151.5967,10.9623
run1,0,182,155.7007,12.5828
run1,0,183,144.5934,8.3861
run1,0,184,163.7977,14.6303
run1,0,185,143.9795,8.0995
run1,0,186,168.6042,19.1154
run1,0,187,132.311,6.0583
run1,0,188,132.8647,5.6667
run1,0,189,144.0554,7.7778
run1,0,190,167.3345,18.7822
run1,0,191,123.8055,5.3092
run1,0,192,167.3548,16.6552
run1,0,193,149.8599,10.4054
run1,0,194,139.4771,7.3704
run1,0,195,137.2289,5.9231
run1,0,196,154.7357,11.1176
run1,0,197,147.5423,9.6415
run1,0,198,122.6285,4.8125
run1,0,199,156.2649,12.6757
run1,0,200,158.4648,13.6169
run1,0,201,131.9675,4.7895
run1,0,202,148.5368,9.9697
run1,0,203,152.8413,10.7561
run1,0,204,152.4321,10.6082
run1,0,205,134.8714,5.8398
run1,0,206,140.2111,8.6279
run1,0,207,144.2947,9.0388
run1,0,208,124.7597,4.5622
run1,0,209,137.3894,5.9655
run1,0,210,160.3919,14.0886
run1,0,211,163.8088,15.2353
run1,0,212,135.5804,7
run1,0,213,148.2572,9.5389
run1,0,214,164.1852,15.8608
run1,0,215,143.4178,8.6092
run1,0,216,153.976,11.1667
run1,0,217,154.5658,11.5729
run1,0,218,166.4149,19.1429
run1,0,219,142.3011,7.8333
run1,0,220,155.1568,11.715
run1,0,221,155.5769,12.9574
run1,0,222,117.3718,4.1345
run1,0,223,142.0893,7.6863
run1,0,224,99.0532,3.4407
run1,0,225,148.2001,10.4807
run1,0,226,163.3331,14.6
run1,0,227,133.1603,6.2553
run1,0,228,137.4748,7.4142
run1,0,229,146.531,9.2581
run1,0,230,165.7442,18.8579
run1,0,231,153.461,13.1538
run1,0,232,131.0924,5.9655
run1,0,233,134.9235,7
run1,0,234,162.2933,14.2678
run1,0,235,167.7454,19.994
run1,0,236,144.7901,10.1111
run1,0,237,154.7861,11.2857
run1,0,238,140.5503,8.4141
run1,0,239,147.177,9.5926
run1,0,240,105.8047,3.8342
run1,0,241,159.3505,13.5746
run1,0,242,164.2098,17
run1,0,243,140.1029,8.0995
run1,0,244,154.8266,11.8663
run1,0,245,154.7613,11.8148
run1,0,246,149.4916,10.5196
run1,0,247,153.4029,11.1584
run1,0,248,134.5907,6.6714
run1,0,249,23.6014,-0.68786
run1,0,250,142.2311,8.1602
run1,0,251,149.6302,10.6416
run1,0,252,73.2736,2.7317
run1,0,253,141.1175,8.8717
run1,0,254,148.0625,10.4426
run1,0,255,144.6571,9.4623
run1,0,256,164.8568,15.8421
run1,0,257,154.421,12.6757
run1,0,258,153.0802,11.023
run1,0,259,157.0808,11.7573
run1,0,260,98.9145,3.4804
run1,0,261,148.5695,10.4054
run1,0,262,73.8021,2.9686
run1,0,263,142.9606,8.0769
run1,0,264,139.5616,8.5054
run1,0,265,151.6946,11.2
run1,0,266,162.855,15.1726
run1,0,267,153.6471,13.087
run1,0,268,137.8333,7.4046
run1,0,269,149.5768,10.7278
run1,0,270,147.6679,9.8251
run1,0,271,139.7243,8.4286
run1,0,272,142.6994,8.1732
run1,0,273,140.6028,8.8717
run1,0,274,162.0872,14.7778
run1,0,275,125.7232,5.5859
run1,0,276,138.6412,7.7292
run1,0,277,98.5146,3.4804
run1,0,278,150.3622,10.7234
run1,0,279,70.3833,2.5789
run1,0,280,165.2883,15.046
run1,0,281,139.838,8.8135
run1,0,282,140.7936,8.3861
run1,0,283,149.9272,10.7234
run1,0,284,142.2885,8.0345
run1,0,285,139.4161,8.4433
run1,0,286,133.8416,6.3333
run1,0,287,154.377,11.5161
run1,0,288,140.4308,8.6471
run1,0,289,159.0157,13.648
run1,0,290,140.005,8.9091
run1,0,291,121.1546,4.2277
run1,0,292,149.2058,10.5
run1,0,293,156.7106,13.4948
run1,0,294,144.7131,9.8
run1,0,295,152.3679,12.615
run1,0,296,141.3011,8.9553
run1,0,297,131.3366,6.2708
run1,0,298,66.5564,2.4726
run1,0,299,158.1735,13.7961
run1,0,300,142.5672,8.9774
run2,0,1,158.2913,9.8283
run2,0,2,133.1213,6.2632
run2,0,3,122.6133,5.0663
run2,0,4,126.7642,5.2759
run2,0,5,142.2343,7.7368
run2,0,6,141.0271,8.5385
run2,0,7,153.3557,12.2
run2,0,8,133.823,6.5105
run2,0,9,146.6948,9.2826
run2,0,10,148.1121,9.8324
run2,0,11,141.9383,7.8642
run2,0,12,33.0972,-0.43017
run2,0,13,154.546,11.1176
run2,0,14,122.1343,4.5862
run2,0,15,151.2468,10.6458
run2,0,16,143.6981,8.1351
run2,0,17,134.6765,6.2308
run2,0,18,158.3517,13.7742
run2,0,19,84.3528,-2.4595
run2,0,20,150.3281,10.615
run2,0,21,148.4673,10.4807
run2,0,22,155.5677,13.2376
run2,0,23,140.4577,8.8717
run2,0,24,148.9806,10.2984
run2,0,25,141.515,8.1602
run2,0,26,156.7149,12.4974
run2,0,27,142.4635,8.3861
run2,0,28,159.6035,13.8293
run2,0,29,144.9284,9.3902
run2,0,30,164.8358,15.7027
run2,0,31,153.4343,11.4509
run2,0,32,141.2594,7.7071
run2,0,33,136.7491,7
run2,0,34,148.4327,9.6923
run2,0,35,97.485,3.5347
run2,0,36,141.793,7.6667
run2,0,37,158.2025,13.648
run2,0,38,50.2101,1.4944
run2,0,39,123.4652,4.5862
run2,0,40,150.213,9.8655
run2,0,41,154.6395,11.5562
run2,0,42,147.7133,9.6203
run2,0,43,155.196,13.2304
run2,0,44,162.4519,15.2123
run2,0,45,151.1002,12.6938
run2,0,46,121.0603,4.8351
run2,0,47,155.6666,12.7732
run2,0,48,154.2277,12.1042
run2,0,49,142.9509,8.1602
run2,0,50,165.9007,15.3696
run2,0,51,144.2566,9.1875
run2,0,52,160.1466,14.4118
run2,0,53,160.3176,13.8293
run2,0,54,162.1954,18.6
run2,0,55,135.3648,7
run2,0,56,149.056,10.7234
run2,0,57,152.0646,10.6842
run2,0,58,147.3794,9.8
run2,0,59,137.3363,7.3665
run2,0,60,163.1671,14.7778
run2,0,61,142.5209,9.3077
run2,0,62,154.7582,11.7191
run2,0,63,159.3284,13.7742
run2,0,64,152.2712,13.0577
run2,0,65,146.8965,10.6
run2,0,66,133.6324,7
run2,0,67,151.0424,10.8308
run2,0,68,150.7201,10.5714
run2,0,69,103.0691,3.6667
run2,0,70,154.6996,11.0741
run2,0,71,147.5639,10.4807
run2,0,72,118.5025,4.6923
run2,0,73,157.7152,12.9574
run2,0,74,151.6013,11.023
run2,0,75,166.3506,19.3529
run2,0,76,156.6303,14.037
run2,0,77,152.7297,12.2239
run2,0,78,152.8164,12.3216
run2,0,79,140.1663,7.8046
run2,0,80,154.8039,13.0406
run2,0,81,163.4785,16.1304
run2,0,82,155.1169,11.715
run2,0,83,119.5505,4.5377
run2,0,84,120.425,5
run2,0,85,167.1632,18.8265
run2,0,86,138.5631,8.8261
run2,0,87,155.6026,11.7573
run2,0,88,155.7912,11.8663
run2,0,89,166.2351,16.0184
run2,0,90,155.0448,11.4681
run2,0,91,152.2315,12.1579
run2,0,92,165.0323,18.608
run2,0,93,161.9806,15.8506
run2,0,94,132.594,6.2857
run2,0,95,166.0081,16.5939
run2,0,96,152.9179,13.3033
run2,0,97,147.7706,10.6
run2,0,98,146.0113,9.5926
run2,0,99,162.1048,15.3696
run2,0,100,163.0106,20.2432
run2,0,101,130.4843,4.4074
run2,0,102,145.7081,10.0732
run2,0,103,161.7955,14.6923
run2,0,104,155.3439,14.2414
run2,0,105,162.9963,14.9545
run2,0,106,151.0487,13.087
run2,0,107,151.8412,11.9189
run2,0,108,154.9152,12.7143
run2,0,109,156.5875,13.2304
run2,0,110,152.4715,12.615
run2,0,111,130.8894,6.2553
run2,0,112,141.9493,8.0881
run2,0,113,154.5579,12.5152
run2,0,114,147.1495,9.5926
run2,0,115,139.6281,9.1649
run2,0,116,161.9505,14.9459
run2,0,117,155.7635,13.7513
run2,0,118,139.7726,8.5217
run2,0,119,164.5531,17
run2,0,120,146.9591,10.4653
run2,0,121,154.0352,12.8947
run2,0,122,162.5116,16.8913
run2,0,123,151.0212,11.3503
run2,0,124,150.4521,11.0741
run2,0,125,164.3844,18.5294
run2,0,126,147.5365,10.8043
run2,0,127,139.367,7.7527
run2,0,128,64.1033,2.4971
run2,0,129,165.0089,19.6087
run2,0,130,156.4373,13.3636
run2,0,131,151.1126,11.6667
run2,0,132,151.7532,12.2688
run2,0,133,137.6825,7.7527
run2,0,134,157.814,13.8786
run2,0,135,143.2747,9.4378
run2,0,136,142.7158,9.3005
run2,0,137,149.9487,11
run2,0,138,125.2914,5.4783
run2,0,139,140.7499,8.8519
run2,0,140,153.8329,11.375
run2,0,141,126.2345,5.7425
run2,0,142,165.9408,17.678
run2,0,143,114.6167,4.7174
run2,0,144,154.3546,11.2077
run2,0,145,154.084,11.7573
run2,0,146,164.2355,15.0905
run2,0,147,138.9369,8.7949
run2,0,148,146.573,9.8283
run2,0,149,143.5604,9.4378
run2,0,150,155.7014,13.9014
run2,0,151,149.4151,10.9487
run2,0,152,154.6749,12.6
run2,0,153,136.0223,7.3256
run2,0,154,156.3005,12.8947
run2,0,155,149.6033,12.1042
run2,0,156,138.964,8.4433
run2,0,157,151.4835,12.2764
run2,0,158,150.2779,11.0698
run2,0,159,165.1116,16.1623
run2,0,160,165.2248,15.342
run2,0,161,150.3514,11.6667
run2,0,162,164.7343,15.3333
run2,0,163,150.6064,12.8659
run2,0,164,140.3596,9.1472
run2,0,165,154.4885,11.6667
run2,0,166,145.6795,10.0108
run2,0,167,133.2217,7
run2,0,168,154.5276,13.2222
run2,0,169,151.4292,11.6108
run2,0,170,119.6434,4.4074
run2,0,171,165.9656,15.75
run2,0,172,157.0144,14.1892
run2,0,173,165.418,15.75
run2,0,174,141.2438,7.7368
run2,0,175,146.9591,10.5714
run2,0,176,155.6936,13.1538
run2,0,177,141.8932,9.8283
run2,0,178,164.1605,16.6552
run2,0,179,131.7176,7
run2,0,180,151.5786,11.1584
run2,0,181,139.9443,8.9626
run2,0,182,149.2858,10.6493
run2,0,183,148.6693,10.6842
run2,0,184,162.3965,14.6166
run2,0,185,159.8507,14.3481
run2,0,186,146.0373,9.9341
run2,0,187,163.9082,20.3526
run2,0,188,139.902,9
run2,0,189,138.7444,8.6129
run2,0,190,154.522,13.1538
run2,0,191,151.3128,12.6566
run2,0,192,154.2744,11.5794
run2,0,193,163.6624,20.0392
run2,0,194,138.9301,8.1111
run2,0,195,162.1374,14.5
run2,0,196,144.3256,9.5926
run2,0,197,161.5919,20.5484
run2,0,198,161.2056,16.403
run2,0,199,145.3584,10.2886
run2,0,200,151.0823,11.3017
run2,0,201,78.5313,0.076923
run2,0,202,165.1149,19.5
run2,0,203,156.7451,13.8205
run2,0,204,163.7768,17.7692
run2,0,205,138.52,8.2426
run2,0,206,131.0666,6.3137
run2,0,207,127.7579,6.3
run2,0,208,146.0731,10.1818
run2,0,209,160.5485,22.2874
run2,0,210,158.6292,15.1215
run2,0,211,143.7395,9.6415
run2,0,212,150.5997,12.3846
run2,0,213,158.0722,14.1707
run2,0,214,156.978,13.4324
run2,0,215,160.7422,17.3046
run2,0,216,141.9165,9.7451
run2,0,217,162.0039,18.6043
run2,0,218,154.4357,14.1892
run2,0,219,148.0804,10.369
run2,0,220,141.5533,9.2581
run2,0,221,142.756,9.7684
run2,0,222,156.2063,13.4878
run2,0,223,149.6146,12.0838
run2,0,224,161.8574,16.6809
run2,0,225,156.0611,22.7803
run2,0,226,142.6137,10.3654
run2,0,227,160.2467,15.0769
run2,0,228,138.315,8.7766
run2,0,229,159.0098,13.3636
run2,0,230,154.9217,13.8478
run2,0,231,150.5082,12.1042
run2,0,232,129.2821,5.8649
run2,0,233,140.2316,7.7778
run2,0,234,161.8817,14.9459
run2,0,235,159.2143,18.4815
run2,0,236,151.2828,13.8
run2,0,237,158.3371,18.2903
run2,0,238,152.4262,13
run2,0,239,158.6868,15.2564
run2,0,240,153.361,13.2874
run2,0,241,148.6521,11.4828
run2,0,242,128.1631,6.6447
run2,0,243,127.6175,6.1954
run2,0,244,163.5232,15.6517
run2,0,245,135.5778,8.3084
run2,0,246,157.2191,13.648
run2,0,247,138.2866,8.4141
run2,0,248,163.1825,18.2903
run2,0,249,153.161,14.5269
run2,0,250,155.9738,13.1765
run2,0,251,143.5979,10.198
run2,0,252,162.6336,15.6096
run2,0,253,124.1148,5.9231
run2,0,254,163.1407,18.9
run2,0,255,144.0145,10.7234
run2,0,256,162.883,14.7778
run2,0,257,158.7692,15.8024
run2,0,258,130.8931,7
run2,0,259,149.6497,11.0777
run2,0,260,152.8375,12.6757
run2,0,261,135.9676,8.4894
run2,0,262,133.8611,7.3665
run2,0,263,148.9539,10.865
run2,0,264,164.4972,17
run2,0,265,147.9993,10.8462
run2,0,266,148.0761,10.8462
run2,0,267,146.3632,10.4426
run2,0,268,157.4909,14.0707
run2,0,269,125.7948,6.6175
run2,0,270,157.2563,13.7742
run2,0,271,144.7857,10.5714
run2,0,272,153.1167,13.0215
run2,0,273,101.1098,3.8342
run2,0,274,131.8858,7
run2,0,275,146.1694,10.4426
run2,0,276,149.7565,11.2424
run2,0,277,155.5222,13.8205
run2,0,278,147.83,12.2128
run2,0,279,156.8738,14.4302
run2,0,280,111.051,5
run2,0,281,163.7928,15.5714
run2,0,282,147.6431,11.0777
run2,0,283,143.7933,10.0435
run2,0,284,149.7291,12.5556
run2,0,285,160.5531,14.2917
run2,0,286,146.1563,10.4054
run2,0,287,144.2077,10.7634
run2,0,288,143.8897,9.7374
run2,0,289,134.7441,8.7949
run2,0,290,130.417,7
run2,0,291,159.7664,14.3516
run2,0,292,148.3962,10.7234
run2,0,293,152.236,12.4974
run2,0,294,166.0585,17.4598
run2,0,295,142.5629,9.9577
run2,0,296,151.6237,11.6667
run2,0,297,165.3829,17.7407
run2,0,298,137.9662,8.9774
run2,0,299,144.5849,10.369
run2,0,300,148.1012,12.8049
run3,0,1,154.7093,9.4138
run3,0,2,137.1144,7.3867
run3,0,3,122.0922,4.3514
run3,0,4,148.8681,10.6842
run3,0,5,133.7136,7
run3,0,6,138.1783,7.7143
run3,0,7,132.1287,5.8398
run3,0,8,32.1606,0.70787
run3,0,9,142.253,9.3333
run3,0,10,116.7769,4.7419
run3,0,11,123.4275,5.2234
run3,0,12,141.1224,7.7778
run3,0,13,72.9374,2.9686
run3,0,14,140.4023,8.0881
run3,0,15,122.142,4.8788
run3,0,16,166.7178,18.0112
run3,0,17,141.4501,8.0244
run3,0,18,120.6412,4.7419
run3,0,19,142.3237,7.9953
run3,0,20,139.7383,8.3208
run3,0,21,118.8666,4.4872
run3,0,22,150.791,10.7634
run3,0,23,90.0424,3.2766
run3,0,24,120.4054,4.6404
run3,0,25,140.7558,8.8261
run3,0,26,153.1367,11.3299
run3,0,27,147.325,10.5196
run3,0,28,139.8731,7.8333
run3,0,29,140.3854,8.75
run3,0,30,149.8918,10.5
run3,0,31,151.1899,12.3216
run3,0,32,132.3607,5.8649
run3,0,33,152.4442,11
run3,0,34,154.7226,12.7143
run3,0,35,130.4506,5.8889
run3,0,36,135.5255,7.3196
run3,0,37,140.0797,8.9126
run3,0,38,86.0393,3.2439
run3,0,39,113.2936,3.9565
run3,0,40,138.8852,7.3553
run3,0,41,123.5532,5.1081
run3,0,42,137.7814,7.3256
run3,0,43,151.9869,10.7634
run3,0,44,135.786,7.3448
run3,0,45,154.5285,11.3541
run3,0,46,153.0545,12.5056
run3,0,47,143.1436,8.1602
run3,0,48,143.9896,9.234
run3,0,49,132.8295,7
run3,0,50,140.3462,8.7073
run3,0,51,121.3344,5.1675
run3,0,52,151.3939,10.9487
run3,0,53,148.7409,9.9577
run3,0,54,130.5987,6.1566
run3,0,55,130.3232,5.9119
run3,0,56,141.6784,8.1864
run3,0,57,145.8751,9.5128
run3,0,58,115.9134,4.6136
run3,0,59,122.1819,4.6098
run3,0,60,81.2221,2.9302
run3,0,61,140.8203,8.8519
run3,0,62,151.5955,10.8462
run3,0,63,132.0387,5.877
run3,0,64,149.8592,10.4314
run3,0,65,46.6561,1.6667
run3,0,66,127.0492,5.4444
run3,0,67,121.4378,4.929
run3,0,68,142.3958,7.9767
run3,0,69,120.6725,4.2549
run3,0,70,130.9194,5.6408
run3,0,71,140.5672,8.4894
run3,0,72,140.8026,8.8919
run3,0,73,132.0049,6.6651
run3,0,74,139.8132,7.7447
run3,0,75,135.1942,7
run3,0,76,129.121,5.6916
run3,0,77,119.85,5.0226
run3,0,78,160.6565,14.7778
run3,0,79,132.5262,6.6296
run3,0,80,155.5553,11.5729
run3,0,81,143.3547,8.0145
run3,0,82,140.0648,8.6908
run3,0,83,142.0205,8.4894
run3,0,84,144.0895,9.2581
run3,0,85,138.8438,7.3743
run3,0,86,134.3628,6.6447
run3,0,87,118.5012,4.5862
run3,0,88,140.4571,7.6863
run3,0,89,132.7497,6.2045
run3,0,90,151.6092,11.1176
run3,0,91,148.0242,10.3333
run3,0,92,138.7922,8.7073
run3,0,93,131.0606,6.641
run3,0,94,150.8556,10.9487
run3,0,95,129.503,-5.6341
run3,0,96,145.4814,10.0769
run3,0,97,129.5285,6.6447
run3,0,98,143.7029,9.1875
run3,0,99,137.5252,8.573
run3,0,100,153.5963,11.375
run3,0,101,74.8449,1.8276
run3,0,102,142.97,8.8919
run3,0,103,120.3478,4.4346
run3,0,104,146.2926,10.1034
run3,0,105,165.0326,17
run3,0,106,132.1316,7
run3,0,107,126.7565,5.427
run3,0,108,165.4671,15.2796
run3,0,109,139.0642,8.0881
run3,0,110,139.7299,7.6667
run3,0,111,121.0536,4.6404
run3,0,112,155.6554,13
run3,0,113,139.948,8.8325
run3,0,114,133.9437,6.2135
run3,0,115,140.206,8.2426
run3,0,116,104.8672,3.6346
run3,0,117,142.6492,8.1732
run3,0,118,30.2577,-0.34807
run3,0,119,145.962,9.4138
run3,0,120,138.7629,7.7447
run3,0,121,138.5675,7.4192
run3,0,122,140.7287,8.0769
run3,0,123,131.9754,6.5858
run3,0,124,128.4738,6.5906
run3,0,125,156.4504,12.0515
run3,0,126,41.0937,1.0796
run3,0,127,147.5511,9.6923
run3,0,128,114.6905,4.4611
run3,0,129,132.7858,6.1954
run3,0,130,153.6206,11.0314
run3,0,131,156.2609,11.1553
run3,0,132,118.0484,4.3514
run3,0,133,119.379,4.5377
run3,0,134,135.8683,7.3349
run3,0,135,141.7052,8.1351
run3,0,136,140.0234,8.8135
run3,0,137,92.0114,3.3542
run3,0,138,141.1164,8.9553
run3,0,139,150.6857,10.6458
run3,0,140,155.4232,12.3846
run3,0,141,141.075,8.3725
run3,0,142,139.7854,7.7216
run3,0,143,43.9222,1.4
run3,0,144,163.937,14.861
run3,0,145,152.3395,11.2723
run3,0,146,131.9498,6.2632
run3,0,147,121.2009,5.0909
run3,0,148,154.1375,12.5556
run3,0,149,145.1786,9.2791
run3,0,150,121.097,4.7174
run3,0,151,152.3271,10.9773
run3,0,152,155.4467,11.4509
run3,0,153,145.5146,9.6203
run3,0,154,149.3997,10.8693
run3,0,155,130.2178,6.186
run3,0,156,117.886,4.2549
run3,0,157,153.3894,12.0515
run3,0,158,119.7742,4.7174
run3,0,159,129.5245,5.4018
run3,0,160,122.509,4.6136
run3,0,161,166.4425,16.2
run3,0,162,77.0835,2.6701
run3,0,163,135.0627,7
run3,0,164,151.4976,10.7234
run3,0,165,141.8475,7.7447
run3,0,166,144.7253,9.1212
run3,0,167,110.5021,3.8342
run3,0,168,131.9584,6.6296
run3,0,169,141.8561,8.8519
run3,0,170,133.3065,6.3204
run3,0,171,58.3232,2
run3,0,172,147.1478,10.0435
run3,0,173,118.639,4.6667
run3,0,174,120.292,4.8788
run3,0,175,94.7515,3.3542
run3,0,176,121.703,5.1675
run3,0,177,142.0818,8.123
run3,0,178,138.1085,8.5556
run3,0,179,132.147,6.6296
run3,0,180,50.8652,1.8958
run3,0,181,14.28,-0.18919
run3,0,182,129.7161,5.5263
run3,0,183,143.0093,9.0468
run3,0,184,59.0435,1.9724
run3,0,185,73.1037,2.4726
run3,0,186,117.284,4.1429
run3,0,187,143.5598,9.1212
run3,0,188,141.0597,7.7609
run3,0,189,132.606,6.2784
run3,0,190,140.8376,8.4141
run3,0,191,133.1514,6.6335
run3,0,192,41.2551,1.2857
run3,0,193,102.9697,3.5574
run3,0,194,135.2515,7
run3,0,195,78.7048,2.9259
run3,0,196,144.2457,9.4138
run3,0,197,126.7776,5.5906
run3,0,198,98.6927,3.3918
run3,0,199,120.6614,4.6777
run3,0,200,118.9234,4.0833
run3,0,201,139.4081,7
run3,0,202,141.7319,8.1351
run3,0,203,126.6763,5.2759
run3,0,204,139.9947,8.1111
run3,0,205,133.4154,6.2929
run3,0,206,27.8567,-0.46193
run3,0,207,131.4943,6.2708
run3,0,208,28.2977,0.2
run3,0,209,79.2621,2.7143
run3,0,210,67.9013,2.2356
run3,0,211,23.2159,-1
run3,0,212,129.966,5.6139
run3,0,213,27.6149,0.44828
run3,0,214,135.498,5.9447
run3,0,215,121.3009,5.1481
run3,0,216,132.526,6.6335
run3,0,217,149.3829,10.4653
run3,0,218,119.901,4.929
run3,0,219,142.7558,8.3333
run3,0,220,123.1086,4.9532
run3,0,221,25.1505,-0.24138
run3,0,222,134.717,6.2708
run3,0,223,141.2029,7.6422
run3,0,224,141.99,8.7241
run3,0,225,105.7453,3.5193
run3,0,226,148.9035,10.0435
run3,0,227,141.4737,8.2883
run3,0,228,77.0038,-2.1623
run3,0,229,147.7366,9.5926
run3,0,230,162.4147,15.2123
run3,0,231,146.0643,10.2558
run3,0,232,142.8872,8.0448
run3,0,233,157.2201,12.9322
run3,0,234,152.6344,13.0215
run3,0,235,127.7602,5.8136
run3,0,236,155.46,11.8428
run3,0,237,154.8483,11.9189
run3,0,238,133.3149,6.6175
run3,0,239,118.0416,4.7895
run3,0,240,157.9578,13
run3,0,241,137.992,7.3955
run3,0,242,136.2837,6.3069
run3,0,243,130.4207,6.2391
run3,0,244,102.5741,3.4804
run3,0,245,140.9884,8.7949
run3,0,246,139.0678,7.4459
run3,0,247,97.5941,3.3918
run3,0,248,146.8617,9.3864
run3,0,249,72.6771,-2.1623
run3,0,250,123.7976,5.0374
run3,0,251,140.0524,8.6279
run3,0,252,144.1347,8.1602
run3,0,253,123.0191,4.2277
run3,0,254,126.4054,5.2051
run3,0,255,155.8497,11.7191
run3,0,256,121.3417,4.3585
run3,0,257,151.6235,10.7234
run3,0,258,134.7563,7
run3,0,259,146.8447,10.0144
run3,0,260,48.2517,1.1989
run3,0,261,120.4707,4.1676
run3,0,262,154.4947,11.3503
run3,0,263,140.2593,8.3592
run3,0,264,141.6194,8.5054
run3,0,265,142.6027,8.3376
run3,0,266,160.7972,14.2121
run3,0,267,143.9023,8.1602
run3,0,268,64.1905,1.6784
run3,0,269,141.2879,8.7766
run3,0,270,58.7325,1.8958
run3,0,271,120.5786,4.3514
run3,0,272,143.9458,9.1429
run3,0,273,131.9094,5.8525
run3,0,274,156.4964,13.186
run3,0,275,130.8455,6.1765
run3,0,276,156.3162,11.6108
run3,0,277,58.1081,1.6784
run3,0,278,109.9827,3.7016
run3,0,279,143.1424,8.123
run3,0,280,143.2315,9.0675
run3,0,281,142.9511,9.0588
run3,0,282,156.0158,11.5729
run3,0,283,113.0247,3.8539
run3,0,284,134.7752,5.934
run3,0,285,137.1378,8.5909
run3,0,286,151.841,11.0314
run3,0,287,165.017,15.0208
run3,0,288,156.778,13.8627
run3,0,289,155.1058,14.037
run3,0,290,165.3411,16.0674
run3,0,291,120.9085,4.3077
run3,0,292,159.4528,14.4118
run3,0,293,135.3835,7
run3,0,294,157.3502,13.2304
run3,0,295,145.7115,9.8571
run3,0,296,124.4099,5.4946
run3,0,297,156.5181,11.7573
run3,0,298,125.5962,5.3412
run3,0,299,154.2786,11.2
run3,0,300,146.2902,9.7374
run4,0,1,152.9063,8.0448
run4,0,2,145.4238,9.7684
run4,0,3,124.4779,5.2412
run4,0,4,168.7016,17.678
run4,0,5,121.959,5
run4,0,6,111.3023,3.7059
run4,0,7,131.1188,6.6
run4,0,8,120.7812,5.0226
run4,0,9,153.1709,11.9727
run4,0,10,142.3203,9.0792
run4,0,11,151.4361,11.0314
run4,0,12,35.1169,-1.4
run4,0,13,129.4324,6.2391
run4,0,14,137.8445,7.3911
run4,0,15,33.4986,0.70787
run4,0,16,134.5671,6.2391
run4,0,17,136.3348,7.3867
run4,0,18,123.4817,4.7174
run4,0,19,151.7592,10.8043
run4,0,20,133.0917,5.877
run4,0,21,141.6178,8.4583
run4,0,22,153.3397,12.8011
run4,0,23,135.4271,7.3382
run4,0,24,148.495,10.4426
run4,0,25,132.2483,6.3204
run4,0,26,139.1289,7.3704
run4,0,27,132.8536,5.7861
run4,0,28,154.1903,12.2
run4,0,29,48.9857,1.6154
run4,0,30,141.2842,7.7216
run4,0,31,140.5944,7.7292
run4,0,32,136.797,7.3483
run4,0,33,134.971,7
run4,0,34,153.7332,12.1412
run4,0,35,155.8951,13.0215
run4,0,36,145.015,9.8866
run4,0,37,76.1822,-1.9944
run4,0,38,132.7094,6.0047
run4,0,39,120.0433,4.5377
run4,0,40,154.3711,11.7115
run4,0,41,143.3254,9.3671
run4,0,42,152.5074,11.5274
run4,0,43,137.5409,7.3955
run4,0,44,141.9812,8.5217
run4,0,45,153.6664,12.5682
run4,0,46,156.461,12.8333
run4,0,47,138.0286,8.5909
run4,0,48,161.9226,14.4619
run4,0,49,145.4079,9.5455
run4,0,50,141.2312,7.7692
run4,0,51,161.063,14.5269
run4,0,52,71.9085,-2.0184
run4,0,53,136.2301,7
run4,0,54,139.8726,7.7292
run4,0,55,119.0429,3.9892
run4,0,56,167.549,16.8
run4,0,57,129.1745,6.2553
run4,0,58,128.8819,5.8398
run4,0,59,158.623,13.3636
run4,0,60,158.1913,14.7778
run4,0,61,134.0948,7.3553
run4,0,62,131.1786,6.2473
run4,0,63,151.1765,11.0314
run4,0,64,141.4694,8.4894
run4,0,65,145.6918,9.8866
run4,0,66,165.9467,17.6061
run4,0,67,152.3602,11.7573
run4,0,68,154.7828,11.2424
run4,0,69,138.4178,7.7865
run4,0,70,153.3268,11.9495
run4,0,71,140.2611,8.4
run4,0,72,137.1604,7.4094
run4,0,73,131.5729,6.2553
run4,0,74,140.0642,8.8325
run4,0,75,153.9349,11.9
run4,0,76,166.2176,16.3333
run4,0,77,118.6345,5.0874
run4,0,78,144.3798,9.2581
run4,0,79,133.0769,7
run4,0,80,153.6858,11.6193
run4,0,81,144.9014,9.4378
run4,0,82,137.7804,8.5217
run4,0,83,151.18,12.2764
run4,0,84,155.0352,13.0215
run4,0,85,151.439,12.4974
run4,0,86,157.2438,11.8663
run4,0,87,165.458,15.8832
run4,0,88,141.5524,8.7588
run4,0,89,155.076,12.9574
run4,0,90,122.264,5.427
run4,0,91,153.0536,12.1579
run4,0,92,155.8318,14
run4,0,93,151.0419,12.7488
run4,0,94,144.0883,9.5926
run4,0,95,126.2291,6.6
run4,0,96,149.6474,10.5593
run4,0,97,140.8288,9.1
run4,0,98,123.7563,5.2051
run4,0,99,147.6269,9.6776
run4,0,100,137.5148,8.7949
run4,0,101,132.0397,5.2927
run4,0,102,56.8792,1.8
run4,0,103,157.3069,13.1165
run4,0,104,138.0206,8.5909
run4,0,105,156.8515,13.8786
run4,0,106,136.4821,7.3665
run4,0,107,158.5932,13.9634
run4,0,108,138.6953,8.4433
run4,0,109,145.1924,9.9787
run4,0,110,155.5909,13.0406
run4,0,111,157.7415,14.8537
run4,0,112,110.1331,4.7419
run4,0,113,142.7571,9.2374
run4,0,114,152.7149,12.1579
run4,0,115,145.6303,9.8571
run4,0,116,113.2841,4.0833
run4,0,117,145.5463,10.2984
run4,0,118,146.6301,10.5
run4,0,119,153.6234,11.6226
run4,0,120,129.583,6.6257
run4,0,121,70.1624,2.3333
run4,0,122,136.4438,8.6908
run4,0,123,70.0209,2.7143
run4,0,124,144.4602,9.4138
run4,0,125,143.4469,9.6486
run4,0,126,117.568,5.1675
run4,0,127,132.957,7
run4,0,128,144.6012,9.561
run4,0,129,127.1335,6.5858
run4,0,130,129.8343,6.2473
run4,0,131,128.8542,6.2473
run4,0,132,71.7662,2.4971
run4,0,133,160.1197,14.2917
run4,0,134,146.0469,9.9787
run4,0,135,129.5442,6.2308
run4,0,136,148.7093,10.8532
run4,0,137,136.4993,7.3553
run4,0,138,165.9605,18.4286
run4,0,139,151.56,12.5682
run4,0,140,57.3211,1.8421
run4,0,141,127.9974,5.5859
run4,0,142,139.4124,8.5054
run4,0,143,151.4294,11.2541
run4,0,144,24.0418,0.42541
run4,0,145,145.0091,9.5926
run4,0,146,138.0978,8.8325
run4,0,147,159.4943,13.5746
run4,0,148,137.6959,7.7292
run4,0,149,138.334,7.7527
run4,0,150,147.7777,10.6458
run4,0,151,152.5669,12.9036
run4,0,152,152.2585,13.0215
run4,0,153,151.3911,12.9799
run4,0,154,84.9459,3.2439
run4,0,155,118.8787,4.9
run4,0,156,141.0071,8.2613
run4,0,157,130.6085,6.6089
run4,0,158,139.8826,8.9337
run4,0,159,144.9139,9.4623
run4,0,160,117.6623,4.3224
run4,0,161,131.806,6.3578
run4,0,162,134.1287,7
run4,0,163,150.822,11.023
run4,0,164,153.227,12.4444
run4,0,165,164.6698,18.6667
run4,0,166,162.7573,16.7927
run4,0,167,139.4948,8.9337
run4,0,168,141.0707,8.8919
run4,0,169,146.4809,9.9474
run4,0,170,138.8906,8.8919
run4,0,171,148.5326,10.369
run4,0,172,156.4785,13.8
run4,0,173,139.0436,8.7722
run4,0,174,150.7894,10.6842
run4,0,175,128.8568,6.6447
run4,0,176,152.3697,11.5729
run4,0,177,130.5169,6.5906
run4,0,178,154.2744,11.5274
run4,0,179,130.6865,6.2473
run4,0,180,154.3867,11.8276
run4,0,181,138.2793,7.7447
run4,0,182,151.0116,11.0385
run4,0,183,142.4727,9.4623
run4,0,184,149.9457,11.9727
run4,0,185,149.1635,10.271
run4,0,186,113.7618,4.2626
run4,0,187,139.3794,8.1602
run4,0,188,141.6094,8.7949
run4,0,189,141.7463,8.0345
run4,0,190,153.4242,12.0602
run4,0,191,152.7819,11.7727
run4,0,192,148.6023,9.4706
run4,0,193,162.1888,17.2162
run4,0,194,142.9954,9.5128
run4,0,195,143.031,9.8
run4,0,196,141.3744,9.4378
run4,0,197,126.3546,5.9119
run4,0,198,134.5759,7.3553
run4,0,199,154.6934,13
run4,0,200,138.4074,8.3725
run4,0,201,136.1198,5.9119
run4,0,202,157.8023,14.2414
run4,0,203,129.9332,5.8268
run4,0,204,153.3427,11.375
run4,0,205,162.624,14.8537
run4,0,206,109.9,4.9612
run4,0,207,123.628,5.2759
run4,0,208,156.9253,11.4211
run4,0,209,151.6656,12.6757
run4,0,210,155.8248,13.2963
run4,0,211,138.81,8.8519
run4,0,212,126.6811,5.4946
run4,0,213,139.2539,7.7216
run4,0,214,155.0208,13
run4,0,215,114.7672,4.9612
run4,0,216,85.8446,3.1538
run4,0,217,145.0428,9.8655
run4,0,218,153.8365,12.7647
run4,0,219,138.5346,8.4286
run4,0,220,154.4534,11.9727
run4,0,221,156.4939,13.5116
run4,0,222,140.431,9.3445
run4,0,223,96.769,3.4804
run4,0,224,140.5202,8.2
run4,0,225,154.2759,12.8947
run4,0,226,117.6523,4.7174
run4,0,227,140.8202,9.071
run4,0,228,131.8149,7
run4,0,229,151.9264,12.3261
run4,0,230,156.758,13.7742
run4,0,231,162.9171,16.3814
run4,0,232,139.9253,8.2883
run4,0,233,139.6687,8.5909
run4,0,234,141.7753,9.1212
run4,0,235,153.8177,12.2764
run4,0,236,143.7752,8.1732
run4,0,237,155.6029,13.2376
run4,0,238,116.6127,4.8788
run4,0,239,149.389,10.9252
run4,0,240,158.3832,13.5027
run4,0,241,148.9357,11.2424
run4,0,242,116.7673,4.4611
run4,0,243,135.5621,7.3483
run4,0,244,120.1625,4.5622
run4,0,245,145.2739,9.9787
run4,0,246,157.0696,13.6316
run4,0,247,117.5754,5.0663
run4,0,248,129.6625,5.8
run4,0,249,143.1969,9.6203
run4,0,250,154.7076,13.9634
run4,0,251,155.9026,13.7021
run4,0,252,135.6582,7.3743
run4,0,253,160.7464,14.2917
run4,0,254,159.4332,14.2917
run4,0,255,142.8854,9
run4,0,256,154.9351,11.5274
run4,0,257,143.3941,9.4623
run4,0,258,127.0814,6.6916
run4,0,259,137.6403,7.7071
run4,0,260,131.5804,6.2045
run4,0,261,133.2402,7
run4,0,262,166.0777,15.895
run4,0,263,65.7267,2.3333
run4,0,264,162.1914,14.8652
run4,0,265,127.3415,6.2308
run4,0,266,77.3168,3.0104
run4,0,267,128.1087,6.6
run4,0,268,153.5467,12.6322
run4,0,269,155.1025,11.9495
run4,0,270,140.2891,7.7955
run4,0,271,142.2774,9.234
run4,0,272,163.0607,15.4615
run4,0,273,149.7262,12.5446
run4,0,274,140.991,8.7766
run4,0,275,120.9057,5.1481
run4,0,276,156.699,13.648
run4,0,277,149.7617,12.4974
run4,0,278,151.346,10.9487
run4,0,279,152.6205,11.1584
run4,0,280,141.2508,9.2105
run4,0,281,126.9471,6.5954
run4,0,282,166.7077,15.9944
run4,0,283,145.8064,10.1658
run4,0,284,138.4243,8.5054
run4,0,285,73.8038,2.7923
run4,0,286,147.9794,10.5196
run4,0,287,56.3119,2.2885
run4,0,288,152.9722,11.4828
run4,0,289,122.4757,5.0447
run4,0,290,165.1356,16.3902
run4,0,291,131.1079,7
run4,0,292,151.7115,12.6
run4,0,293,140.9027,8.9553
run4,0,294,140.2749,8.1475
run4,0,295,154.1102,11.5652
run4,0,296,117.4347,4.8788
run4,0,297,113.6389,4.0213
run4,0,298,161.5211,14.1892
run4,0,299,139.5717,8.4737
run4,0,300,149.2208,10.6458
run5,0,1,121.5091,3.4407
run5,0,2,140.4598,8.4
run5,0,3,86.5364,3.1307
run5,0,4,61.7696,-1.6928
run5,0,5,143.2198,9.2105
run5,0,6,138.7361,8.573
run5,0,7,49.5866,1.7399
run5,0,8,56.3099,1.4554
run5,0,9,122.5376,4.3224
run5,0,10,141.4593,8.1475
run5,0,11,98.1974,3.3542
run5,0,12,111.6251,3.8182
run5,0,13,106.3386,3.5946
run5,0,14,98.5655,3.2766
run5,0,15,127.5384,5.3721
run5,0,16,140.9912,8.4583
run5,0,17,132.5621,6.5706
run5,0,18,132.7647,7
run5,0,19,141.9495,8.1864
run5,0,20,126.6068,5.2412
run5,0,21,133.0151,5.9231
run5,0,22,129.4769,6.6175
run5,0,23,123.2333,5.1481
run5,0,24,143.479,9.0388
run5,0,25,21.8475,-1.046
run5,0,26,70.6952,2.1724
run5,0,27,147.1863,9.4623
run5,0,28,120.424,5.0874
run5,0,29,142.355,8.4737
run5,0,30,146.4173,10.198
run5,0,31,63.1543,2.0811
run5,0,32,79.8587,2.7923
run5,0,33,128.3225,5.427
run5,0,34,147.3075,9.9787
run5,0,35,148.5625,9.9787
run5,0,36,140.5503,7.7692
run5,0,37,157.6311,13.648
run5,0,38,142.8077,8.4583
run5,0,39,145.109,9.234
run5,0,40,139.7695,8.5054
run5,0,41,133.5951,6.2553
run5,0,42,165.055,15.216
run5,0,43,146.2205,10.0108
run5,0,44,144.5935,9.4623
run5,0,45,58.8744,-1.7027
run5,0,46,93.4309,3.1692
run5,0,47,130.7687,6.6089
run5,0,48,141.0059,8.6432
run5,0,49,158.8875,14
run5,0,50,132.0564,6.6618
run5,0,51,140.1522,8.4
run5,0,52,154.6526,12.3216
run5,0,53,143.2515,8.0244
run5,0,54,134.2105,6.2632
run5,0,55,141.6486,8.1864
run5,0,56,147.2425,9.8
run5,0,57,126.1144,5.4163
run5,0,58,77.0365,2.2809
run5,0,59,154.2352,13.0215
run5,0,60,103.6808,3.5946
run5,0,61,145.2569,9.234
run5,0,62,94.3895,3.2722
run5,0,63,100.8724,3.5193
run5,0,64,133.2838,6.6
run5,0,65,138.8774,8.7949
run5,0,66,134.5572,7
run5,0,67,157.3443,13.4417
run5,0,68,164.1784,16.5628
run5,0,69,141.9061,9.3902
run5,0,70,152.976,11.1176
run5,0,71,140.7928,8.0048
run5,0,72,146.9302,10.3019
run5,0,73,154.8402,13.8912
run5,0,74,126.2548,5.6792
run5,0,75,154.6404,12.3846
run5,0,76,149.7574,10.5
run5,0,77,129.2533,6.2784
run5,0,78,141.2234,8.1351
run5,0,79,147.9086,9.6667
run5,0,80,133.3154,7
run5,0,81,153.3611,11.4681
run5,0,82,143.6143,9.4873
run5,0,83,155.2126,12.9322
run5,0,84,133.2782,7
run5,0,85,153.4865,11.3017
run5,0,86,124.0368,5.2051
run5,0,87,147.6824,10.2308
run5,0,88,129.0748,6.5541
run5,0,89,164.0914,14.8571
run5,0,90,150.9266,10.8693
run5,0,91,144.8343,7.8537
run5,0,92,164.1552,15.01
run5,0,93,102.5093,3.7816
run5,0,94,141.3875,8.4894
run5,0,95,146.6081,10.4807
run5,0,96,130.8755,5.8525
run5,0,97,152.3171,11.0314
run5,0,98,69.1988,2.2809
run5,0,99,134.2974,7
run5,0,100,139.3568,7.7609
run5,0,101,159.8316,11.5562
run5,0,102,142.2325,9.1649
run5,0,103,134.1735,7
run5,0,104,155.4702,11.715
run5,0,105,154.7305,12.7732
run5,0,106,133.2801,7
run5,0,107,130.1266,5.8136
run5,0,108,144.4604,9.4138
run5,0,109,152.4583,11.3299
run5,0,110,151.7293,12.3216
run5,0,111,130.8522,6.6
run5,0,112,146.9855,9.8655
run5,0,113,131.2169,5.8649
run5,0,114,142.5572,9.0388
run5,0,115,142.9424,9.0388
run5,0,116,132.5755,6.6
run5,0,117,147.064,9.7072
run5,0,118,146.8224,10.369
run5,0,119,140.283,7.6667
run5,0,120,147.9313,10.4426
run5,0,121,128.8975,6.2708
run5,0,122,138.0087,8.6908
run5,0,123,135.3298,7
run5,0,124,105.4585,3.5686
run5,0,125,146.2575,9.4623
run5,0,126,129.8836,6.6257
run5,0,127,166.8385,15.2564
run5,0,128,153.1381,11.5161
run5,0,129,140.5128,8.4433
run5,0,130,153.521,12.0239
run5,0,131,153.359,12.4974
run5,0,132,140.3359,7.7527
run5,0,133,139.9208,8.8135
run5,0,134,154.482,11.5729
run5,0,135,146.5298,10.2558
run5,0,136,137.8163,7.4
run5,0,137,160.1646,14.6087
run5,0,138,158.6171,14.4884
run5,0,139,144.8602,9.6776
run5,0,140,133.1775,7
run5,0,141,143.4501,9.3902
run5,0,142,145.3972,10.4314
run5,0,143,145.8967,9.6486
run5,0,144,164.1218,15.4
run5,0,145,143.7681,9.3671
run5,0,146,138.5317,7.814
run5,0,147,132.1226,6.2135
run5,0,148,58.9396,1.8148
run5,0,149,136.7368,7.3382
run5,0,150,143.2538,9.0231
run5,0,151,139.1074,7.7292
run5,0,152,132.6633,6.6089
run5,0,153,138.9099,8.7284
run5,0,154,137.8114,7.3784
run5,0,155,131.4379,5.8
run5,0,156,156.7803,13.2376
run5,0,157,139.3572,8.7949
run5,0,158,151.0823,10.8889
run5,0,159,60.5912,1.7872
run5,0,160,149.2106,10.4529
run5,0,161,166.1792,17.8889
run5,0,162,132.2703,6.0411
run5,0,163,147.1435,10.5196
run5,0,164,154.5377,11.715
run5,0,165,137.871,7.3867
run5,0,166,147.3166,9.7184
run5,0,167,128.5881,6.2708
run5,0,168,152.5354,11.2077
run5,0,169,95.9212,3.4646
run5,0,170,141.4464,8.0769
run5,0,171,133.9315,7
run5,0,172,143.0738,9.0231
run5,0,173,147.5832,9.9167
run5,0,174,134.9045,7
run5,0,175,54.5336,-1.7027
run5,0,176,148.0413,10.1343
run5,0,177,136.0232,7.3627
run5,0,178,151.4244,11.0741
run5,0,179,153.3651,11.8039
run5,0,180,146.3621,10.369
run5,0,181,149.5709,10.5714
run5,0,182,127.3144,5.5106
run5,0,183,164.375,15.0606
run5,0,184,146.1585,10.0108
run5,0,185,151.7643,10.8693
run5,0,186,144.715,9.2581
run5,0,187,75.965,2.6497
run5,0,188,158.9746,13.5421
run5,0,189,115.2087,4.6404
run5,0,190,146.805,9.9302
run5,0,191,156.889,14.0707
run5,0,192,141.6351,8.066
run5,0,193,151.4511,11.1935
run5,0,194,151.5716,11.3503
run5,0,195,144.1101,9.4873
run5,0,196,144.6736,9.7511
run5,0,197,137.9358,8.5556
run5,0,198,124.148,5.2927
run5,0,199,141.0924,8.4583
run5,0,200,122.0483,4.9612
run5,0,201,159.0005,12.2764
run5,0,202,154.3195,11.6667
run5,0,203,33.7892,0.33333
run5,0,204,141.0649,8.7241
run5,0,205,153.4275,11.3017
run5,0,206,118.3501,4.2928
run5,0,207,136.4815,7.3382
run5,0,208,134.5652,7
run5,0,209,147.3823,10.6416
run5,0,210,146.54,10.3333
run5,0,211,139.5748,8.8325
run5,0,212,140.4593,8.4583
run5,0,213,139.8704,8.3907
run5,0,214,25.4468,-1.01
run5,0,215,155.5998,11.9123
run5,0,216,141.5228,7.7955
run5,0,217,155.606,12.9799
run5,0,218,162.4732,19.8049
run5,0,219,119.1094,4.8125
run5,0,220,140.6429,7.8235
run5,0,221,113.5368,4.1493
run5,0,222,155.4911,13.0215
run5,0,223,152.9761,13.4368
run5,0,224,151.618,11.4509
run5,0,225,150.4531,11.023
run5,0,226,147.2518,9.7451
run5,0,227,147.7076,10.6
run5,0,228,113.0476,4.0213
run5,0,229,146.0059,10.1034
run5,0,230,114.7458,4.0833
run5,0,231,151.5302,12.6977
run5,0,232,165.8472,18.7341
run5,0,233,145.2533,9.7072
run5,0,234,150.4711,12.2
run5,0,235,142.2088,9.234
run5,0,236,139.4629,9.071
run5,0,237,142.8111,9.0388
run5,0,238,154.4647,12.0838
run5,0,239,139.2168,7.4348
run5,0,240,140.4468,7.814
run5,0,241,121.9648,4.8788
run5,0,242,153.9452,12.0515
run5,0,243,146.0033,9.5301
run5,0,244,142.9369,9.4138
run5,0,245,147.2405,10.3333
run5,0,246,77.8604,2.8378
run5,0,247,98.339,3.3584
run5,0,248,115.32,3.9268
run5,0,249,142.3811,8.8919
run5,0,250,147.7102,9.8324
run5,0,251,122.8604,5.2927
run5,0,252,156.8413,12.2688
run5,0,253,160.1232,14.6
run5,0,254,140.0582,8.4286
run5,0,255,141.9478,8.7588
run5,0,256,134.5216,6.2553
run5,0,257,164.7524,15.1053
run5,0,258,100.6841,3.631
run5,0,259,148.1315,10.0769
run5,0,260,146.1529,9.8866
run5,0,261,114.1124,4.0213
run5,0,262,121.6872,4.2928
run5,0,263,154.7577,11.5652
run5,0,264,140.4242,7.7527
run5,0,265,149.9037,10.8693
run5,0,266,140.9576,7.7447
run5,0,267,134.0474,7
run5,0,268,96.4543,-3.4255
run5,0,269,138.3705,7.4
run5,0,270,22.8354,-0.68786
run5,0,271,156.4004,13.3636
run5,0,272,145.9124,10.4054
run5,0,273,17.7258,-0.21212
run5,0,274,149.841,10.8043
run5,0,275,140.9045,7.7692
run5,0,276,132.0184,6.2929
run5,0,277,142.0343,9.234
run5,0,278,142.7954,9.3596
run5,0,279,142.7725,10.0769
run5,0,280,131.1314,5.9447
run5,0,281,140.8813,8.0244
run5,0,282,138.5427,7.7527
run5,0,283,161.2447,15.2123
run5,0,284,145.4207,9.8
run5,0,285,134.2315,7
run5,0,286,118.432,4.9412
run5,0,287,139.9227,7.6731
run5,0,288,151.5511,11.375
run5,0,289,139.7956,7.4242
run5,0,290,121.5689,5.0663
run5,0,291,153.8951,12.5152
run5,0,292,154.9735,11.7191
run5,0,293,144.1173,9.4419
run5,0,294,163.3082,15.1595
run5,0,295,139.4345,8.2727
run5,0,296,78.4988,2.5319
run5,0,297,24.3233,-0.17073
run5,0,298,155.0893,11.6154
run5,0,299,157.48,13.5027
run5,0,300,150.6911,11.2541
run1,1,1,154.2145,10.0769
run1,1,2,88.954,3.3918
run1,1,3,57.9275,2.1961
run1,1,4,146.6659,10.7234
run1,1,5,74.8214,2.9259
run1,1,6,129.0158,6.6335
run1,1,7,135.1703,7.3704
run1,1,8,51.3309,2
run1,1,9,27.1215,-1.4293
run1,1,10,116.7652,4.766
run1,1,11,134.2244,7.3825
run1,1,12,153.7381,11.6667
run1,1,13,50.3915,1.9162
run1,1,14,109.3259,3.9565
run1,1,15,135.1787,7.4348
run1,1,16,125.332,5.5263
run1,1,17,116.9112,4.3514
run1,1,18,148.1489,10.6493
run1,1,19,130.61,6.6447
run1,1,20,110.5067,4.0833
run1,1,21,139.7474,8.4737
run1,1,22,18.0875,-0.94595
run1,1,23,154.0018,12
run1,1,24,61.1393,2.5789
run1,1,25,147.8662,10.6458
run1,1,26,162.1265,14.6087
run1,1,27,140.3687,8.0881
run1,1,28,154.3478,12.1412
run1,1,29,141.2656,9.0468
run1,1,30,154.3016,11.7511
run1,1,31,155.8549,13.1765
run1,1,32,146.9144,10.7634
run1,1,33,155.4266,11.8515
run1,1,34,153.2178,11.4
run1,1,35,145.6532,10.6
run1,1,36,49.512,1.878
run1,1,37,127.8135,6.2045
run1,1,38,164.956,15.4337
run1,1,39,135.0772,7.7
run1,1,40,145.3582,10.1034
run1,1,41,128.8955,6.2553
run1,1,42,156.2212,12.1965
run1,1,43,138.8473,8.7241
run1,1,44,139.3316,7.8235
run1,1,45,144.2303,9.7684
run1,1,46,116.9504,4.9412
run1,1,47,139.8421,8.8325
run1,1,48,159.9712,13.5625
run1,1,49,103.9135,3.9892
run1,1,50,141.805,8.0145
run1,1,51,157.2319,13.8627
run1,1,52,141.319,9.4138
run1,1,53,135.2021,7.3825
run1,1,54,141.7826,9.1429
run1,1,55,164.1956,15.5714
run1,1,56,141.4327,9.4138
run1,1,57,138.1325,7.7865
run1,1,58,128.0482,5.7861
run1,1,59,152.9659,12.1579
run1,1,60,135.8255,7.4192
run1,1,61,158.066,13.747
run1,1,62,82.6504,3.4
run1,1,63,139.3365,8.2426
run1,1,64,146.7308,9.8866
run1,1,65,142.578,9.1472
run1,1,66,154.5681,13.1765
run1,1,67,65.2016,2.9259
run1,1,68,154.6119,12.8659
run1,1,69,164.017,16.4595
run1,1,70,143.3418,9.8283
run1,1,71,138.2511,8.4737
run1,1,72,86.095,3.3158
run1,1,73,138.3622,8.1864
run1,1,74,26.0055,0.076923
run1,1,75,141.4714,8.0244
run1,1,76,150.0136,10.9086
run1,1,77,36.1359,-1.4615
run1,1,78,164.5817,15.1915
run1,1,79,141.7535,9.4378
run1,1,80,139.1619,8.066
run1,1,81,75.5486,3.1111
run1,1,82,153.8767,11.4828
run1,1,83,137.2384,8.4894
run1,1,84,145.1704,10.2308
run1,1,85,159.715,13.8478
run1,1,86,11.473,-0.15909
run1,1,87,130.0311,6.2857
run1,1,88,159.7793,14.5385
run1,1,89,142.1545,9.1429
run1,1,90,124.003,5.5417
run1,1,91,153.9419,12.5556
run1,1,92,121.4877,5.0556
run1,1,93,120.8906,5.2412
run1,1,94,149.8681,10.4807
run1,1,95,128.0105,6.641
run1,1,96,153.0042,11.7239
run1,1,97,151.7638,11.1622
run1,1,98,130.2302,6.6175
run1,1,99,165.5699,15.9535
run1,1,100,133.6454,7
run1,1,101,139.5676,7.3518
run1,1,102,154.828,11.4
run1,1,103,137.0069,8.4737
run1,1,104,127.8667,6.6045
run1,1,105,46.5146,1.7399
run1,1,106,131.1293,6.1954
run1,1,107,130.033,7
run1,1,108,139.5666,8.1111
run1,1,109,132.9861,5.9005
run1,1,110,19.2577,-0.54902
run1,1,111,166.6689,17.201
run1,1,112,127.075,5.9231
run1,1,113,153.5193,11.6193
run1,1,114,139.6695,8.7766
run1,1,115,141.0672,8.9337
run1,1,116,152.0339,11.0314
run1,1,117,131.7213,6.6552
run1,1,118,104.6981,3.8182
run1,1,119,133.1331,7
run1,1,120,138.41,8.9126
run1,1,121,143.617,9.2826
run1,1,122,146.898,10.6458
run1,1,123,50.3335,1.7399
run1,1,124,137.6766,7.7143
run1,1,125,43.1545,1.1989
run1,1,126,150.0238,10.9773
run1,1,127,155.6572,12.9322
run1,1,128,37.5127,1.1667
run1,1,129,95.1179,3.4407
run1,1,130,131.1149,6.2632
run1,1,131,116.5645,4.4611
run1,1,132,119.9425,4.5127
run1,1,133,136.9872,7.3627
run1,1,134,129.138,6.5954
run1,1,135,139.433,7.8235
run1,1,136,130.5475,6.6651
run1,1,137,119.2754,5.2234
run1,1,138,140.8141,8.1351
run1,1,139,137.8903,7.6931
run1,1,140,165.5359,17.5587
run1,1,141,135.4869,7.3743
run1,1,142,155.2943,12.8333
run1,1,143,58.2664,2.2273
run1,1,144,154.774,11.8837
run1,1,145,27.832,0.27684
run1,1,146,144.5529,10.1111
run1,1,147,108.5127,3.9892
run1,1,148,141.5166,8.0769
run1,1,149,151.5253,11.1176
run1,1,150,145.6103,10.2642
run1,1,151,145.4717,9.8866
run1,1,152,146.8817,10.6842
run1,1,153,145.5451,9.8
run1,1,154,128.4013,6.2553
run1,1,155,161.6038,14.4118
run1,1,156,118.8685,5.0226
run1,1,157,66.2542,2.6039
run1,1,158,147.521,10.6458
run1,1,159,130.7404,5.9655
run1,1,160,127.0851,5.8398
run1,1,161,153.5719,12.3846
run1,1,162,133.6395,7
run1,1,163,115.5243,4.8788
run1,1,164,147.9163,10.6842
run1,1,165,118.0868,5.0874
run1,1,166,153.3127,11.9727
run1,1,167,91.7504,3.3918
run1,1,168,138.7717,8.6908
run1,1,169,147.313,10.6458
run1,1,170,138.5007,7.7778
run1,1,171,152.9671,12.0515
run1,1,172,70.7571,3.1538
run1,1,173,129.6453,6.3204
run1,1,174,115.0026,4.8571
run1,1,175,122.4645,5.2927
run1,1,176,132.8357,7
run1,1,177,128.1796,6.2473
run1,1,178,152.6348,11.3299
run1,1,179,79.1575,-2.4595
run1,1,180,28.3993,-1.2353
run1,1,181,140.6515,8.2139
run1,1,182,70.0455,2.5046
run1,1,183,138.5028,8.7073
run1,1,184,68.5164,2.8824
run1,1,185,143.8523,9.2791
run1,1,186,128.2927,6.6447
run1,1,187,143.723,9.2826
run1,1,188,152.4509,12.2601
run1,1,189,116.1831,4.4872
run1,1,190,48.1474,1.3243
run1,1,191,52.1876,1.5556
run1,1,192,119.1893,4.1676
run1,1,193,145.648,10.0144
run1,1,194,138.8122,8.7766
run1,1,195,138.5742,8.5556
run1,1,196,61.2156,2.5172
run1,1,197,129.6821,6.2045
run1,1,198,114.5957,4.8351
run1,1,199,130.0073,6.6482
run1,1,200,118.4463,4.7419
run1,1,201,159.6594,11.4211
run1,1,202,35.7126,0.56757
run1,1,203,166.8578,16.0588
run1,1,204,130.3453,6.6257
run1,1,205,138.9437,8.7949
run1,1,206,63.9201,2.285
run1,1,207,85.9542,3.2439
run1,1,208,126.142,5.5714
run1,1,209,106.6772,3.8182
run1,1,210,18.715,-1.046
run1,1,211,59.2792,2
run1,1,212,145.9829,9.6582
run1,1,213,138.9091,7.6796
run1,1,214,59.1872,2.5455
run1,1,215,138.4911,8.4286
run1,1,216,83.0248,3.2366
run1,1,217,125.017,5.3908
run1,1,218,146.3927,9.6776
run1,1,219,127.7559,6.2857
run1,1,220,139.5252,8.3861
run1,1,221,71.0494,2.9686
run1,1,222,134.96,7.3448
run1,1,223,160.6198,13.648
run1,1,224,140.5883,7.9859
run1,1,225,152.0226,11.1176
run1,1,226,144.4729,9.9474
run1,1,227,58.466,2.285
run1,1,228,119.2611,5.1481
run1,1,229,131.3446,5.9655
run1,1,230,74.0511,2.9615
run1,1,231,141.13,9.0388
run1,1,232,130.7489,5.877
run1,1,233,130.8154,5.9005
run1,1,234,153.102,12.2239
run1,1,235,135.9916,7.3825
run1,1,236,165.9442,16.1623
run1,1,237,137.2359,7.359
run1,1,238,132.294,6.3269
run1,1,239,68.1305,2.4839
run1,1,240,117.6703,5
run1,1,241,42.3095,1.2353
run1,1,242,128.3348,5.5106
run1,1,243,38.0995,1.0426
run1,1,244,123.85,5.1081
run1,1,245,125.0789,5.2587
run1,1,246,80.734,3.0914
run1,1,247,124.6314,5.2587
run1,1,248,124.5891,5.3092
run1,1,249,146.3032,9.5389
run1,1,250,109.5188,3.9231
run1,1,251,37.6348,0.84615
run1,1,252,128.7629,5.4783
run1,1,253,120.9557,4.4872
run1,1,254,123.6417,5.1865
run1,1,255,158.9639,13.4324
run1,1,256,126.8461,6.6133
run1,1,257,29.6049,0.45794
run1,1,258,141.88,8.8519
run1,1,259,120.6418,4.7419
run1,1,260,133.3171,5.9552
run1,1,261,136.9604,7.359
run1,1,262,132.4509,6.3137
run1,1,263,82.4733,3.1468
run1,1,264,136.4969,7.3743
run1,1,265,132.273,6.6482
run1,1,266,144.6796,9.6415
run1,1,267,140.252,8.3592
run1,1,268,140.3783,8.4583
run1,1,269,117.6625,4.2316
run1,1,270,71.5393,2.5319
run1,1,271,24.7483,0.26923
run1,1,272,154.4521,12.5446
run1,1,273,65.0156,2.2174
run1,1,274,138.9901,7.7447
run1,1,275,139.328,8.6588
run1,1,276,146.8833,10.1461
run1,1,277,138.3125,8.4433
run1,1,278,141.8368,8.8519
run1,1,279,130.3653,6.5954
run1,1,280,130.6895,6.2708
run1,1,281,92.5159,3.4286
run1,1,282,146.547,10.1461
run1,1,283,152.6468,11.3503
run1,1,284,131.4694,5.934
run1,1,285,65.8541,2.7018
run1,1,286,138.5572,7.7071
run1,1,287,113.8352,3.9856
run1,1,288,146.0305,10.2184
run1,1,289,104.674,3.8182
run1,1,290,68.498,2.6459
run1,1,291,44.4612,1.1989
run1,1,292,139.5467,8.6908
run1,1,293,131.6946,6.6335
run1,1,294,141.0598,8.8135
run1,1,295,133.6064,7
run1,1,296,136.6383,7.3911
run1,1,297,120.3679,4.9042
run1,1,298,132.5091,6.3396
run1,1,299,118.95,4.6404
run1,1,300,61.4593,2.0237
run2,1,1,148.7768,8.8919
run2,1,2,114.2923,4.4699
run2,1,3,73.8215,-2.5789
run2,1,4,113.3594,4.8528
run2,1,5,150.9508,11.8837
run2,1,6,133.3382,7.3704
run2,1,7,92.0571,3.4804
run2,1,8,144.5404,10.4054
run2,1,9,136.3063,8.4286
run2,1,10,156.0981,13.5517
run2,1,11,134.1685,7.4242
run2,1,12,118.8608,5.1865
run2,1,13,126.1792,5.8268
run2,1,14,28.8901,-1.3051
run2,1,15,52.7869,-1.75
run2,1,16,165.6851,16.1304
run2,1,17,137.887,8.6667
run2,1,18,149.9955,11.2077
run2,1,19,127.852,6.6447
run2,1,20,125.7932,6.3137
run2,1,21,143.8564,9.8
run2,1,22,159.4273,15.0328
run2,1,23,105.595,4.6136
run2,1,24,109.5282,3.8966
run2,1,25,32.8766,1.2623
run2,1,26,137.3936,7.7216
run2,1,27,117.1663,5.2412
run2,1,28,150.7967,11.3299
run2,1,29,156.1156,14.2678
run2,1,30,141.7005,9.3077
run2,1,31,156.7471,13.8627
run2,1,32,149.1294,11.375
run2,1,33,26.8319,0.41176
run2,1,34,139.4161,8.5054
run2,1,35,147.8716,12.3299
run2,1,36,111.8106,4.1006
run2,1,37,130.2828,6.6552
run2,1,38,157.2724,13.9591
run2,1,39,138.1791,9.4138
run2,1,40,139.3809,9.0588
run2,1,41,124.5705,5.7273
run2,1,42,156.7165,13.8205
run2,1,43,67.9118,2.6983
run2,1,44,141.5404,9.4706
run2,1,45,153.4741,13.4286
run2,1,46,150.4835,12.122
run2,1,47,141.1802,9.6203
run2,1,48,112.2465,5
run2,1,49,142.5144,9.6203
run2,1,50,138.9002,9.4138
run2,1,51,136.2197,7.7292
run2,1,52,149.4339,11.3541
run2,1,53,148.8401,12.3846
run2,1,54,145.5234,9.7723
run2,1,55,136.6127,7.7368
run2,1,56,162.5144,15.1726
run2,1,57,142.9648,10.4807
run2,1,58,130.2793,7
run2,1,59,48.4075,1.8588
run2,1,60,138.3207,8.0244
run2,1,61,151.6822,11.1176
run2,1,62,124.3887,5.5859
run2,1,63,130.9581,7
run2,1,64,79.6757,3.1538
run2,1,65,126.1617,5.8398
run2,1,66,151.3681,12.6
run2,1,67,87.3782,3.2366
run2,1,68,138.3969,8.2139
run2,1,69,155.7483,13.7232
run2,1,70,122.9515,6.2929
run2,1,71,152.6937,11.9
run2,1,72,153.9871,12.8333
run2,1,73,123.4534,5.6
run2,1,74,115.0677,4.6555
run2,1,75,153.8469,12.5869
run2,1,76,145.9403,10.0435
run2,1,77,150.8031,11.4
run2,1,78,144.7196,10.3333
run2,1,79,139.665,9.3077
run2,1,80,131.7158,7.359
run2,1,81,119.2751,5.2759
run2,1,82,18.0278,0.39623
run2,1,83,152.4559,11.3299
run2,1,84,147.8724,10.7634
run2,1,85,141.0774,9.1212
run2,1,86,163.5007,15.3732
run2,1,87,141.5266,9.9167
run2,1,88,157.0359,14.1123
run2,1,89,143.9627,9.5301
run2,1,90,144.5217,10.6842
run2,1,91,133.1124,7
run2,1,92,137.9958,7.7865
run2,1,93,161.7691,15.3051
run2,1,94,33.4856,1.1053
run2,1,95,154.0275,12.0725
run2,1,96,143.7643,9.8283
run2,1,97,123.6208,5.5567
run2,1,98,116.241,5.0226
run2,1,99,115.2995,4.8125
run2,1,100,139.6827,9.1875
run2,1,101,151.0279,9.9787
run2,1,102,143.4237,9.4623
run2,1,103,155.9094,13.5517
run2,1,104,81.3848,3.2366
run2,1,105,142.2194,9.2581
run2,1,106,157.7083,14.1963
run2,1,107,139.0583,8.1351
run2,1,108,126.9938,6.6
run2,1,109,112.9937,4.6923
run2,1,110,129.355,6.5906
run2,1,111,138.6481,8.7241
run2,1,112,50.6006,1.878
run2,1,113,129.9951,5.9655
run2,1,114,122.6768,5.5859
run2,1,115,17.5965,-0.6
run2,1,116,92.9985,-3.2339
run2,1,117,135.5154,7.3911
run2,1,118,81.5892,3.0674
run2,1,119,122.9531,5.3721
run2,1,120,154.73,12.5056
run2,1,121,139.8293,8.7949
run2,1,122,120.5356,5.2234
run2,1,123,117.5522,4.6667
run2,1,124,74.9563,2.4839
run2,1,125,127.3037,6.2553
run2,1,126,143.6771,9.9167
run2,1,127,50.8237,1.8588
run2,1,128,137.1752,7.3955
run2,1,129,78.1498,2.977
run2,1,130,22.9714,-0.34807
run2,1,131,94.4083,3.3542
run2,1,132,119.6876,5.0663
run2,1,133,131.043,5.9952
run2,1,134,114.1534,4.5377
run2,1,135,40.2697,0.63636
run2,1,136,142.5573,8.0881
run2,1,137,148.4595,10.8889
run2,1,138,117.1134,4.1429
run2,1,139,139.1544,8.9337
run2,1,140,145.3651,10.1111
run2,1,141,108.3366,3.9268
run2,1,142,116.913,4.2277
run2,1,143,144.4041,10.1034
run2,1,144,142.7674,9.5654
run2,1,145,111.2961,4.2
run2,1,146,40.848,1.0426
run2,1,147,137.723,8.5556
run2,1,148,96.8995,3.5574
run2,1,149,119.192,4.9612
run2,1,150,131.5727,5.9005
run2,1,151,152.8753,12.3846
run2,1,152,138.3628,7.4
run2,1,153,112.6058,4.0526
run2,1,154,140.3668,8.1351
run2,1,155,90.638,3.2766
run2,1,156,110.41,3.9565
run2,1,157,141.9899,9.3596
run2,1,158,129.1847,5.9447
run2,1,159,132.2163,7
run2,1,160,129.2695,5.8525
run2,1,161,127.9514,5.877
run2,1,162,153.7499,12.0515
run2,1,163,129.5353,6.3204
run2,1,164,118.4334,-4.9149
run2,1,165,138.6477,7.7955
run2,1,166,129.3185,6.2391
run2,1,167,136.8671,7.4192
run2,1,168,131.1246,6.1139
run2,1,169,128.6651,5.8649
run2,1,170,143.2367,10.0732
run2,1,171,24.9334,-0.26776
run2,1,172,165.851,15.8506
run2,1,173,139.6016,8.6279
run2,1,174,139.177,7.8434
run2,1,175,155.4514,13.3636
run2,1,176,94.2772,3.5193
run2,1,177,153.3605,11.8276
run2,1,178,136.7447,7.4046
run2,1,179,147.0202,9.8655
run2,1,180,119.3892,5.3412
run2,1,181,153.1965,11.6108
run2,1,182,139.8,8.7766
run2,1,183,148.6674,10.8043
run2,1,184,118.6613,4.4346
run2,1,185,131.703,5.9119
run2,1,186,89.1882,3.2366
run2,1,187,128.9991,6.2308
run2,1,188,138.8037,8.1864
run2,1,189,119.4429,4.9
run2,1,190,114.8016,4.0659
run2,1,191,135.528,7.3704
run2,1,192,13.7919,-0.12575
run2,1,193,146.1011,9.9474
run2,1,194,133.9843,7
run2,1,195,145.7933,9.9577
run2,1,196,144.4951,9.5654
run2,1,197,133.4568,7.3627
run2,1,198,130.1702,6.1358
run2,1,199,142.5252,9.3445
run2,1,200,139.2158,8.3592
run2,1,201,142.3883,7.7778
run2,1,202,135.0492,7.3349
run2,1,203,13.2682,0.15217
run2,1,204,94.6708,3.3584
run2,1,205,153.6495,12.3846
run2,1,206,153.0249,12.0515
run2,1,207,146.9316,10.5714
run2,1,208,138.7181,8.4737
run2,1,209,118.1014,4.4346
run2,1,210,138.4821,7.3825
run2,1,211,139.7437,8.3462
run2,1,212,157.697,13.8205
run2,1,213,152.0597,11.375
run2,1,214,143.0062,9.4706
run2,1,215,112.6414,4.5127
run2,1,216,63.903,1.9485
run2,1,217,129.1315,6.5906
run2,1,218,139.519,7.7955
run2,1,219,149.3697,10.9896
run2,1,220,131.2846,6.3204
run2,1,221,58.8607,1.7872
run2,1,222,144.5199,9.3333
run2,1,223,150.6168,11.7727
run2,1,224,145.5576,10.3333
run2,1,225,135.5839,7.3867
run2,1,226,139.9629,7.7955
run2,1,227,143.1669,9.3596
run2,1,228,113.8084,4.4611
run2,1,229,155.4226,13.2304
run2,1,230,159.4055,15
run2,1,231,138.0478,8.2281
run2,1,232,127.6926,5.4444
run2,1,233,64.358,1.9724
run2,1,234,74.1874,2.4839
run2,1,235,142.4798,9.2826
run2,1,236,126.8271,6.6089
run2,1,237,145.2039,9.8571
run2,1,238,136.7879,8.8135
run2,1,239,109.9003,3.802
run2,1,240,136.0513,7.3483
run2,1,241,114.8733,4.0526
run2,1,242,115.9664,4.5
run2,1,243,155.1049,11.8039
run2,1,244,126.9534,5.4305
run2,1,245,156.5931,11.4211
run2,1,246,141.1774,9
run2,1,247,144.8167,9.4623
run2,1,248,136.8299,7.7447
run2,1,249,139.3085,7.7216
run2,1,250,116.0477,4.4872
run2,1,251,81.0076,2.9686
run2,1,252,151.2139,11.2857
run2,1,253,130.7909,7
run2,1,254,141.7962,9.4873
run2,1,255,135.9203,8.4583
run2,1,256,139.9474,9.0468
run2,1,257,147.3343,10.4426
run2,1,258,138.4105,8.4
run2,1,259,43.8906,1.0678
run2,1,260,86.4222,3.1538
run2,1,261,116.5025,4.2
run2,1,262,98.9213,3.5347
run2,1,263,143.9736,9.5926
run2,1,264,145.5321,10.5593
run2,1,265,154.4572,11.6193
run2,1,266,97.9432,3.4646
run2,1,267,130.0366,6.2391
run2,1,268,120.8826,5.2927
run2,1,269,165.9734,16.1304
run2,1,270,121.5312,5.0556
run2,1,271,131.6516,6.6
run2,1,272,72.5241,2.4839
run2,1,273,86.7786,3.2722
run2,1,274,157.7743,13.7513
run2,1,275,121.8095,5.4444
run2,1,276,153.3376,11.9495
run2,1,277,140.3295,8.7588
run2,1,278,18.6244,0.31658
run2,1,279,105.0418,3.5854
run2,1,280,154.6253,12.6757
run2,1,281,137.1953,7.7143
run2,1,282,134.5593,7.3448
run2,1,283,140.2381,7.6481
run2,1,284,135.5054,7.3057
run2,1,285,140.8169,7.9859
run2,1,286,152.926,12.5056
run2,1,287,146.6288,10.1343
run2,1,288,144.8632,10.1658
run2,1,289,121.1436,5.3721
run2,1,290,143.0239,9.1
run2,1,291,146.228,9.8
run2,1,292,152.2659,11.5274
run2,1,293,155.14,13.3636
run2,1,294,148.7466,12.5446
run2,1,295,153.6902,12.2
run2,1,296,151.3099,12.2239
run2,1,297,152.214,11.5274
run2,1,298,148.5267,10.6842
run2,1,299,154.971,12.7377
run2,1,300,140.678,8.066
run3,1,1,83.7407,-0.68786
run3,1,2,98.2068,3.7974
run3,1,3,135.7346,7.7
run3,1,4,26.067,0.63636
run3,1,5,160.013,14.5141
run3,1,6,72.9147,3.2366
run3,1,7,149.1572,10.8308
run3,1,8,57.4105,2.4726
run3,1,9,144.4093,9.8
run3,1,10,139.6964,9.1875
run3,1,11,123.7762,6.2553
run3,1,12,133.1503,7.4
run3,1,13,132.5579,7.3784
run3,1,14,151.977,12.2688
run3,1,15,116.1327,5.1283
run3,1,16,111.9637,4.6404
run3,1,17,77.5136,3.1111
run3,1,18,136.2226,8.8135
run3,1,19,112.4043,4.766
run3,1,20,150.9142,12.5682
run3,1,21,80.337,-2.7927
run3,1,22,131.6179,7.359
run3,1,23,114.7046,5.1283
run3,1,24,28.7967,0.77778
run3,1,25,131.523,7
run3,1,26,149.583,11.0385
run3,1,27,127.4816,6.6089
run3,1,28,143.1572,9.1212
run3,1,29,28.7596,0.77778
run3,1,30,156.9601,13.6834
run3,1,31,142.5163,10.2642
run3,1,32,35.0235,0.56757
run3,1,33,127.6537,6.6517
run3,1,34,138.2429,9.0231
run3,1,35,59.4844,2.4348
run3,1,36,125.3609,6.6651
run3,1,37,138.1871,9.1875
run3,1,38,136.5357,8.3861
run3,1,39,133.8039,7.3704
run3,1,40,73.5021,3.0513
run3,1,41,31.014,0.7037
run3,1,42,134.8635,7.3627
run3,1,43,150.2737,11.1584
run3,1,44,162.1536,15.3696
run3,1,45,126.3163,6.125
run3,1,46,88.8059,3.5193
run3,1,47,127.5062,6.6373
run3,1,48,134.9907,7.7292
run3,1,49,126.2019,6.2135
run3,1,50,96.353,3.729
run3,1,51,136.6848,7.6667
run3,1,52,133.5872,7.3167
run3,1,53,165.6039,16.7927
run3,1,54,161.653,15.9362
run3,1,55,106.4419,3.9856
run3,1,56,144.0911,10.2308
run3,1,57,61.6236,2.8378
run3,1,58,67.4455,2.8378
run3,1,59,153.4926,12.0239
run3,1,60,72.6062,3.2766
run3,1,61,142.3274,9.6776
run3,1,62,135.6378,8.3861
run3,1,63,137.8365,7.7609
run3,1,64,140.2753,9.3223
run3,1,65,88.3933,3.631
run3,1,66,134.2492,7.3955
run3,1,67,122.1839,5.5106
run3,1,68,127.5572,6.6335
run3,1,69,143.4147,10.0108
run3,1,70,118.4432,5.3721
run3,1,71,145.8485,10.516
run3,1,72,78.3429,3.2439
run3,1,73,139.7059,8.1602
run3,1,74,141.6469,9.3596
run3,1,75,157.9907,14.0335
run3,1,76,134.4857,7.3349
run3,1,77,124.0672,5.5859
run3,1,78,144.1339,9.7072
run3,1,79,136.6952,8.4894
run3,1,80,165.392,18.9
run3,1,81,149.7135,11.4
run3,1,82,141.7843,9.4623
run3,1,83,124.2033,6.2708
run3,1,84,47.9551,1.8421
run3,1,85,137.8547,8.0995
run3,1,86,151.9484,11.2424
run3,1,87,149.1699,10.9252
run3,1,88,137.8913,8.7413
run3,1,89,51.9207,2.0273
run3,1,90,114.6241,4.5622
run3,1,91,129.0559,5.9552
run3,1,92,31.0501,0.69668
run3,1,93,167.5805,17.3704
run3,1,94,136.1969,7.8046
run3,1,95,145.5463,9.8
run3,1,96,150.4312,11.9495
run3,1,97,108.0226,4.0142
run3,1,98,68.866,3.1307
run3,1,99,147.677,10.6842
run3,1,100,126.9909,6.6517
run3,1,101,143.7082,8.0244
run3,1,102,114.1578,4.7895
run3,1,103,151.4972,11.3017
run3,1,104,88.7811,3.5193
run3,1,105,29.714,0.7037
run3,1,106,156.4071,13.6169
run3,1,107,128.2251,7
run3,1,108,111.4388,4.766
run3,1,109,142.9293,9.7184
run3,1,110,151.7504,11.3503
run3,1,111,112.1239,4.5
run3,1,112,143.889,9.6486
run3,1,113,107.4186,4.1429
run3,1,114,135.4212,7.4
run3,1,115,136.9621,8.5385
run3,1,116,129.1776,7
run3,1,117,138.8562,8.3592
run3,1,118,128.2303,6.186
run3,1,119,146.1006,10.2941
run3,1,120,124.5026,5.9005
run3,1,121,130.7515,7
run3,1,122,138.6094,8.8519
run3,1,123,123.4925,5.5714
run3,1,124,161.0872,14.5904
run3,1,125,125.0674,5.8136
run3,1,126,63.8791,2.7143
run3,1,127,128.8811,6.6585
run3,1,128,144.9168,9.8283
run3,1,129,142.2997,9.6203
run3,1,130,59.6576,2.2273
run3,1,131,156.5868,14
run3,1,132,137.939,8.5556
run3,1,133,135.4588,7.3665
run3,1,134,52.6538,2.0273
run3,1,135,153.5648,12.8333
run3,1,136,138.7767,8.1602
run3,1,137,129.3076,6.3
run3,1,138,134.3107,7.3518
run3,1,139,152.7271,11.5029
run3,1,140,156.8582,13.4286
run3,1,141,151.7563,11.5161
run3,1,142,151.156,12.3299
run3,1,143,140.0075,8.1732
run3,1,144,61.9632,2.4438
run3,1,145,118.0177,5.3529
run3,1,146,134.5629,7.3784
run3,1,147,142.6457,9.4623
run3,1,148,139.6763,9.2826
run3,1,149,124.9105,6.2857
run3,1,150,115.2623,4.3797
run3,1,151,146.1615,10.4054
run3,1,152,109.5137,4.0213
run3,1,153,145.2515,10.4568
run3,1,154,125.2598,5.9552
run3,1,155,113.0806,4.7419
run3,1,156,147.5336,9.9787
run3,1,157,126.7986,6.6585
run3,1,158,124.7653,5.7861
run3,1,159,133.7352,7.3483
run3,1,160,135.0037,7.3518
run3,1,161,148.1374,10.7198
run3,1,162,93.0903,3.4
run3,1,163,148.775,10.6842
run3,1,164,144.3824,9.5389
run3,1,165,137.9585,8.0145
run3,1,166,158.3172,13.9231
run3,1,167,111.9161,4.9208
run3,1,168,88.6781,3.3542
run3,1,169,151.478,12.0838
run3,1,170,138.0181,8.2883
run3,1,171,148.1002,10.6
run3,1,172,122.5452,5.427
run3,1,173,121.6803,5.2234
run3,1,174,128.1449,5.8649
run3,1,175,113.2675,4.7895
run3,1,176,100.6532,3.6667
run3,1,177,128.5869,6.6296
run3,1,178,100.1257,3.6667
run3,1,179,116.1339,4.5127
run3,1,180,101.0473,3.6667
run3,1,181,32.6507,0.89744
run3,1,182,139.0687,7.6542
run3,1,183,132.3,7
run3,1,184,43.5034,1.4554
run3,1,185,131.2654,5.9756
run3,1,186,137.2723,8.5909
run3,1,187,139.6146,8.0553
run3,1,188,118.4181,4.766
run3,1,189,156.9898,13.1765
run3,1,190,160.1572,15.4
run3,1,191,151.8375,13.0577
run3,1,192,137.4182,8.9126
run3,1,193,158.1279,13.5746
run3,1,194,138.431,8.3861
run3,1,195,157.8038,13.8786
run3,1,196,117.732,5.3092
run3,1,197,138.5807,7.7865
run3,1,198,25.4653,0.35196
run3,1,199,158.6609,13.9634
run3,1,200,144.5149,10.4426
run3,1,201,135.9232,6.6585
run3,1,202,103.1669,3.8539
run3,1,203,163.2519,15.0769
run3,1,204,143.1849,9.6203
run3,1,205,37.8381,1.4554
run3,1,206,105.1274,3.7593
run3,1,207,152.8488,11.1622
run3,1,208,148.5823,10.4426
run3,1,209,130.0618,7
run3,1,210,147.3423,10.4807
run3,1,211,74.0407,3.2366
run3,1,212,157.7013,13.2222
run3,1,213,26.9904,0.28767
run3,1,214,73.977,2.977
run3,1,215,152.3308,12.1042
run3,1,216,154.2506,12.8947
run3,1,217,53.1513,2.3333
run3,1,218,156.4914,14
run3,1,219,134.0128,7.3318
run3,1,220,163.9984,14.9381
run3,1,221,136.967,7.7865
run3,1,222,112.9577,4.0833
run3,1,223,109.0572,3.9231
run3,1,224,160.2367,14.5758
run3,1,225,18.0315,-0.36842
run3,1,226,145.2651,9.5926
run3,1,227,49.4956,2
run3,1,228,137.89,8.4894
run3,1,229,119.801,5.1283
run3,1,230,158.0416,13.1404
run3,1,231,135.5455,8.6908
run3,1,232,161.1968,14.8652
run3,1,233,104.3831,4.1134
run3,1,234,138.3786,8.4286
run3,1,235,136.9788,7.3743
run3,1,236,138.7226,8.5909
run3,1,237,165.3613,16.3583
run3,1,238,147.15,11.1584
run3,1,239,27.1736,-1.2353
run3,1,240,160.4386,14.7778
run3,1,241,135.8264,8.7413
run3,1,242,115.7823,4.4699
run3,1,243,152.9768,12.0276
run3,1,244,130.8613,5.934
run3,1,245,134.226,7.3318
run3,1,246,140.4008,8.0244
run3,1,247,166.4751,15.895
run3,1,248,148.3963,10.5
run3,1,249,137.7032,8.4894
run3,1,250,152.5308,11.6667
run3,1,251,152.0713,12.3216
run3,1,252,133.1611,7
run3,1,253,164.4404,15.4848
run3,1,254,135.0007,7.7071
run3,1,255,144.3195,9.5128
run3,1,256,157.1978,13.747
run3,1,257,139.8957,9.1875
run3,1,258,138.431,8.4
run3,1,259,141.7632,9.3077
run3,1,260,150.8562,12.8011
run3,1,261,94.6615,3.5854
run3,1,262,25.6212,0.29787
run3,1,263,142.4446,9.1649
run3,1,264,142.0782,9.3333
run3,1,265,143.4501,10.3333
run3,1,266,102.1099,3.7358
run3,1,267,165.2527,18.3613
run3,1,268,147.0534,10.7634
run3,1,269,140.8905,8.0995
run3,1,270,166.6639,15.9744
run3,1,271,144.5006,9.5128
run3,1,272,156.4924,14.1707
run3,1,273,38.491,1.1379
run3,1,274,130.4445,5.8136
run3,1,275,116.8039,4.7895
run3,1,276,152.7957,11.3961
run3,1,277,136.8712,8.6908
run3,1,278,147.715,10.5
run3,1,279,116.7474,5.0874
run3,1,280,136.5637,7.3911
run3,1,281,154.7776,11.6667
run3,1,282,130.9232,7
run3,1,283,116.9421,4.7895
run3,1,284,130.5465,6.6089
run3,1,285,139.7646,8.0244
run3,1,286,158.378,14.1014
run3,1,287,160.2843,14.6166
run3,1,288,77.8307,-2.6407
run3,1,289,63.0044,2.1485
run3,1,290,145.2131,9.9787
run3,1,291,153.1558,12.0515
run3,1,292,19.5409,-0.037037
run3,1,293,131.826,6.3069
run3,1,294,138.8232,7.8046
run3,1,295,130.5081,6.1954
run3,1,296,140.5673,8.123
run3,1,297,144.6165,10.0732
run3,1,298,139.1244,8.4894
run3,1,299,25.0719,0.24873
run3,1,300,119.1374,4.6667
run4,1,1,123.6429,3.7016
run4,1,2,131.5782,6.6045
run4,1,3,117.809,4.8351
run4,1,4,115.9533,3.9231
run4,1,5,144.8574,9.6203
run4,1,6,124.4487,5.4091
run4,1,7,139.4001,7.6931
run4,1,8,143.9653,9.4706
run4,1,9,128.2949,6.5906
run4,1,10,158.4043,13.3636
run4,1,11,140.5651,9.234
run4,1,12,143.1558,10.0769
run4,1,13,106.3992,3.8182
run4,1,14,141.2869,8.8135
run4,1,15,121.35,-5.1229
run4,1,16,153.3655,11.4
run4,1,17,137.4405,7.3867
run4,1,18,139.531,7.7
run4,1,19,139.6372,8.0553
run4,1,20,152.4842,12.1852
run4,1,21,126.5414,5.3908
run4,1,22,133.8913,7
run4,1,23,79.6106,2.7831
run4,1,24,142.1816,9.234
run4,1,25,138.8438,8.6667
run4,1,26,132.5471,5.934
run4,1,27,118.321,4.6555
run4,1,28,121.825,4.5294
run4,1,29,141.8385,8.8919
run4,1,30,153.2993,11.1176
run4,1,31,154.8122,12.9574
run4,1,32,141.7187,9.3445
run4,1,33,42.9208,1.2857
run4,1,34,153.2926,12.3846
run4,1,35,141.6381,8.7073
run4,1,36,154.4448,12.9322
run4,1,37,144.2637,9.8283
run4,1,38,127.641,6.2135
run4,1,39,140.5903,8.9774
run4,1,40,141.9505,8.2
run4,1,41,149.0376,10.7234
run4,1,42,159.3182,13.4324
run4,1,43,158.4396,14.037
run4,1,44,118.7237,4.6923
run4,1,45,121.6287,4.6777
run4,1,46,90.6972,-2.6809
run4,1,47,82.064,2.7831
run4,1,48,140.2212,8.1111
run4,1,49,129.1504,5.5714
run4,1,50,145.5205,9.6168
run4,1,51,141.7518,9.2105
run4,1,52,129.3883,6.6517
run4,1,53,146.8958,9.7184
run4,1,54,141.8703,9.1875
run4,1,55,128.0279,6.2308
run4,1,56,115.2569,4.1345
run4,1,57,132.9298,7
run4,1,58,36.082,-1.4615
run4,1,59,145.7603,9.9858
run4,1,60,146.8349,10.2642
run4,1,61,151.6395,11.3017
run4,1,62,125.6273,5.3721
run4,1,63,28.0128,0.49727
run4,1,64,155.1272,11.9189
run4,1,65,118.1592,4.0526
run4,1,66,151.8111,11.2541
run4,1,67,157.5912,13.6038
run4,1,68,140.3273,7.7292
run4,1,69,110.6399,-3.9249
run4,1,70,139.1481,7.8642
run4,1,71,131.5475,6.641
run4,1,72,138.1959,8.4433
run4,1,73,151.3701,11.2077
run4,1,74,150.1038,12.3846
run4,1,75,136.5001,7
run4,1,76,135.7504,7.3825
run4,1,77,13.09,0
run4,1,78,129.2064,5.5263
run4,1,79,133.1091,6.2473
run4,1,80,137.4732,7.3627
run4,1,81,155.2588,12
run4,1,82,143.6914,9.1
run4,1,83,122.1829,5.1579
run4,1,84,140.2653,7.3955
run4,1,85,140.8848,8.6588
run4,1,86,152.9665,11.375
run4,1,87,132.6439,6.6517
run4,1,88,138.6724,7.6667
run4,1,89,22.826,0.17949
run4,1,90,142.1457,7.7368
run4,1,91,148.7867,10.5196
run4,1,92,138.9443,7.6931
run4,1,93,140.5808,8.6279
run4,1,94,131.6651,5.8889
run4,1,95,116.2927,4.1134
run4,1,96,120.7771,4.2816
run4,1,97,156.2547,12.9477
run4,1,98,141.7462,8.1732
run4,1,99,132.3294,5.7861
run4,1,100,153.9372,11.2857
run4,1,101,144.0992,8.4
run4,1,102,145.0331,10.0435
run4,1,103,139.2196,8.5054
run4,1,104,133.1521,6.6552
run4,1,105,117.0118,4.4074
run4,1,106,157.3619,13.1404
run4,1,107,149.1504,10.8462
run4,1,108,135.8311,7
run4,1,109,140.0549,8.4
run4,1,110,139.0631,7.3867
run4,1,111,147.3501,10.0435
run4,1,112,139.3723,7.7368
run4,1,113,153.422,11.4509
run4,1,114,163.6143,15.5185
run4,1,115,142.0033,9.3005
run4,1,116,139.1809,8.9626
run4,1,117,142.6027,8.9774
run4,1,118,140.4147,8.4141
run4,1,119,140.2676,7.6604
run4,1,120,140.1913,7.6604
run4,1,121,132.118,6.6482
run4,1,122,153.211,11.2541
run4,1,123,138.6223,7.7447
run4,1,124,138.5067,8.7949
run4,1,125,138.8272,8.6092
run4,1,126,151.9269,11.2723
run4,1,127,150.6993,11.0314
run4,1,128,122.5484,5.1081
run4,1,129,152.0437,11.2169
run4,1,130,157.2681,13.4474
run4,1,131,138.6245,8.1351
run4,1,132,146.137,10.1818
run4,1,133,55.9151,2
run4,1,134,120.9674,5.0447
run4,1,135,130.4503,6.3519
run4,1,136,130.7415,5.8649
run4,1,137,55.4281,1.8421
run4,1,138,163.903,14.6829
run4,1,139,119.6378,4.8788
run4,1,140,132.467,6.6089
run4,1,141,133.8743,7.3483
run4,1,142,155.4656,11.5161
run4,1,143,147.3825,10.3333
run4,1,144,154.8715,11.6667
run4,1,145,121.4786,4.8571
run4,1,146,129.0277,5.4946
run4,1,147,146.3617,9.5926
run4,1,148,89.6721,3.3542
run4,1,149,126.7124,5.4305
run4,1,150,143.6594,9.1586
run4,1,151,141.1426,9.1212
run4,1,152,151.6659,10.8889
run4,1,153,143.1315,9.1
run4,1,154,143.7646,9.1875
run4,1,155,154.6391,11.7644
run4,1,156,106.8118,3.5946
run4,1,157,140.3719,8.5909
run4,1,158,141.4709,8.2426
run4,1,159,145.2276,9.4623
run4,1,160,150.1541,10.8462
run4,1,161,122.0557,4.3224
run4,1,162,154.5018,11.4
run4,1,163,132.536,6.5808
run4,1,164,144.8667,9.7684
run4,1,165,146.7031,10.5593
run4,1,166,165.653,16.0674
run4,1,167,152.3097,11.0741
run4,1,168,142.693,8.7949
run4,1,169,153.6619,11.3299
run4,1,170,128.4561,6.6
run4,1,171,142.5041,9.1429
run4,1,172,146.8515,9.8
run4,1,173,67.7225,2.4438
run4,1,174,153.2569,11.0741
run4,1,175,142.6698,9.3005
run4,1,176,125.9247,5.4946
run4,1,177,130.1798,6.6133
run4,1,178,152.9784,11.2541
run4,1,179,128.6702,5.5714
run4,1,180,145.2004,10.2984
run4,1,181,161.7719,14.6829
run4,1,182,13.9261,-0.037037
run4,1,183,114.7879,3.9231
run4,1,184,159.4077,14.1892
run4,1,185,154.8755,12.4369
run4,1,186,122.5055,4.2928
run4,1,187,155.9355,11.6226
run4,1,188,121.0424,5.0447
run4,1,189,132.7019,5.8398
run4,1,190,159.8447,14.5141
run4,1,191,137.7355,7.3553
run4,1,192,141.515,7.7609
run4,1,193,79.8283,2.9223
run4,1,194,132.0158,5.9756
run4,1,195,144.5048,9.3596
run4,1,196,146.8672,10.4807
run4,1,197,151.7305,11.1176
run4,1,198,132.3748,6.2708
run4,1,199,140.6764,8.1111
run4,1,200,140.4262,8.4
run4,1,201,146.9716,8.9126
run4,1,202,123.9617,5.1675
run4,1,203,156.6358,11.8148
run4,1,204,79.3569,2.6983
run4,1,205,155.5395,11.6667
run4,1,206,49.5563,1.1053
run4,1,207,70.9897,2.0273
run4,1,208,50.4085,1.4848
run4,1,209,147.2292,10.0061
run4,1,210,138.4566,7.4094
run4,1,211,120.4789,4.1717
run4,1,212,139.5807,7.3911
run4,1,213,88.7042,3.2439
run4,1,214,145.0109,9.4138
run4,1,215,154.5048,11.6108
run4,1,216,127.3187,5.2234
run4,1,217,145.2401,9.3445
run4,1,218,121.3128,5.0447
run4,1,219,103.071,3.631
run4,1,220,145.5449,9.3077
run4,1,221,130.4131,5.9855
run4,1,222,139.5071,8.573
run4,1,223,87.5561,3.2766
run4,1,224,129.4264,6.6133
run4,1,225,143.4361,9.1875
run4,1,226,140.4632,8.3333
run4,1,227,161.9832,14.7778
run4,1,228,121.6797,5.3333
run4,1,229,126.179,4.5581
run4,1,230,140.3389,7.3784
run4,1,231,134.4953,6.2045
run4,1,232,147.5997,9.4138
run4,1,233,114.987,4.0213
run4,1,234,134.5264,5.934
run4,1,235,146.1667,9.5926
run4,1,236,166.2526,16.3333
run4,1,237,144.2973,9.5128
run4,1,238,149.4312,10.8182
run4,1,239,133.0518,6.6714
run4,1,240,155.1501,13.1026
run4,1,241,100.8961,3.5347
run4,1,242,144.6055,8.9553
run4,1,243,136.9863,7
run4,1,244,130.0478,6.6257
run4,1,245,153.1126,11.1584
run4,1,246,146.8384,9.5926
run4,1,247,141.3397,8.8519
run4,1,248,158.0159,13.0406
run4,1,249,136.2596,7.3867
run4,1,250,127.999,5.2051
run4,1,251,155.3366,12.3299
run4,1,252,143.1338,7.9953
run4,1,253,141.2654,8.5217
run4,1,254,156.7567,13.1765
run4,1,255,42.8064,0.93064
run4,1,256,144.1714,8.0995
run4,1,257,133.1934,6.6089
run4,1,258,23.0568,-0.61658
run4,1,259,122.2286,4.6329
run4,1,260,108.1274,3.5
run4,1,261,132.1055,6.6216
run4,1,262,134.3649,7
run4,1,263,153.201,10.8693
run4,1,264,155.3387,11.3017
run4,1,265,157.2758,13.1658
run4,1,266,20.9028,0
run4,1,267,119.4896,3.9892
run4,1,268,155.4367,13.0215
run4,1,269,130.1804,5.9655
run4,1,270,126.8095,5.5714
run4,1,271,135.4844,7
run4,1,272,122.3619,5.0226
run4,1,273,153.9904,12
run4,1,274,147.8184,9.8571
run4,1,275,153.6992,11.375
run4,1,276,147.121,9.8251
run4,1,277,31.0171,-0.86096
run4,1,278,107.6551,3.631
run4,1,279,134.4854,5.9231
run4,1,280,129.553,5.8
run4,1,281,144.1041,9.2581
run4,1,282,157.2622,13.2963
run4,1,283,139.0141,7.7292
run4,1,284,100.1799,3.5347
run4,1,285,150.6974,10.4807
run4,1,286,157.1774,13.2921
run4,1,287,138.8829,8.5217
run4,1,288,147.7645,9.6667
run4,1,289,154.8493,11.8515
run4,1,290,141.1127,8.4286
run4,1,291,132.8966,5.8889
run4,1,292,81.4612,-2.1667
run4,1,293,155.0746,13
run4,1,294,153.0032,13.2921
run4,1,295,129.4941,6.2708
run4,1,296,145.1534,9.8283
run4,1,297,142.6044,8.0769
run4,1,298,132.6502,5.877
run4,1,299,120.5348,4.766
run4,1,300,147.8347,10.2407
run5,1,1,156.6697,9.6415
run5,1,2,136.7539,7.3867
run5,1,3,147.7967,9.5926
run5,1,4,111.0306,3.9565
run5,1,5,157.5136,13.7742
run5,1,6,88.8774,3.2722
run5,1,7,16.921,0.13725
run5,1,8,167.0502,15.6096
run5,1,9,160.229,14.861
run5,1,10,72.5001,2.977
run5,1,11,121.7005,4.5294
run5,1,12,109.5833,3.6265
run5,1,13,147.9221,9.8994
run5,1,14,147.0042,9.8655
run5,1,15,130.1259,6.6133
run5,1,16,122.1069,4.3224
run5,1,17,159.8382,14.6
run5,1,18,153.9811,11.5729
run5,1,19,139.4739,7.7527
run5,1,20,118.4019,4.4346
run5,1,21,132.676,6.6682
run5,1,22,140.5302,8.1351
run5,1,23,26.0094,0.22581
run5,1,24,156.2571,11.7573
run5,1,25,154.4397,11.8663
run5,1,26,123.1924,4.5294
run5,1,27,141.7789,8.9553
run5,1,28,142.2549,7.6931
run5,1,29,118.9614,4.4611
run5,1,30,153.8099,11.2077
run5,1,31,150.0031,11.0741
run5,1,32,150.6302,10.6842
run5,1,33,160.5711,13.8
run5,1,34,152.5654,12.8947
run5,1,35,151.6651,11.3541
run5,1,36,87.9663,3.1957
run5,1,37,121.065,4.4545
run5,1,38,72.0169,2.1852
run5,1,39,127.903,5.6792
run5,1,40,150.5231,10.9252
run5,1,41,159.4107,14.2678
run5,1,42,135.7432,7.3382
run5,1,43,48.9008,1.4
run5,1,44,118.7873,4.0526
run5,1,45,120.9687,4.5127
run5,1,46,142.3941,9.1875
run5,1,47,101.9746,3.6667
run5,1,48,137.7834,7.4046
run5,1,49,152.9444,10.9326
run5,1,50,155.4989,13
run5,1,51,142.6189,9.4623
run5,1,52,148.8984,10.8182
run5,1,53,143.6374,9.0792
run5,1,54,141.1654,8.7241
run5,1,55,146.8381,10.369
run5,1,56,117.0485,4.766
run5,1,57,133.5373,6.2632
run5,1,58,127.8224,5.427
run5,1,59,140.3938,8.4433
run5,1,60,137.2603,7.3111
run5,1,61,134.4817,7
run5,1,62,148.9889,10.5593
run5,1,63,154.6306,13.1026
run5,1,64,149.5651,12.3261
run5,1,65,153.5299,12
run5,1,66,137.3307,8.5556
run5,1,67,142.5399,8.0448
run5,1,68,154.9507,12.9799
run5,1,69,149.9073,12.1852
run5,1,70,155.2224,12.8947
run5,1,71,130.4686,6.6552
run5,1,72,142.4662,9.1212
run5,1,73,158.3067,14
run5,1,74,121.2956,5.1481
run5,1,75,146.3871,9.9787
run5,1,76,152.257,12.4404
run5,1,77,147.2028,9.6776
run5,1,78,140.534,9.1429
run5,1,79,129.4858,5.6408
run5,1,80,130.0714,5.7117
run5,1,81,132.3882,5.8398
run5,1,82,125.9294,5.4946
run5,1,83,149.0837,10.4653
run5,1,84,82.7778,-2.5789
run5,1,85,133.396,5.8889
run5,1,86,146.7407,10.4807
run5,1,87,151.3578,12.0602
run5,1,88,150.5687,12.4404
run5,1,89,167.0052,17.8889
run5,1,90,123.4471,5.0874
run5,1,91,135.5392,7
run5,1,92,144.2314,9.4623
run5,1,93,54.2157,2.0323
run5,1,94,139.8227,8.4141
run5,1,95,136.7191,7.3665
run5,1,96,164.7885,15.2353
run5,1,97,154.9112,13.8372
run5,1,98,136.2955,7.4242
run5,1,99,131.8196,6.2473
run5,1,100,145.9984,9.9787
run5,1,101,137.8065,5.9119
run5,1,102,150.9285,11.0741
run5,1,103,134.66,7
run5,1,104,153.2902,11.439
run5,1,105,137.9306,8.573
run5,1,106,147.132,10.3333
run5,1,107,153.0513,12.283
run5,1,108,164.3253,18.989
run5,1,109,138.5542,8.2963
run5,1,110,159.1418,13.5746
run5,1,111,145.7824,10.4314
run5,1,112,145.7319,9.9577
run5,1,113,140.4388,8.7413
run5,1,114,16.7816,-0.17073
run5,1,115,141.1312,8.7284
run5,1,116,166.3575,15.4337
run5,1,117,132.1856,7
run5,1,118,161.3205,14.2165
run5,1,119,149.3701,10.6842
run5,1,120,155.8982,11.9189
run5,1,121,130.1917,6.5858
run5,1,122,147.1008,9.9474
run5,1,123,129.2525,6.6
run5,1,124,140.0002,8.0448
run5,1,125,142.1095,7.7865
run5,1,126,163.7899,15.2796
run5,1,127,113.7441,4.7895
run5,1,128,132.0742,6.5906
run5,1,129,141.09,8.2139
run5,1,130,152.1642,11.0741
run5,1,131,153.1732,11.9727
run5,1,132,145.7195,9.5301
run5,1,133,164.1844,15.642
run5,1,134,130.8046,7
run5,1,135,165.5423,16.5939
run5,1,136,117.1283,5.0226
run5,1,137,140.9467,8.7766
run5,1,138,156.9608,13.3636
run5,1,139,153.0696,13.213
run5,1,140,163.0356,19.5434
run5,1,141,145.6905,10.0769
run5,1,142,153.4754,11.3128
run5,1,143,128.1037,5.6
run5,1,144,154.5669,12.8333
run5,1,145,116.8125,4.3224
run5,1,146,120.6817,4.7895
run5,1,147,168.3798,16.9024
run5,1,148,148.7612,10.8043
run5,1,149,153.3744,12.3299
run5,1,150,165.5757,17
run5,1,151,117.8332,4.5294
run5,1,152,151.3825,11.0807
run5,1,153,157.2581,13.747
run5,1,154,109.9951,4.1006
run5,1,155,149.8578,10.9773
run5,1,156,162.2391,14.6923
run5,1,157,155.5464,13.0694
run5,1,158,144.6868,9.6776
run5,1,159,153.6433,11.8837
run5,1,160,126.9622,5.3908
run5,1,161,157.633,12.0838
run5,1,162,120.5961,4.766
run5,1,163,142.5467,8.2575
run5,1,164,136.0895,5.8136
run5,1,165,152.0347,11.1584
run5,1,166,166.2527,16.7765
run5,1,167,149.4197,12.8659
run5,1,168,133.1664,7
run5,1,169,145.3781,10.2184
run5,1,170,134.4466,7
run5,1,171,128.6282,5.6
run5,1,172,138.7586,7.4046
run5,1,173,111.3329,3.7016
run5,1,174,121.9628,4.9532
run5,1,175,150.3481,10.8182
run5,1,176,140.3956,7.7609
run5,1,177,139.3439,7.3955
run5,1,178,154.3888,11.8387
run5,1,179,146.1608,10.1111
run5,1,180,68.2741,2.2055
run5,1,181,142.1141,9.1649
run5,1,182,155.5571,11.8663
run5,1,183,130.2929,6.6216
run5,1,184,157.247,14.1123
run5,1,185,64.2282,2.1961
run5,1,186,162.283,14.7
run5,1,187,150.3727,11.0741
run5,1,188,155.0605,12.8947
run5,1,189,152.3009,11.7115
run5,1,190,153.845,11.9189
run5,1,191,142.812,7.9953
run5,1,192,144.1257,9.4623
run5,1,193,146.5293,10.7234
run5,1,194,139.2059,8.6908
run5,1,195,154.4787,11.5652
run5,1,196,141.9983,8.0553
run5,1,197,137.5476,7.3483
run5,1,198,143.2348,9.1429
run5,1,199,128.3833,5.5263
run5,1,200,142.4298,9.0388
run5,1,201,97.5494,2.6459
run5,1,202,155.1373,11.8148
run5,1,203,145.2176,9.8324
run5,1,204,151.5078,11.1176
run5,1,205,133.2034,6.3137
run5,1,206,160.2867,14.5
run5,1,207,140.5567,8.8919
run5,1,208,58.2908,1.5596
run5,1,209,151.4139,11.0741
run5,1,210,156.899,13.8478
run5,1,211,149.2584,11.0698
run5,1,212,110.3444,3.802
run5,1,213,138.211,7.3825
run5,1,214,158.4907,14
run5,1,215,142.1507,9.3077
run5,1,216,159.1936,14.6087
run5,1,217,159.2665,15.0905
run5,1,218,85.1613,3.3158
run5,1,219,146.5039,9.9474
run5,1,220,148.5636,10.4653
run5,1,221,115.4599,4.0833
run5,1,222,145.9648,10.2984
run5,1,223,129.4442,5.9552
run5,1,224,131.173,6.6216
run5,1,225,140.3224,7.9677
run5,1,226,133.5401,6.6175
run5,1,227,148.1402,10.3333
run5,1,228,120.1019,5.0374
run5,1,229,141.1381,8.4583
run5,1,230,165.6435,18.9149
run5,1,231,139.2675,8.6908
run5,1,232,149.4308,10.5196
run5,1,233,145.8971,10.1034
run5,1,234,147.2691,10.369
run5,1,235,147.3709,10.4314
run5,1,236,121.3657,4.6098
run5,1,237,140.9447,7.7447
run5,1,238,148.554,10.5196
run5,1,239,128.9258,5.5263
run5,1,240,142.1049,8.1732
run5,1,241,47.9021,0.7
run5,1,242,141.6776,7.6731
run5,1,243,128.1574,5.3333
run5,1,244,149.9547,9.6415
run5,1,245,144.9065,9.6203
run5,1,246,142.7583,9.2826
run5,1,247,143.0603,9.1
run5,1,248,134.8231,6.6447
run5,1,249,146.8677,9.7374
run5,1,250,135.5977,7
run5,1,251,155.8966,11.5652
run5,1,252,157.7007,11.8837
run5,1,253,149.0622,10.5196
run5,1,254,149.927,10.8462
run5,1,255,150.4235,10.6842
run5,1,256,132.5809,5.8398
run5,1,257,140.8219,7.7
run5,1,258,156.1276,13.2441
run5,1,259,130.3992,5.9756
run5,1,260,150.8471,10.7931
run5,1,261,152.7972,10.9623
run5,1,262,143.7221,7.8434
run5,1,263,132.7248,5.6139
run5,1,264,152.8739,12.3299
run5,1,265,152.4735,12.3299
run5,1,266,128.1912,5.3721
run5,1,267,134.2816,5.9655
run5,1,268,153.9837,11.6193
run5,1,269,147.7805,10.0108
run5,1,270,154.4677,12.8947
run5,1,271,132.7315,6.2473
run5,1,272,138.7206,7.3483
run5,1,273,133.8284,6.2784
run5,1,274,107.4362,3.5946
run5,1,275,168.712,17.6061
run5,1,276,152.7053,12
run5,1,277,123.8326,4.5862
run5,1,278,134.3138,5.8525
run5,1,279,160.8201,14.5269
run5,1,280,125.8248,5.5859
run5,1,281,141.5454,8.0553
run5,1,282,139.7982,7.7447
run5,1,283,134.1127,6.6447
run5,1,284,141.3175,7.6863
run5,1,285,143.9758,10.0769
run5,1,286,152.0715,11.3128
run5,1,287,147.1271,10.4054
run5,1,288,148.1981,10.9896
run5,1,289,83.2218,2.561
run5,1,290,146.3919,10.1343
run5,1,291,149.9891,10.5354
run5,1,292,145.3329,9.3596
run5,1,293,139.8125,8.8919
run5,1,294,147.1113,9.7072
run5,1,295,140.0034,8.8135
run5,1,296,79.5892,2.4971
run5,1,297,147.4386,9.7723
run5,1,298,151.7392,12.5682
run5,1,299,159.3667,13.7308
run5,1,300,139.4651,7.7955
