<?xml version='1.0' standalone='yes'?>
<componentData>
  <component>
    <componentBaseName>hardwaresupportpkgs/testmeas/imaq_genericvideo</componentBaseName>
    <componentFileName>hardwaresupportpkgs/testmeas/imaq_genericvideo_win64_1428004862.zip</componentFileName>
    <componentName>hardwaresupportpkgs/testmeas/imaq_genericvideo_win64</componentName>
    <componentVersion>1428004862</componentVersion>
    <locale></locale>
    <numFiles>2</numFiles>
    <platformList>
      <platform>win64</platform>
    </platformList>
    <releaseFamily>R2014b</releaseFamily>
    <size>53657</size>
    <type></type>
    <uncompressedBytes>138523</uncompressedBytes>
  </component>
</componentData>
