run1,0,1,160.5572,NaN
run1,0,2,151.4188,NaN
run1,0,3,140.0038,NaN
run1,0,4,143.6752,NaN
run1,0,5,149.591,NaN
run1,0,6,149.4687,NaN
run1,0,7,143.0925,NaN
run1,0,8,148.9471,NaN
run1,0,9,140.7239,NaN
run1,0,10,143.7838,NaN
run1,0,11,144.9971,NaN
run1,0,12,128.8381,NaN
run1,0,13,145.0156,NaN
run1,0,14,110.1716,NaN
run1,0,15,123.4363,NaN
run1,0,16,134.4645,NaN
run1,0,17,127.8288,NaN
run1,0,18,145.2541,NaN
run1,0,19,133.488,NaN
run1,0,20,129.5905,NaN
run1,0,21,127.8355,NaN
run1,0,22,144.1758,NaN
run1,0,23,129.4365,NaN
run1,0,24,143.2789,NaN
run1,0,25,128.7017,NaN
run1,0,26,140.4841,NaN
run1,0,27,147.11,NaN
run1,0,28,141.6576,NaN
run1,0,29,139.3037,NaN
run1,0,30,147.3549,NaN
run1,0,31,150.8776,NaN
run1,0,32,132.6881,NaN
run1,0,33,131.1811,NaN
run1,0,34,147.627,NaN
run1,0,35,133.6879,NaN
run1,0,36,145.8641,NaN
run1,0,37,156.0398,NaN
run1,0,38,140.9918,NaN
run1,0,39,135.3243,NaN
run1,0,40,118.7807,NaN
run1,0,41,143.1112,NaN
run1,0,42,144.5863,NaN
run1,0,43,152.2904,NaN
run1,0,44,142.4362,NaN
run1,0,45,137.4563,NaN
run1,0,46,142.3379,NaN
run1,0,47,141.8436,NaN
run1,0,48,148.5774,NaN
run1,0,49,139.5488,NaN
run1,0,50,136.7949,NaN
run1,0,51,130.2117,NaN
run1,0,52,141.6527,NaN
run1,0,53,147.887,NaN
run1,0,54,141.5294,NaN
run1,0,55,140.2273,NaN
run1,0,56,146.9043,NaN
run1,0,57,144.5728,NaN
run1,0,58,145.2677,NaN
run1,0,59,112.0575,NaN
run1,0,60,147.571,NaN
run1,0,61,137.9463,NaN
run1,0,62,132.8823,NaN
run1,0,63,145.0211,NaN
run1,0,64,144.886,NaN
run1,0,65,151.2741,NaN
run1,0,66,137.235,NaN
run1,0,67,145.6004,NaN
run1,0,68,131.0154,NaN
run1,0,69,147.5047,NaN
run1,0,70,140.6609,NaN
run1,0,71,144.8978,NaN
run1,0,72,140.0201,NaN
run1,0,73,142.865,NaN
run1,0,74,128.2232,NaN
run1,0,75,136.6144,NaN
run1,0,76,141.7122,NaN
run1,0,77,143.8271,NaN
run1,0,78,141.13,NaN
run1,0,79,148.3041,NaN
run1,0,80,139.9081,NaN
run1,0,81,133.04,NaN
run1,0,82,142.8848,NaN
run1,0,83,138.0843,NaN
run1,0,84,143.0038,NaN
run1,0,85,136.2458,NaN
run1,0,86,145.3786,NaN
run1,0,87,147.1467,NaN
run1,0,88,138.1965,NaN
run1,0,89,130.7599,NaN
run1,0,90,117.7717,NaN
run1,0,91,140.9331,NaN
run1,0,92,148.3694,NaN
run1,0,93,137.8899,NaN
run1,0,94,141.6258,NaN
run1,0,95,137.9457,NaN
run1,0,96,123.3204,NaN
run1,0,97,134.8026,NaN
run1,0,98,135.4426,NaN
run1,0,99,142.5304,NaN
run1,0,100,140.7797,NaN
run1,0,101,157.3893,NaN
run1,0,102,135.3954,NaN
run1,0,103,127.2356,NaN
run1,0,104,135.0173,NaN
run1,0,105,126.872,NaN
run1,0,106,143.3606,NaN
run1,0,107,143.6406,NaN
run1,0,108,126.215,NaN
run1,0,109,117.8949,NaN
run1,0,110,148.0217,NaN
run1,0,111,138.2037,NaN
run1,0,112,133.7682,NaN
run1,0,113,150.5273,NaN
run1,0,114,140.8416,NaN
run1,0,115,148.1897,NaN
run1,0,116,142.1343,NaN
run1,0,117,135.7314,NaN
run1,0,118,144.9468,NaN
run1,0,119,127.7516,NaN
run1,0,120,129.2841,NaN
run1,0,121,134.1739,NaN
run1,0,122,144.4999,NaN
run1,0,123,117.3613,NaN
run1,0,124,137.2766,NaN
run1,0,125,148.2734,NaN
run1,0,126,138.1049,NaN
run1,0,127,127.4025,NaN
run1,0,128,135.8781,NaN
run1,0,129,138.3117,NaN
run1,0,130,133.8856,NaN
run1,0,131,136.9002,NaN
run1,0,132,136.5532,NaN
run1,0,133,144.4149,NaN
run1,0,134,134.9576,NaN
run1,0,135,126.2965,NaN
run1,0,136,139.923,NaN
run1,0,137,128.9476,NaN
run1,0,138,133.084,NaN
run1,0,139,125.2718,NaN
run1,0,140,132.7239,NaN
run1,0,141,129.4255,NaN
run1,0,142,136.8831,NaN
run1,0,143,140.6676,NaN
run1,0,144,128.9519,NaN
run1,0,145,121.0047,NaN
run1,0,146,135.7369,NaN
run1,0,147,125.9158,NaN
run1,0,148,147.0048,NaN
run1,0,149,131.1832,NaN
run1,0,150,132.8902,NaN
run1,0,151,124.0696,NaN
run1,0,152,144.136,NaN
run1,0,153,135.5075,NaN
run1,0,154,132.1136,NaN
run1,0,155,144.1996,NaN
run1,0,156,121.624,NaN
run1,0,157,126.2195,NaN
run1,0,158,139.602,NaN
run1,0,159,127.8067,NaN
run1,0,160,148.9654,NaN
run1,0,161,145.2504,NaN
run1,0,162,148.3542,NaN
run1,0,163,147.5533,NaN
run1,0,164,146.1319,NaN
run1,0,165,136.2871,NaN
run1,0,166,134.9349,NaN
run1,0,167,149.7434,NaN
run1,0,168,137.3537,NaN
run1,0,169,148.2494,NaN
run1,0,170,146.3824,NaN
run1,0,171,143.5542,NaN
run1,0,172,116.509,NaN
run1,0,173,143.0218,NaN
run1,0,174,145.0286,NaN
run1,0,175,148.7341,NaN
run1,0,176,137.6863,NaN
run1,0,177,108.6868,NaN
run1,0,178,149.1559,NaN
run1,0,179,150.1073,NaN
run1,0,180,137.803,NaN
run1,0,181,144.6678,NaN
run1,0,182,132.5294,NaN
run1,0,183,123.0183,NaN
run1,0,184,148.9736,NaN
run1,0,185,129.6685,NaN
run1,0,186,138.9991,NaN
run1,0,187,142.4841,NaN
run1,0,188,142.6764,NaN
run1,0,189,143.1773,NaN
run1,0,190,145.6476,NaN
run1,0,191,142.3492,NaN
run1,0,192,134.8867,NaN
run1,0,193,144.5365,NaN
run1,0,194,117.6937,NaN
run1,0,195,139.1502,NaN
run1,0,196,133.5678,NaN
run1,0,197,121.923,NaN
run1,0,198,132.9974,NaN
run1,0,199,137.2296,NaN
run1,0,200,146.9331,NaN
run1,0,201,145.1195,NaN
run1,0,202,150.8389,NaN
run1,0,203,142.6512,NaN
run1,0,204,121.946,NaN
run1,0,205,148.0172,NaN
run1,0,206,131.7029,NaN
run1,0,207,140.4832,NaN
run1,0,208,142.7637,NaN
run1,0,209,143.8971,NaN
run1,0,210,143.1948,NaN
run1,0,211,145.7934,NaN
run1,0,212,144.6784,NaN
run1,0,213,132.247,NaN
run1,0,214,149.33,NaN
run1,0,215,139.1118,NaN
run1,0,216,140.7203,NaN
run1,0,217,139.0725,NaN
run1,0,218,133.4106,NaN
run1,0,219,143.7722,NaN
run1,0,220,132.2051,NaN
run1,0,221,128.5739,NaN
run1,0,222,147.767,NaN
run1,0,223,138.4592,NaN
run1,0,224,141.4519,NaN
run1,0,225,144.2452,NaN
run1,0,226,143.5178,NaN
run1,0,227,131.2715,NaN
run1,0,228,133.6305,NaN
run1,0,229,127.5911,NaN
run1,0,230,136.9231,NaN
run1,0,231,142.0844,NaN
run1,0,232,140.9282,NaN
run1,0,233,135.6635,NaN
run1,0,234,135.4262,NaN
run1,0,235,139.8936,NaN
run1,0,236,126.9071,NaN
run1,0,237,135.079,NaN
run1,0,238,130.2546,NaN
run1,0,239,149.33,NaN
run1,0,240,119.2986,NaN
run1,0,241,131.223,NaN
run1,0,242,133.2611,NaN
run1,0,243,144.9685,NaN
run1,0,244,123.1189,NaN
run1,0,245,144.8416,NaN
run1,0,246,132.8611,NaN
run1,0,247,135.6566,NaN
run1,0,248,126.5079,NaN
run1,0,249,141.1043,NaN
run1,0,250,134.9263,NaN
run1,0,251,142.738,NaN
run1,0,252,151.0547,NaN
run1,0,253,138.1066,NaN
run1,0,254,134.0466,NaN
run1,0,255,115.857,NaN
run1,0,256,153.1019,NaN
run1,0,257,125.5899,NaN
run1,0,258,132.7564,NaN
run1,0,259,137.4382,NaN
run1,0,260,145.0903,NaN
run1,0,261,134.2336,NaN
run1,0,262,132.031,NaN
run1,0,263,141.0643,NaN
run1,0,264,136.4452,NaN
run1,0,265,132.2801,NaN
run1,0,266,148.8417,NaN
run1,0,267,126.9797,NaN
run1,0,268,132.4032,NaN
run1,0,269,127.2873,NaN
run1,0,270,133.2912,NaN
run1,0,271,134.8815,NaN
run1,0,272,129.1805,NaN
run1,0,273,151.5697,NaN
run1,0,274,136.2279,NaN
run1,0,275,131.6226,NaN
run1,0,276,142.2295,NaN
run1,0,277,139.4591,NaN
run1,0,278,112.3056,NaN
run1,0,279,140.6912,NaN
run1,0,280,110.636,NaN
run1,0,281,131.5394,NaN
run1,0,282,122.5088,NaN
run1,0,283,137.938,NaN
run1,0,284,119.4168,NaN
run1,0,285,142.7801,NaN
run1,0,286,137.7795,NaN
run1,0,287,128.0276,NaN
run1,0,288,132.0002,NaN
run1,0,289,123.0693,NaN
run1,0,290,129.3762,NaN
run1,0,291,141.0277,NaN
run1,0,292,119.2498,NaN
run1,0,293,135.383,NaN
run1,0,294,116.5402,NaN
run1,0,295,137.6083,NaN
run1,0,296,108.6622,NaN
run1,0,297,146.5301,NaN
run1,0,298,130.9397,NaN
run1,0,299,138.8834,NaN
run1,0,300,135.1063,NaN
run2,0,1,152.9898,NaN
run2,0,2,152.06,NaN
run2,0,3,158.8898,NaN
run2,0,4,137.623,NaN
run2,0,5,148.617,NaN
run2,0,6,151.4454,NaN
run2,0,7,147.5033,NaN
run2,0,8,135.1225,NaN
run2,0,9,140.5988,NaN
run2,0,10,139.8683,NaN
run2,0,11,139.3725,NaN
run2,0,12,151.8783,NaN
run2,0,13,146.4128,NaN
run2,0,14,143.1305,NaN
run2,0,15,136.4396,NaN
run2,0,16,150.9707,NaN
run2,0,17,145.8519,NaN
run2,0,18,147.0359,NaN
run2,0,19,140.0028,NaN
run2,0,20,146.6906,NaN
run2,0,21,153.7103,NaN
run2,0,22,145.3559,NaN
run2,0,23,151.2156,NaN
run2,0,24,149.7238,NaN
run2,0,25,153.3857,NaN
run2,0,26,154.3184,NaN
run2,0,27,142.4355,NaN
run2,0,28,153.7258,NaN
run2,0,29,150.9613,NaN
run2,0,30,157.6785,NaN
run2,0,31,138.3638,NaN
run2,0,32,145.4773,NaN
run2,0,33,149.1608,NaN
run2,0,34,140.6824,NaN
run2,0,35,160.6106,NaN
run2,0,36,152.6737,NaN
run2,0,37,155.7479,NaN
run2,0,38,148.4638,NaN
run2,0,39,140.1903,NaN
run2,0,40,155.1177,NaN
run2,0,41,147.7683,NaN
run2,0,42,156.3222,NaN
run2,0,43,146.2775,NaN
run2,0,44,134.5148,NaN
run2,0,45,150.9817,NaN
run2,0,46,121.126,NaN
run2,0,47,135.2923,NaN
run2,0,48,138.5486,NaN
run2,0,49,130.0792,NaN
run2,0,50,140.0489,NaN
run2,0,51,137.3723,NaN
run2,0,52,146.6172,NaN
run2,0,53,142.0917,NaN
run2,0,54,147.3955,NaN
run2,0,55,127.149,NaN
run2,0,56,145.9746,NaN
run2,0,57,131.8313,NaN
run2,0,58,129.1432,NaN
run2,0,59,151.5529,NaN
run2,0,60,120.7687,NaN
run2,0,61,143.7011,NaN
run2,0,62,142.8333,NaN
run2,0,63,143.4942,NaN
run2,0,64,134.7085,NaN
run2,0,65,134.358,NaN
run2,0,66,138.4373,NaN
run2,0,67,131.894,NaN
run2,0,68,140.1763,NaN
run2,0,69,139.2723,NaN
run2,0,70,132.2659,NaN
run2,0,71,145.9689,NaN
run2,0,72,144.7859,NaN
run2,0,73,153.7787,NaN
run2,0,74,128.2172,NaN
run2,0,75,138.1906,NaN
run2,0,76,141.1509,NaN
run2,0,77,116.5492,NaN
run2,0,78,129.3125,NaN
run2,0,79,119.1951,NaN
run2,0,80,129.8423,NaN
run2,0,81,135.3334,NaN
run2,0,82,140.3418,NaN
run2,0,83,136.925,NaN
run2,0,84,145.8429,NaN
run2,0,85,141.6668,NaN
run2,0,86,138.2371,NaN
run2,0,87,144.586,NaN
run2,0,88,141.6994,NaN
run2,0,89,147.5301,NaN
run2,0,90,135.7684,NaN
run2,0,91,136.1155,NaN
run2,0,92,137.5035,NaN
run2,0,93,127.2497,NaN
run2,0,94,135.8363,NaN
run2,0,95,141.3447,NaN
run2,0,96,133.5813,NaN
run2,0,97,132.2075,NaN
run2,0,98,141.5754,NaN
run2,0,99,135.401,NaN
run2,0,100,143.5367,NaN
run2,0,101,141.488,NaN
run2,0,102,142.8386,NaN
run2,0,103,142.3337,NaN
run2,0,104,141.9349,NaN
run2,0,105,149.3083,NaN
run2,0,106,131.7496,NaN
run2,0,107,114.1589,NaN
run2,0,108,128.1634,NaN
run2,0,109,135.0973,NaN
run2,0,110,146.8678,NaN
run2,0,111,136.2081,NaN
run2,0,112,131.6,NaN
run2,0,113,147.2746,NaN
run2,0,114,140.1771,NaN
run2,0,115,118.0295,NaN
run2,0,116,121.2962,NaN
run2,0,117,140.2063,NaN
run2,0,118,145.6289,NaN
run2,0,119,121.2455,NaN
run2,0,120,143.7089,NaN
run2,0,121,135.2128,NaN
run2,0,122,137.7298,NaN
run2,0,123,130.6281,NaN
run2,0,124,141.5324,NaN
run2,0,125,144.5322,NaN
run2,0,126,136.5037,NaN
run2,0,127,149.1294,NaN
run2,0,128,133.5819,NaN
run2,0,129,136.9055,NaN
run2,0,130,137.0154,NaN
run2,0,131,137.768,NaN
run2,0,132,140.0893,NaN
run2,0,133,134.0501,NaN
run2,0,134,130.278,NaN
run2,0,135,134.2538,NaN
run2,0,136,141.2721,NaN
run2,0,137,129.4754,NaN
run2,0,138,127.4558,NaN
run2,0,139,145.8517,NaN
run2,0,140,135.7582,NaN
run2,0,141,126.0634,NaN
run2,0,142,140.8995,NaN
run2,0,143,136.1372,NaN
run2,0,144,132.8601,NaN
run2,0,145,147.1965,NaN
run2,0,146,142.6361,NaN
run2,0,147,129.1244,NaN
run2,0,148,132.0152,NaN
run2,0,149,146.816,NaN
run2,0,150,137.4599,NaN
run2,0,151,124.5329,NaN
run2,0,152,146.0797,NaN
run2,0,153,131.5629,NaN
run2,0,154,152.8977,NaN
run2,0,155,121.4104,NaN
run2,0,156,135.6101,NaN
run2,0,157,122.2833,NaN
run2,0,158,142.4815,NaN
run2,0,159,133.2431,NaN
run2,0,160,128.8749,NaN
run2,0,161,140.5603,NaN
run2,0,162,122.6602,NaN
run2,0,163,129.4368,NaN
run2,0,164,122.8222,NaN
run2,0,165,141.7663,NaN
run2,0,166,145.3104,NaN
run2,0,167,137.4506,NaN
run2,0,168,139.8102,NaN
run2,0,169,135.4339,NaN
run2,0,170,141.6027,NaN
run2,0,171,114.8557,NaN
run2,0,172,143.3671,NaN
run2,0,173,120.1728,NaN
run2,0,174,144.1411,NaN
run2,0,175,141.5047,NaN
run2,0,176,140.3414,NaN
run2,0,177,142.3863,NaN
run2,0,178,134.4749,NaN
run2,0,179,134.7331,NaN
run2,0,180,130.8679,NaN
run2,0,181,146.6403,NaN
run2,0,182,127.906,NaN
run2,0,183,134.3355,NaN
run2,0,184,128.0355,NaN
run2,0,185,126.5886,NaN
run2,0,186,139.8199,NaN
run2,0,187,129.5889,NaN
run2,0,188,145.0931,NaN
run2,0,189,141.5993,NaN
run2,0,190,142.7147,NaN
run2,0,191,145.555,NaN
run2,0,192,138.6562,NaN
run2,0,193,137.4235,NaN
run2,0,194,146.1953,NaN
run2,0,195,133.4733,NaN
run2,0,196,134.4289,NaN
run2,0,197,134.0863,NaN
run2,0,198,148.1847,NaN
run2,0,199,128.8316,NaN
run2,0,200,137.3922,NaN
run2,0,201,136.7803,NaN
run2,0,202,144.274,NaN
run2,0,203,141.5215,NaN
run2,0,204,129.3541,NaN
run2,0,205,133.3205,NaN
run2,0,206,130.297,NaN
run2,0,207,135.8112,NaN
run2,0,208,135.0494,NaN
run2,0,209,131.4769,NaN
run2,0,210,131.3785,NaN
run2,0,211,142.3699,NaN
run2,0,212,135.9936,NaN
run2,0,213,130.9701,NaN
run2,0,214,131.6221,NaN
run2,0,215,140.5656,NaN
run2,0,216,129.4738,NaN
run2,0,217,147.2785,NaN
run2,0,218,136.4906,NaN
run2,0,219,135.8688,NaN
run2,0,220,129.3916,NaN
run2,0,221,137.8739,NaN
run2,0,222,140.5965,NaN
run2,0,223,114.2207,NaN
run2,0,224,140.0265,NaN
run2,0,225,129.8239,NaN
run2,0,226,135.8443,NaN
run2,0,227,144.5941,NaN
run2,0,228,123.6636,NaN
run2,0,229,116.6008,NaN
run2,0,230,133.4766,NaN
run2,0,231,133.3465,NaN
run2,0,232,140.2657,NaN
run2,0,233,144.9685,NaN
run2,0,234,122.8514,NaN
run2,0,235,143.7576,NaN
run2,0,236,142.4358,NaN
run2,0,237,131.275,NaN
run2,0,238,139.472,NaN
run2,0,239,133.3836,NaN
run2,0,240,146.5221,NaN
run2,0,241,136.2239,NaN
run2,0,242,126.3612,NaN
run2,0,243,132.7517,NaN
run2,0,244,144.1972,NaN
run2,0,245,144.4024,NaN
run2,0,246,132.206,NaN
run2,0,247,137.5494,NaN
run2,0,248,140.7995,NaN
run2,0,249,139.9589,NaN
run2,0,250,134.7045,NaN
run2,0,251,134.0373,NaN
run2,0,252,141.6698,NaN
run2,0,253,134.803,NaN
run2,0,254,131.1648,NaN
run2,0,255,127.6887,NaN
run2,0,256,142.6979,NaN
run2,0,257,134.022,NaN
run2,0,258,134.0975,NaN
run2,0,259,131.2723,NaN
run2,0,260,136.5193,NaN
run2,0,261,132.736,NaN
run2,0,262,127.9315,NaN
run2,0,263,129.2552,NaN
run2,0,264,135.0233,NaN
run2,0,265,115.35,NaN
run2,0,266,127.5773,NaN
run2,0,267,125.5902,NaN
run2,0,268,129.135,NaN
run2,0,269,143.005,NaN
run2,0,270,134.9801,NaN
run2,0,271,133.6261,NaN
run2,0,272,144.751,NaN
run2,0,273,137.1884,NaN
run2,0,274,128.7421,NaN
run2,0,275,138.7128,NaN
run2,0,276,131.8625,NaN
run2,0,277,145.68,NaN
run2,0,278,131.588,NaN
run2,0,279,136.9458,NaN
run2,0,280,136.1709,NaN
run2,0,281,141.7163,NaN
run2,0,282,134.7663,NaN
run2,0,283,132.622,NaN
run2,0,284,129.4619,NaN
run2,0,285,138.9423,NaN
run2,0,286,112.6686,NaN
run2,0,287,145.0955,NaN
run2,0,288,133.8353,NaN
run2,0,289,127.4006,NaN
run2,0,290,125.5989,NaN
run2,0,291,146.7538,NaN
run2,0,292,130.3651,NaN
run2,0,293,134.0644,NaN
run2,0,294,135.251,NaN
run2,0,295,138.597,NaN
run2,0,296,133.723,NaN
run2,0,297,138.1152,NaN
run2,0,298,131.2806,NaN
run2,0,299,142.5504,NaN
run2,0,300,146.3145,NaN
run3,0,1,120.3417,NaN
run3,0,2,89.9196,NaN
run3,0,3,106.2903,NaN
run3,0,4,92.6564,NaN
run3,0,5,103.6567,NaN
run3,0,6,90.355,NaN
run3,0,7,92.0951,NaN
run3,0,8,97.6349,NaN
run3,0,9,99.1572,NaN
run3,0,10,113.4386,NaN
run3,0,11,86.1892,NaN
run3,0,12,107.8025,NaN
run3,0,13,93.0788,NaN
run3,0,14,106.8036,NaN
run3,0,15,97.5248,NaN
run3,0,16,103.1149,NaN
run3,0,17,65.4827,NaN
run3,0,18,73.6439,NaN
run3,0,19,57.3568,NaN
run3,0,20,93.9713,NaN
run3,0,21,80.0255,NaN
run3,0,22,83.7199,NaN
run3,0,23,105.1708,NaN
run3,0,24,87.7061,NaN
run3,0,25,105.1753,NaN
run3,0,26,106.3312,NaN
run3,0,27,122.1203,NaN
run3,0,28,111.2266,NaN
run3,0,29,106.212,NaN
run3,0,30,90.1061,NaN
run3,0,31,98.3506,NaN
run3,0,32,106.2253,NaN
run3,0,33,89.1433,NaN
run3,0,34,125.7829,NaN
run3,0,35,109.153,NaN
run3,0,36,126.9429,NaN
run3,0,37,89.3575,NaN
run3,0,38,106.1747,NaN
run3,0,39,95.0112,NaN
run3,0,40,101.183,NaN
run3,0,41,129.7487,NaN
run3,0,42,76.3808,NaN
run3,0,43,95.4253,NaN
run3,0,44,116.1173,NaN
run3,0,45,125.8844,NaN
run3,0,46,99.5248,NaN
run3,0,47,115.3477,NaN
run3,0,48,107.8956,NaN
run3,0,49,101.7502,NaN
run3,0,50,108.6611,NaN
run3,0,51,106.9382,NaN
run3,0,52,113.8384,NaN
run3,0,53,114.6193,NaN
run3,0,54,111.1387,NaN
run3,0,55,112.1076,NaN
run3,0,56,117.6154,NaN
run3,0,57,102.5634,NaN
run3,0,58,119.0578,NaN
run3,0,59,128.9657,NaN
run3,0,60,106.0586,NaN
run3,0,61,87.9693,NaN
run3,0,62,107.4816,NaN
run3,0,63,98.4859,NaN
run3,0,64,98.2835,NaN
run3,0,65,76.7,NaN
run3,0,66,92.5625,NaN
run3,0,67,110.0989,NaN
run3,0,68,110.9249,NaN
run3,0,69,120.5037,NaN
run3,0,70,108.5167,NaN
run3,0,71,97.2743,NaN
run3,0,72,94.9186,NaN
run3,0,73,92.1581,NaN
run3,0,74,114.654,NaN
run3,0,75,118.3994,NaN
run3,0,76,95.8759,NaN
run3,0,77,109.6971,NaN
run3,0,78,110.3387,NaN
run3,0,79,116.3729,NaN
run3,0,80,107.238,NaN
run3,0,81,101.0575,NaN
run3,0,82,98.1912,NaN
run3,0,83,122.1209,NaN
run3,0,84,107.9886,NaN
run3,0,85,139.8243,NaN
run3,0,86,109.7208,NaN
run3,0,87,110.9862,NaN
run3,0,88,111.0842,NaN
run3,0,89,137.4187,NaN
run3,0,90,104.1091,NaN
run3,0,91,118.7692,NaN
run3,0,92,101.0754,NaN
run3,0,93,90.3712,NaN
run3,0,94,114.0483,NaN
run3,0,95,126.5815,NaN
run3,0,96,110.9024,NaN
run3,0,97,125.5342,NaN
run3,0,98,118.6205,NaN
run3,0,99,113.6857,NaN
run3,0,100,58.7157,NaN
run3,0,101,110.4288,NaN
run3,0,102,105.7086,NaN
run3,0,103,130.8349,NaN
run3,0,104,103.1714,NaN
run3,0,105,114.432,NaN
run3,0,106,90.1609,NaN
run3,0,107,77.4699,NaN
run3,0,108,101.0897,NaN
run3,0,109,108.5437,NaN
run3,0,110,107.9033,NaN
run3,0,111,102.9635,NaN
run3,0,112,98.895,NaN
run3,0,113,121.7616,NaN
run3,0,114,120.8527,NaN
run3,0,115,108.611,NaN
run3,0,116,114.2704,NaN
run3,0,117,115.9373,NaN
run3,0,118,109.7143,NaN
run3,0,119,82.1434,NaN
run3,0,120,97.3231,NaN
run3,0,121,105.5544,NaN
run3,0,122,100.6753,NaN
run3,0,123,126.9969,NaN
run3,0,124,118.5851,NaN
run3,0,125,124.3602,NaN
run3,0,126,98.9105,NaN
run3,0,127,108.3529,NaN
run3,0,128,78.6437,NaN
run3,0,129,122.7302,NaN
run3,0,130,95.4073,NaN
run3,0,131,133.3651,NaN
run3,0,132,113.6679,NaN
run3,0,133,118.1308,NaN
run3,0,134,70.0821,NaN
run3,0,135,105.522,NaN
run3,0,136,131.5387,NaN
run3,0,137,126.78,NaN
run3,0,138,101.3994,NaN
run3,0,139,117.1992,NaN
run3,0,140,114.4018,NaN
run3,0,141,110.5474,NaN
run3,0,142,118.2117,NaN
run3,0,143,119.6843,NaN
run3,0,144,100.7878,NaN
run3,0,145,118.6155,NaN
run3,0,146,110.9043,NaN
run3,0,147,74.8768,NaN
run3,0,148,105.6334,NaN
run3,0,149,120.8256,NaN
run3,0,150,96.3307,NaN
run3,0,151,129.9558,NaN
run3,0,152,94.1368,NaN
run3,0,153,114.9892,NaN
run3,0,154,111.2394,NaN
run3,0,155,106.6345,NaN
run3,0,156,135.65,NaN
run3,0,157,100.1172,NaN
run3,0,158,115.0558,NaN
run3,0,159,108.3959,NaN
run3,0,160,137.8791,NaN
run3,0,161,146.592,NaN
run3,0,162,96.6621,NaN
run3,0,163,101.9595,NaN
run3,0,164,95.4513,NaN
run3,0,165,107.6261,NaN
run3,0,166,118.6162,NaN
run3,0,167,108.0305,NaN
run3,0,168,97.2338,NaN
run3,0,169,125.0582,NaN
run3,0,170,112.4266,NaN
run3,0,171,144.5358,NaN
run3,0,172,128.2679,NaN
run3,0,173,83.3402,NaN
run3,0,174,113.7517,NaN
run3,0,175,93.9755,NaN
run3,0,176,138.0876,NaN
run3,0,177,136.4634,NaN
run3,0,178,95.8682,NaN
run3,0,179,96.859,NaN
run3,0,180,117.3637,NaN
run3,0,181,120.8909,NaN
run3,0,182,108.023,NaN
run3,0,183,86.5217,NaN
run3,0,184,139.9232,NaN
run3,0,185,121.8435,NaN
run3,0,186,138.0384,NaN
run3,0,187,123.9542,NaN
run3,0,188,125.4746,NaN
run3,0,189,80.4024,NaN
run3,0,190,111.3921,NaN
run3,0,191,124.2634,NaN
run3,0,192,120.6539,NaN
run3,0,193,124.9231,NaN
run3,0,194,92.495,NaN
run3,0,195,92.7001,NaN
run3,0,196,117.0349,NaN
run3,0,197,99.4007,NaN
run3,0,198,85.3396,NaN
run3,0,199,103.3083,NaN
run3,0,200,100.5455,NaN
run3,0,201,123.2693,NaN
run3,0,202,108.1271,NaN
run3,0,203,90.5608,NaN
run3,0,204,99.0475,NaN
run3,0,205,105.0748,NaN
run3,0,206,118.4825,NaN
run3,0,207,139.3982,NaN
run3,0,208,93.6825,NaN
run3,0,209,121.0804,NaN
run3,0,210,80.3534,NaN
run3,0,211,112.4916,NaN
run3,0,212,111.3148,NaN
run3,0,213,121.7778,NaN
run3,0,214,125.663,NaN
run3,0,215,120.1304,NaN
run3,0,216,103.7343,NaN
run3,0,217,112.881,NaN
run3,0,218,117.6192,NaN
run3,0,219,119.7134,NaN
run3,0,220,110.4619,NaN
run3,0,221,108.4471,NaN
run3,0,222,104.5547,NaN
run3,0,223,112.8288,NaN
run3,0,224,107.5561,NaN
run3,0,225,98.4196,NaN
run3,0,226,92.3928,NaN
run3,0,227,97.8965,NaN
run3,0,228,113.4411,NaN
run3,0,229,103.135,NaN
run3,0,230,96.8741,NaN
run3,0,231,116.3718,NaN
run3,0,232,92.0389,NaN
run3,0,233,117.4583,NaN
run3,0,234,87.9723,NaN
run3,0,235,93.7562,NaN
run3,0,236,115.3796,NaN
run3,0,237,120.8743,NaN
run3,0,238,136.4626,NaN
run3,0,239,128.4549,NaN
run3,0,240,113.187,NaN
run3,0,241,123.6717,NaN
run3,0,242,91.8678,NaN
run3,0,243,130.9837,NaN
run3,0,244,137.103,NaN
run3,0,245,117.9864,NaN
run3,0,246,117.9132,NaN
run3,0,247,87.0834,NaN
run3,0,248,97.1019,NaN
run3,0,249,111.5732,NaN
run3,0,250,114.0922,NaN
run3,0,251,115.0994,NaN
run3,0,252,108.337,NaN
run3,0,253,121.4822,NaN
run3,0,254,113.1073,NaN
run3,0,255,111.1906,NaN
run3,0,256,128.9468,NaN
run3,0,257,120.789,NaN
run3,0,258,118.5683,NaN
run3,0,259,121.1084,NaN
run3,0,260,124.9628,NaN
run3,0,261,112.8897,NaN
run3,0,262,114.9549,NaN
run3,0,263,124.5334,NaN
run3,0,264,127.5426,NaN
run3,0,265,122.3605,NaN
run3,0,266,133.3818,NaN
run3,0,267,90.5414,NaN
run3,0,268,113.4936,NaN
run3,0,269,119.4841,NaN
run3,0,270,91.336,NaN
run3,0,271,128.4795,NaN
run3,0,272,116.3942,NaN
run3,0,273,98.9951,NaN
run3,0,274,96.1478,NaN
run3,0,275,120.7083,NaN
run3,0,276,114.8519,NaN
run3,0,277,101.0597,NaN
run3,0,278,134.6128,NaN
run3,0,279,74.1432,NaN
run3,0,280,135.9216,NaN
run3,0,281,136.2635,NaN
run3,0,282,117.2094,NaN
run3,0,283,104.2433,NaN
run3,0,284,93.9963,NaN
run3,0,285,129.3223,NaN
run3,0,286,120.7919,NaN
run3,0,287,109.3632,NaN
run3,0,288,100.1132,NaN
run3,0,289,111.095,NaN
run3,0,290,117.2746,NaN
run3,0,291,118.8813,NaN
run3,0,292,102.6505,NaN
run3,0,293,117.5023,NaN
run3,0,294,93.4666,NaN
run3,0,295,116.1079,NaN
run3,0,296,125.7153,NaN
run3,0,297,148.2296,NaN
run3,0,298,127.5013,NaN
run3,0,299,99.9702,NaN
run3,0,300,115.298,NaN
run4,0,1,161.0189,NaN
run4,0,2,137.6518,NaN
run4,0,3,133.651,NaN
run4,0,4,154.0055,NaN
run4,0,5,128.2744,NaN
run4,0,6,147.892,NaN
run4,0,7,147.7006,NaN
run4,0,8,122.8934,NaN
run4,0,9,152.8156,NaN
run4,0,10,145.8169,NaN
run4,0,11,150.5063,NaN
run4,0,12,125.9428,NaN
run4,0,13,149.6314,NaN
run4,0,14,146.5722,NaN
run4,0,15,138.9448,NaN
run4,0,16,128.4301,NaN
run4,0,17,151.0948,NaN
run4,0,18,147.5726,NaN
run4,0,19,132.3177,NaN
run4,0,20,137.5213,NaN
run4,0,21,151.7271,NaN
run4,0,22,145.7213,NaN
run4,0,23,140.5688,NaN
run4,0,24,130.6021,NaN
run4,0,25,138.4228,NaN
run4,0,26,142.7219,NaN
run4,0,27,143.6432,NaN
run4,0,28,145.8414,NaN
run4,0,29,149.85,NaN
run4,0,30,152.9912,NaN
run4,0,31,142.3356,NaN
run4,0,32,146.6924,NaN
run4,0,33,139.3847,NaN
run4,0,34,143.5068,NaN
run4,0,35,141.699,NaN
run4,0,36,135.9903,NaN
run4,0,37,145.0209,NaN
run4,0,38,153.5455,NaN
run4,0,39,135.6019,NaN
run4,0,40,139.5587,NaN
run4,0,41,129.7895,NaN
run4,0,42,134.8244,NaN
run4,0,43,134.4756,NaN
run4,0,44,139.4546,NaN
run4,0,45,136.206,NaN
run4,0,46,141.5112,NaN
run4,0,47,133.976,NaN
run4,0,48,132.9972,NaN
run4,0,49,146.6952,NaN
run4,0,50,137.9303,NaN
run4,0,51,134.7758,NaN
run4,0,52,136.2536,NaN
run4,0,53,126.1903,NaN
run4,0,54,145.712,NaN
run4,0,55,135.6548,NaN
run4,0,56,140.0511,NaN
run4,0,57,137.7265,NaN
run4,0,58,137.7391,NaN
run4,0,59,148.7379,NaN
run4,0,60,130.8413,NaN
run4,0,61,134.1598,NaN
run4,0,62,152.2895,NaN
run4,0,63,115.7702,NaN
run4,0,64,135.1922,NaN
run4,0,65,136.5389,NaN
run4,0,66,124.0502,NaN
run4,0,67,142.9884,NaN
run4,0,68,148.2072,NaN
run4,0,69,137.1825,NaN
run4,0,70,152.0604,NaN
run4,0,71,148.724,NaN
run4,0,72,142.1614,NaN
run4,0,73,140.0464,NaN
run4,0,74,136.4526,NaN
run4,0,75,139.7542,NaN
run4,0,76,129.9592,NaN
run4,0,77,145.158,NaN
run4,0,78,145.9606,NaN
run4,0,79,118.4255,NaN
run4,0,80,135.4077,NaN
run4,0,81,149.8761,NaN
run4,0,82,145.4058,NaN
run4,0,83,152.4289,NaN
run4,0,84,129.9572,NaN
run4,0,85,141.2016,NaN
run4,0,86,136.6953,NaN
run4,0,87,150.9594,NaN
run4,0,88,142.4388,NaN
run4,0,89,132.4589,NaN
run4,0,90,148.0565,NaN
run4,0,91,136.1085,NaN
run4,0,92,131.0159,NaN
run4,0,93,147.3995,NaN
run4,0,94,145.4043,NaN
run4,0,95,128.6619,NaN
run4,0,96,142.4266,NaN
run4,0,97,157.8404,NaN
run4,0,98,139.1488,NaN
run4,0,99,130.3822,NaN
run4,0,100,143.3215,NaN
run4,0,101,132.4495,NaN
run4,0,102,156.1777,NaN
run4,0,103,128.5065,NaN
run4,0,104,151.0801,NaN
run4,0,105,142.1959,NaN
run4,0,106,129.6914,NaN
run4,0,107,150.6944,NaN
run4,0,108,118.3262,NaN
run4,0,109,144.247,NaN
run4,0,110,151.0857,NaN
run4,0,111,138.9692,NaN
run4,0,112,146.1712,NaN
run4,0,113,153.6611,NaN
run4,0,114,132.161,NaN
run4,0,115,154.5881,NaN
run4,0,116,146.1498,NaN
run4,0,117,141.0464,NaN
run4,0,118,143.3191,NaN
run4,0,119,127.6225,NaN
run4,0,120,150.9774,NaN
run4,0,121,155.5571,NaN
run4,0,122,151.3799,NaN
run4,0,123,134.7969,NaN
run4,0,124,143.8166,NaN
run4,0,125,145.1639,NaN
run4,0,126,148.9515,NaN
run4,0,127,139.1207,NaN
run4,0,128,133.2855,NaN
run4,0,129,146.0395,NaN
run4,0,130,143.844,NaN
run4,0,131,147.6201,NaN
run4,0,132,138.2448,NaN
run4,0,133,153.0411,NaN
run4,0,134,128.4048,NaN
run4,0,135,133.0407,NaN
run4,0,136,144.1836,NaN
run4,0,137,147.3185,NaN
run4,0,138,128.7014,NaN
run4,0,139,134.6435,NaN
run4,0,140,135.1484,NaN
run4,0,141,141.3823,NaN
run4,0,142,134.0713,NaN
run4,0,143,143.2197,NaN
run4,0,144,141.6601,NaN
run4,0,145,151.9766,NaN
run4,0,146,146.2789,NaN
run4,0,147,142.6368,NaN
run4,0,148,135.8002,NaN
run4,0,149,143.649,NaN
run4,0,150,122.8007,NaN
run4,0,151,147.7817,NaN
run4,0,152,136.2768,NaN
run4,0,153,140.1493,NaN
run4,0,154,145.2819,NaN
run4,0,155,147.3641,NaN
run4,0,156,142.9787,NaN
run4,0,157,149.0646,NaN
run4,0,158,150.3409,NaN
run4,0,159,140.4549,NaN
run4,0,160,147.3101,NaN
run4,0,161,146.1792,NaN
run4,0,162,132.7991,NaN
run4,0,163,132.8883,NaN
run4,0,164,143.7395,NaN
run4,0,165,129.1079,NaN
run4,0,166,143.4128,NaN
run4,0,167,140.2993,NaN
run4,0,168,138.5103,NaN
run4,0,169,153.1993,NaN
run4,0,170,140.605,NaN
run4,0,171,138.2594,NaN
run4,0,172,138.9773,NaN
run4,0,173,148.4739,NaN
run4,0,174,132.904,NaN
run4,0,175,153.6809,NaN
run4,0,176,135.7657,NaN
run4,0,177,152.1357,NaN
run4,0,178,144.681,NaN
run4,0,179,132.4595,NaN
run4,0,180,147.7764,NaN
run4,0,181,147.9447,NaN
run4,0,182,147.1629,NaN
run4,0,183,145.3679,NaN
run4,0,184,140.2475,NaN
run4,0,185,137.2733,NaN
run4,0,186,138.3931,NaN
run4,0,187,139.1475,NaN
run4,0,188,135.4364,NaN
run4,0,189,131.3494,NaN
run4,0,190,150.2883,NaN
run4,0,191,133.3196,NaN
run4,0,192,135.3898,NaN
run4,0,193,153.5153,NaN
run4,0,194,121.0718,NaN
run4,0,195,139.1981,NaN
run4,0,196,150.4709,NaN
run4,0,197,138.4306,NaN
run4,0,198,154.5267,NaN
run4,0,199,137.1549,NaN
run4,0,200,143.292,NaN
run4,0,201,143.9899,NaN
run4,0,202,146.3103,NaN
run4,0,203,142.2205,NaN
run4,0,204,146.7985,NaN
run4,0,205,141.7903,NaN
run4,0,206,151.0119,NaN
run4,0,207,149.2387,NaN
run4,0,208,122.264,NaN
run4,0,209,148.5977,NaN
run4,0,210,140.0213,NaN
run4,0,211,155.8316,NaN
run4,0,212,131.4556,NaN
run4,0,213,152.4746,NaN
run4,0,214,143.9248,NaN
run4,0,215,152.6912,NaN
run4,0,216,146.5538,NaN
run4,0,217,136.043,NaN
run4,0,218,144.3637,NaN
run4,0,219,135.2457,NaN
run4,0,220,144.1294,NaN
run4,0,221,137.9094,NaN
run4,0,222,147.729,NaN
run4,0,223,156.9222,NaN
run4,0,224,132.0539,NaN
run4,0,225,132.8785,NaN
run4,0,226,137.5591,NaN
run4,0,227,131.645,NaN
run4,0,228,143.3387,NaN
run4,0,229,149.8616,NaN
run4,0,230,155.4237,NaN
run4,0,231,140.5654,NaN
run4,0,232,155.5889,NaN
run4,0,233,138.6988,NaN
run4,0,234,142.0301,NaN
run4,0,235,144.0596,NaN
run4,0,236,146.1903,NaN
run4,0,237,144.9048,NaN
run4,0,238,153.507,NaN
run4,0,239,155.9158,NaN
run4,0,240,136.1972,NaN
run4,0,241,133.8323,NaN
run4,0,242,141.1072,NaN
run4,0,243,134.1142,NaN
run4,0,244,144.3532,NaN
run4,0,245,135.6629,NaN
run4,0,246,139.418,NaN
run4,0,247,150.9591,NaN
run4,0,248,152.757,NaN
run4,0,249,149.295,NaN
run4,0,250,127.4495,NaN
run4,0,251,148.0102,NaN
run4,0,252,149.58,NaN
run4,0,253,141.5261,NaN
run4,0,254,126.0591,NaN
run4,0,255,140.1939,NaN
run4,0,256,129.2176,NaN
run4,0,257,141.5071,NaN
run4,0,258,148.858,NaN
run4,0,259,145.626,NaN
run4,0,260,153.368,NaN
run4,0,261,146.2773,NaN
run4,0,262,137.561,NaN
run4,0,263,151.7541,NaN
run4,0,264,144.846,NaN
run4,0,265,151.2803,NaN
run4,0,266,132.6916,NaN
run4,0,267,134.4159,NaN
run4,0,268,141.732,NaN
run4,0,269,156.7622,NaN
run4,0,270,151.5676,NaN
run4,0,271,143.673,NaN
run4,0,272,136.8785,NaN
run4,0,273,138.221,NaN
run4,0,274,140.7521,NaN
run4,0,275,126.3433,NaN
run4,0,276,140.4706,NaN
run4,0,277,151.7075,NaN
run4,0,278,143.206,NaN
run4,0,279,150.5716,NaN
run4,0,280,149.873,NaN
run4,0,281,137.6213,NaN
run4,0,282,147.3679,NaN
run4,0,283,158.6245,NaN
run4,0,284,148.2305,NaN
run4,0,285,144.7659,NaN
run4,0,286,132.8671,NaN
run4,0,287,131.0785,NaN
run4,0,288,144.5098,NaN
run4,0,289,149.5878,NaN
run4,0,290,148.456,NaN
run4,0,291,145.5064,NaN
run4,0,292,145.7865,NaN
run4,0,293,129.6495,NaN
run4,0,294,152.0015,NaN
run4,0,295,142.5883,NaN
run4,0,296,144.0844,NaN
run4,0,297,133.9332,NaN
run4,0,298,145.984,NaN
run4,0,299,142.0798,NaN
run4,0,300,143.5254,NaN
run5,0,1,132.2945,NaN
run5,0,2,141.9153,NaN
run5,0,3,144.895,NaN
run5,0,4,142.4825,NaN
run5,0,5,132.4163,NaN
run5,0,6,122.6314,NaN
run5,0,7,127.2714,NaN
run5,0,8,136.5506,NaN
run5,0,9,129.6353,NaN
run5,0,10,132.9559,NaN
run5,0,11,121.5251,NaN
run5,0,12,133.6721,NaN
run5,0,13,114.0417,NaN
run5,0,14,133.1384,NaN
run5,0,15,128.6753,NaN
run5,0,16,135.4762,NaN
run5,0,17,137.142,NaN
run5,0,18,145.8197,NaN
run5,0,19,142.6643,NaN
run5,0,20,146.8513,NaN
run5,0,21,134.0349,NaN
run5,0,22,131.7679,NaN
run5,0,23,133.1588,NaN
run5,0,24,126.1246,NaN
run5,0,25,129.0454,NaN
run5,0,26,146.2098,NaN
run5,0,27,144.0112,NaN
run5,0,28,136.829,NaN
run5,0,29,149.2742,NaN
run5,0,30,145.814,NaN
run5,0,31,136.8953,NaN
run5,0,32,129.0973,NaN
run5,0,33,142.832,NaN
run5,0,34,134.8467,NaN
run5,0,35,142.6575,NaN
run5,0,36,139.4568,NaN
run5,0,37,138.5537,NaN
run5,0,38,150.6524,NaN
run5,0,39,144.4292,NaN
run5,0,40,132.0649,NaN
run5,0,41,138.9395,NaN
run5,0,42,132.746,NaN
run5,0,43,139.7306,NaN
run5,0,44,129.2326,NaN
run5,0,45,144.2635,NaN
run5,0,46,136.6768,NaN
run5,0,47,132.8839,NaN
run5,0,48,116.6107,NaN
run5,0,49,136.354,NaN
run5,0,50,132.0009,NaN
run5,0,51,124.3397,NaN
run5,0,52,145.3942,NaN
run5,0,53,128.6005,NaN
run5,0,54,136.6123,NaN
run5,0,55,135.4179,NaN
run5,0,56,132.7311,NaN
run5,0,57,133.8028,NaN
run5,0,58,144.441,NaN
run5,0,59,128.4576,NaN
run5,0,60,137.0989,NaN
run5,0,61,136.9449,NaN
run5,0,62,133.88,NaN
run5,0,63,129.9856,NaN
run5,0,64,135.3763,NaN
run5,0,65,137.2704,NaN
run5,0,66,133.7347,NaN
run5,0,67,141.7057,NaN
run5,0,68,146.5713,NaN
run5,0,69,140.9818,NaN
run5,0,70,131.8791,NaN
run5,0,71,143.6072,NaN
run5,0,72,133.9638,NaN
run5,0,73,144.8842,NaN
run5,0,74,126.507,NaN
run5,0,75,132.8616,NaN
run5,0,76,149.368,NaN
run5,0,77,139.8994,NaN
run5,0,78,130.6486,NaN
run5,0,79,136.8601,NaN
run5,0,80,137.69,NaN
run5,0,81,149.7939,NaN
run5,0,82,133.0001,NaN
run5,0,83,132.7434,NaN
run5,0,84,148.457,NaN
run5,0,85,137.8167,NaN
run5,0,86,139.1216,NaN
run5,0,87,135.8933,NaN
run5,0,88,134.7682,NaN
run5,0,89,129.6639,NaN
run5,0,90,152.8138,NaN
run5,0,91,127.0386,NaN
run5,0,92,136.3302,NaN
run5,0,93,140.346,NaN
run5,0,94,136.4139,NaN
run5,0,95,141.7114,NaN
run5,0,96,143.1096,NaN
run5,0,97,141.2451,NaN
run5,0,98,131.4213,NaN
run5,0,99,138.5934,NaN
run5,0,100,132.6627,NaN
run5,0,101,141.3149,NaN
run5,0,102,142.5986,NaN
run5,0,103,128.7382,NaN
run5,0,104,153.1037,NaN
run5,0,105,142.624,NaN
run5,0,106,141.8954,NaN
run5,0,107,140.2589,NaN
run5,0,108,128.3168,NaN
run5,0,109,126.7125,NaN
run5,0,110,140.1339,NaN
run5,0,111,130.7069,NaN
run5,0,112,137.1721,NaN
run5,0,113,140.2755,NaN
run5,0,114,143.2945,NaN
run5,0,115,138.3402,NaN
run5,0,116,128.6408,NaN
run5,0,117,127.2038,NaN
run5,0,118,153.0873,NaN
run5,0,119,138.8916,NaN
run5,0,120,133.5665,NaN
run5,0,121,127.0239,NaN
run5,0,122,140.5905,NaN
run5,0,123,151.3888,NaN
run5,0,124,143.325,NaN
run5,0,125,131.6881,NaN
run5,0,126,129.9602,NaN
run5,0,127,132.9748,NaN
run5,0,128,137.6726,NaN
run5,0,129,146.6704,NaN
run5,0,130,144.9543,NaN
run5,0,131,125.1839,NaN
run5,0,132,132.8284,NaN
run5,0,133,144.686,NaN
run5,0,134,144.096,NaN
run5,0,135,131.6144,NaN
run5,0,136,127.3189,NaN
run5,0,137,154.8139,NaN
run5,0,138,140.505,NaN
run5,0,139,140.5109,NaN
run5,0,140,138.1576,NaN
run5,0,141,139.3042,NaN
run5,0,142,134.806,NaN
run5,0,143,143.4129,NaN
run5,0,144,132.685,NaN
run5,0,145,130.5548,NaN
run5,0,146,139.3708,NaN
run5,0,147,137.2736,NaN
run5,0,148,140.0891,NaN
run5,0,149,133.4403,NaN
run5,0,150,148.2556,NaN
run5,0,151,137.6381,NaN
run5,0,152,132.9803,NaN
run5,0,153,132.4221,NaN
run5,0,154,128.242,NaN
run5,0,155,126.4923,NaN
run5,0,156,145.5379,NaN
run5,0,157,142.8087,NaN
run5,0,158,133.0863,NaN
run5,0,159,144.5323,NaN
run5,0,160,131.4833,NaN
run5,0,161,138.1854,NaN
run5,0,162,139.8217,NaN
run5,0,163,134.5475,NaN
run5,0,164,139.2975,NaN
run5,0,165,141.5789,NaN
run5,0,166,141.24,NaN
run5,0,167,134.7961,NaN
run5,0,168,142.192,NaN
run5,0,169,134.5977,NaN
run5,0,170,137.1402,NaN
run5,0,171,139.48,NaN
run5,0,172,144.461,NaN
run5,0,173,139.7093,NaN
run5,0,174,144.8401,NaN
run5,0,175,128.7886,NaN
run5,0,176,140.6621,NaN
run5,0,177,130.1344,NaN
run5,0,178,130.6338,NaN
run5,0,179,143.7723,NaN
run5,0,180,143.9927,NaN
run5,0,181,146.2286,NaN
run5,0,182,134.2708,NaN
run5,0,183,140.0117,NaN
run5,0,184,138.1222,NaN
run5,0,185,144.8473,NaN
run5,0,186,142.5729,NaN
run5,0,187,150.2544,NaN
run5,0,188,142.9589,NaN
run5,0,189,147.2865,NaN
run5,0,190,147.8622,NaN
run5,0,191,127.4378,NaN
run5,0,192,141.909,NaN
run5,0,193,138.2456,NaN
run5,0,194,135.5164,NaN
run5,0,195,141.9872,NaN
run5,0,196,124.6363,NaN
run5,0,197,135.1977,NaN
run5,0,198,134.34,NaN
run5,0,199,148.0544,NaN
run5,0,200,138.6443,NaN
run5,0,201,150.8049,NaN
run5,0,202,139.2438,NaN
run5,0,203,142.4789,NaN
run5,0,204,134.2274,NaN
run5,0,205,136.911,NaN
run5,0,206,157.233,NaN
run5,0,207,131.6253,NaN
run5,0,208,141.9982,NaN
run5,0,209,140.4497,NaN
run5,0,210,147.5619,NaN
run5,0,211,146.5636,NaN
run5,0,212,141.6209,NaN
run5,0,213,143.0716,NaN
run5,0,214,142.4766,NaN
run5,0,215,154.8346,NaN
run5,0,216,135.9217,NaN
run5,0,217,141.4462,NaN
run5,0,218,135.8698,NaN
run5,0,219,151.9481,NaN
run5,0,220,132.4492,NaN
run5,0,221,136.8179,NaN
run5,0,222,143.7659,NaN
run5,0,223,141.6732,NaN
run5,0,224,136.167,NaN
run5,0,225,138.209,NaN
run5,0,226,141.5822,NaN
run5,0,227,134.8975,NaN
run5,0,228,146.4431,NaN
run5,0,229,143.1971,NaN
run5,0,230,140.6598,NaN
run5,0,231,142.7562,NaN
run5,0,232,142.8832,NaN
run5,0,233,127.6661,NaN
run5,0,234,136.4666,NaN
run5,0,235,144.2032,NaN
run5,0,236,144.5273,NaN
run5,0,237,138.2451,NaN
run5,0,238,136.4164,NaN
run5,0,239,148.2837,NaN
run5,0,240,134.2996,NaN
run5,0,241,146.7956,NaN
run5,0,242,145.316,NaN
run5,0,243,145.6505,NaN
run5,0,244,138.3171,NaN
run5,0,245,144.0037,NaN
run5,0,246,143.072,NaN
run5,0,247,141.792,NaN
run5,0,248,142.261,NaN
run5,0,249,140.5025,NaN
run5,0,250,126.383,NaN
run5,0,251,146.7126,NaN
run5,0,252,140.6209,NaN
run5,0,253,127.7777,NaN
run5,0,254,142.338,NaN
run5,0,255,145.2277,NaN
run5,0,256,135.9459,NaN
run5,0,257,143.1341,NaN
run5,0,258,142.8014,NaN
run5,0,259,133.8529,NaN
run5,0,260,138.2776,NaN
run5,0,261,130.0499,NaN
run5,0,262,144.2266,NaN
run5,0,263,143.4421,NaN
run5,0,264,122.1556,NaN
run5,0,265,141.4741,NaN
run5,0,266,147.4735,NaN
run5,0,267,134.6715,NaN
run5,0,268,118.2616,NaN
run5,0,269,139.0102,NaN
run5,0,270,148.6347,NaN
run5,0,271,129.3744,NaN
run5,0,272,136.8743,NaN
run5,0,273,152.9438,NaN
run5,0,274,131.9114,NaN
run5,0,275,148.5583,NaN
run5,0,276,140.4983,NaN
run5,0,277,148.3954,NaN
run5,0,278,143.9265,NaN
run5,0,279,140.2269,NaN
run5,0,280,139.2025,NaN
run5,0,281,147.8293,NaN
run5,0,282,140.6123,NaN
run5,0,283,132.3795,NaN
run5,0,284,141.2596,NaN
run5,0,285,125.1064,NaN
run5,0,286,135.4821,NaN
run5,0,287,147.8963,NaN
run5,0,288,143.837,NaN
run5,0,289,137.0625,NaN
run5,0,290,143.6845,NaN
run5,0,291,145.1444,NaN
run5,0,292,154.8224,NaN
run5,0,293,135.6057,NaN
run5,0,294,141.8875,NaN
run5,0,295,141.4428,NaN
run5,0,296,138.6918,NaN
run5,0,297,135.4737,NaN
run5,0,298,142.7873,NaN
run5,0,299,145.9623,NaN
run5,0,300,132.8444,NaN
run1,1,1,145.9803,NaN
run1,1,2,148.3726,NaN
run1,1,3,134.2957,NaN
run1,1,4,144.8564,NaN
run1,1,5,117.4335,NaN
run1,1,6,103.9452,NaN
run1,1,7,130.4817,NaN
run1,1,8,129.3087,NaN
run1,1,9,132.4659,NaN
run1,1,10,131.6941,NaN
run1,1,11,123.5588,NaN
run1,1,12,131.4283,NaN
run1,1,13,106.0319,NaN
run1,1,14,137.5107,NaN
run1,1,15,130.0316,NaN
run1,1,16,136.48,NaN
run1,1,17,124.8727,NaN
run1,1,18,153.7853,NaN
run1,1,19,132.0801,NaN
run1,1,20,139.1514,NaN
run1,1,21,122.6885,NaN
run1,1,22,128.5898,NaN
run1,1,23,140.2732,NaN
run1,1,24,137.8378,NaN
run1,1,25,126.3692,NaN
run1,1,26,151.8031,NaN
run1,1,27,140.6879,NaN
run1,1,28,142.9772,NaN
run1,1,29,139.4433,NaN
run1,1,30,136.9625,NaN
run1,1,31,147.6756,NaN
run1,1,32,129.0938,NaN
run1,1,33,144.6437,NaN
run1,1,34,132.9833,NaN
run1,1,35,137.3114,NaN
run1,1,36,142.4462,NaN
run1,1,37,120.2345,NaN
run1,1,38,139.9073,NaN
run1,1,39,148.1028,NaN
run1,1,40,137.2335,NaN
run1,1,41,145.3283,NaN
run1,1,42,157.3875,NaN
run1,1,43,144.9545,NaN
run1,1,44,156.3631,NaN
run1,1,45,146.5317,NaN
run1,1,46,131.1893,NaN
run1,1,47,140.9058,NaN
run1,1,48,139.2652,NaN
run1,1,49,138.292,NaN
run1,1,50,132.3314,NaN
run1,1,51,142.9743,NaN
run1,1,52,145.0236,NaN
run1,1,53,147.1663,NaN
run1,1,54,132.6405,NaN
run1,1,55,134.1856,NaN
run1,1,56,136.2978,NaN
run1,1,57,140.7156,NaN
run1,1,58,144.5871,NaN
run1,1,59,132.5474,NaN
run1,1,60,140.4654,NaN
run1,1,61,134.2073,NaN
run1,1,62,143.9105,NaN
run1,1,63,123.2534,NaN
run1,1,64,149.5801,NaN
run1,1,65,135.2527,NaN
run1,1,66,132.9407,NaN
run1,1,67,146.2636,NaN
run1,1,68,135.7986,NaN
run1,1,69,135.2993,NaN
run1,1,70,134.6649,NaN
run1,1,71,115.3439,NaN
run1,1,72,124.0417,NaN
run1,1,73,136.6847,NaN
run1,1,74,136.8617,NaN
run1,1,75,146.3431,NaN
run1,1,76,144.1217,NaN
run1,1,77,131.501,NaN
run1,1,78,138.1319,NaN
run1,1,79,141.5843,NaN
run1,1,80,137.0467,NaN
run1,1,81,124.6839,NaN
run1,1,82,140.6617,NaN
run1,1,83,137.1381,NaN
run1,1,84,127.3854,NaN
run1,1,85,131.7999,NaN
run1,1,86,150.7292,NaN
run1,1,87,135.6896,NaN
run1,1,88,128.7233,NaN
run1,1,89,135.7425,NaN
run1,1,90,138.6048,NaN
run1,1,91,135.5124,NaN
run1,1,92,140.8153,NaN
run1,1,93,149.8138,NaN
run1,1,94,151.0987,NaN
run1,1,95,135.3403,NaN
run1,1,96,134.8756,NaN
run1,1,97,153.9481,NaN
run1,1,98,138.7781,NaN
run1,1,99,123.6847,NaN
run1,1,100,144.0495,NaN
run1,1,101,139.6858,NaN
run1,1,102,134.3291,NaN
run1,1,103,130.7371,NaN
run1,1,104,122.6645,NaN
run1,1,105,144.896,NaN
run1,1,106,147.2035,NaN
run1,1,107,153.4566,NaN
run1,1,108,145.8784,NaN
run1,1,109,138.6048,NaN
run1,1,110,143.8392,NaN
run1,1,111,131.3545,NaN
run1,1,112,131.6584,NaN
run1,1,113,134.4131,NaN
run1,1,114,147.0956,NaN
run1,1,115,150.0633,NaN
run1,1,116,140.1407,NaN
run1,1,117,135.9353,NaN
run1,1,118,145.0864,NaN
run1,1,119,141.8222,NaN
run1,1,120,143.3156,NaN
run1,1,121,144.4087,NaN
run1,1,122,132.9849,NaN
run1,1,123,136.2687,NaN
run1,1,124,142.4754,NaN
run1,1,125,143.0589,NaN
run1,1,126,141.881,NaN
run1,1,127,155.1942,NaN
run1,1,128,125.8305,NaN
run1,1,129,148.0626,NaN
run1,1,130,140.2548,NaN
run1,1,131,140.798,NaN
run1,1,132,135.8571,NaN
run1,1,133,131.3742,NaN
run1,1,134,138.2338,NaN
run1,1,135,152.111,NaN
run1,1,136,123.6598,NaN
run1,1,137,130.7286,NaN
run1,1,138,141.2334,NaN
run1,1,139,144.8432,NaN
run1,1,140,140.2338,NaN
run1,1,141,145.0052,NaN
run1,1,142,137.5537,NaN
run1,1,143,141.4729,NaN
run1,1,144,145.2968,NaN
run1,1,145,140.1373,NaN
run1,1,146,134.1387,NaN
run1,1,147,149.8522,NaN
run1,1,148,135.2287,NaN
run1,1,149,155.5451,NaN
run1,1,150,134.8896,NaN
run1,1,151,139.8997,NaN
run1,1,152,123.4049,NaN
run1,1,153,141.2404,NaN
run1,1,154,159.6092,NaN
run1,1,155,144.4672,NaN
run1,1,156,151.9921,NaN
run1,1,157,131.3116,NaN
run1,1,158,139.9818,NaN
run1,1,159,144.9292,NaN
run1,1,160,149.8664,NaN
run1,1,161,151.4337,NaN
run1,1,162,143.4385,NaN
run1,1,163,150.4466,NaN
run1,1,164,137.7054,NaN
run1,1,165,144.3588,NaN
run1,1,166,141.3496,NaN
run1,1,167,144.6014,NaN
run1,1,168,137.934,NaN
run1,1,169,148.1996,NaN
run1,1,170,141.8687,NaN
run1,1,171,149.6542,NaN
run1,1,172,116.5819,NaN
run1,1,173,144.5116,NaN
run1,1,174,135.9708,NaN
run1,1,175,150.0732,NaN
run1,1,176,130.747,NaN
run1,1,177,147.3513,NaN
run1,1,178,146.4778,NaN
run1,1,179,115.503,NaN
run1,1,180,136.5209,NaN
run1,1,181,132.4574,NaN
run1,1,182,124.7815,NaN
run1,1,183,126.5942,NaN
run1,1,184,149.5133,NaN
run1,1,185,141.5164,NaN
run1,1,186,137.6447,NaN
run1,1,187,134.5744,NaN
run1,1,188,151.8802,NaN
run1,1,189,131.0366,NaN
run1,1,190,152.2073,NaN
run1,1,191,138.5518,NaN
run1,1,192,134.303,NaN
run1,1,193,149.1792,NaN
run1,1,194,122.0225,NaN
run1,1,195,129.8296,NaN
run1,1,196,147.6759,NaN
run1,1,197,143.5554,NaN
run1,1,198,131.9542,NaN
run1,1,199,146.1374,NaN
run1,1,200,131.007,NaN
run1,1,201,144.0508,NaN
run1,1,202,137.9214,NaN
run1,1,203,146.9285,NaN
run1,1,204,138.5749,NaN
run1,1,205,134.9488,NaN
run1,1,206,135.9914,NaN
run1,1,207,149.5841,NaN
run1,1,208,137.7203,NaN
run1,1,209,137.5643,NaN
run1,1,210,136.7774,NaN
run1,1,211,135.3436,NaN
run1,1,212,148.8369,NaN
run1,1,213,144.0396,NaN
run1,1,214,133.1209,NaN
run1,1,215,142.1596,NaN
run1,1,216,133.397,NaN
run1,1,217,133.1667,NaN
run1,1,218,123.0458,NaN
run1,1,219,139.7692,NaN
run1,1,220,140.0347,NaN
run1,1,221,134.0177,NaN
run1,1,222,150.3045,NaN
run1,1,223,146.3275,NaN
run1,1,224,143.0092,NaN
run1,1,225,137.9184,NaN
run1,1,226,135.9959,NaN
run1,1,227,129.5863,NaN
run1,1,228,151.3509,NaN
run1,1,229,139.5512,NaN
run1,1,230,144.0793,NaN
run1,1,231,144.7148,NaN
run1,1,232,132.9749,NaN
run1,1,233,130.0304,NaN
run1,1,234,152.5371,NaN
run1,1,235,147.5924,NaN
run1,1,236,138.7267,NaN
run1,1,237,124.5282,NaN
run1,1,238,134.2156,NaN
run1,1,239,151.4278,NaN
run1,1,240,141.8238,NaN
run1,1,241,130.1816,NaN
run1,1,242,140.2193,NaN
run1,1,243,115.5669,NaN
run1,1,244,151.8045,NaN
run1,1,245,109.4847,NaN
run1,1,246,136.8199,NaN
run1,1,247,131.4836,NaN
run1,1,248,151.217,NaN
run1,1,249,135.6583,NaN
run1,1,250,140.7703,NaN
run1,1,251,131.7221,NaN
run1,1,252,136.6098,NaN
run1,1,253,144.1577,NaN
run1,1,254,151.7892,NaN
run1,1,255,137.4251,NaN
run1,1,256,130.5483,NaN
run1,1,257,150.0815,NaN
run1,1,258,145.0567,NaN
run1,1,259,136.4662,NaN
run1,1,260,135.0722,NaN
run1,1,261,120.2652,NaN
run1,1,262,140.7048,NaN
run1,1,263,137.8402,NaN
run1,1,264,139.1387,NaN
run1,1,265,137.1143,NaN
run1,1,266,132.5419,NaN
run1,1,267,141.4983,NaN
run1,1,268,122.7679,NaN
run1,1,269,125.4912,NaN
run1,1,270,149.3082,NaN
run1,1,271,146.4275,NaN
run1,1,272,132.6939,NaN
run1,1,273,131.8204,NaN
run1,1,274,148.4176,NaN
run1,1,275,141.5567,NaN
run1,1,276,126.3763,NaN
run1,1,277,130.886,NaN
run1,1,278,143.5452,NaN
run1,1,279,133.7389,NaN
run1,1,280,126.8226,NaN
run1,1,281,126.6665,NaN
run1,1,282,130.9455,NaN
run1,1,283,130.1208,NaN
run1,1,284,132.3142,NaN
run1,1,285,124.5624,NaN
run1,1,286,141.3202,NaN
run1,1,287,142.5816,NaN
run1,1,288,129.4957,NaN
run1,1,289,122.2757,NaN
run1,1,290,132.0888,NaN
run1,1,291,135.5813,NaN
run1,1,292,134.956,NaN
run1,1,293,155.3125,NaN
run1,1,294,153.0836,NaN
run1,1,295,129.2952,NaN
run1,1,296,143.7979,NaN
run1,1,297,116.6991,NaN
run1,1,298,134.5459,NaN
run1,1,299,137.8909,NaN
run1,1,300,129.5924,NaN
run2,1,1,145.6635,NaN
run2,1,2,128.1402,NaN
run2,1,3,124.5686,NaN
run2,1,4,112.8738,NaN
run2,1,5,119.5067,NaN
run2,1,6,113.8613,NaN
run2,1,7,134.8316,NaN
run2,1,8,142.3051,NaN
run2,1,9,107.5531,NaN
run2,1,10,122.2725,NaN
run2,1,11,120.1381,NaN
run2,1,12,125.3515,NaN
run2,1,13,141.419,NaN
run2,1,14,120.0082,NaN
run2,1,15,117.9632,NaN
run2,1,16,127.4626,NaN
run2,1,17,127.9778,NaN
run2,1,18,113.0456,NaN
run2,1,19,105.3299,NaN
run2,1,20,109.4233,NaN
run2,1,21,138.3018,NaN
run2,1,22,127.1229,NaN
run2,1,23,128.7947,NaN
run2,1,24,134.2546,NaN
run2,1,25,107.2465,NaN
run2,1,26,113.2052,NaN
run2,1,27,140.7471,NaN
run2,1,28,132.6538,NaN
run2,1,29,124.7962,NaN
run2,1,30,117.2434,NaN
run2,1,31,130.9049,NaN
run2,1,32,123.4287,NaN
run2,1,33,126.3418,NaN
run2,1,34,134.1805,NaN
run2,1,35,135.9121,NaN
run2,1,36,128.6075,NaN
run2,1,37,114.2154,NaN
run2,1,38,119.2923,NaN
run2,1,39,125.9597,NaN
run2,1,40,126.193,NaN
run2,1,41,115.6318,NaN
run2,1,42,113.8655,NaN
run2,1,43,130.8497,NaN
run2,1,44,130.7412,NaN
run2,1,45,125.7248,NaN
run2,1,46,120.3485,NaN
run2,1,47,118.3564,NaN
run2,1,48,127.3432,NaN
run2,1,49,133.0356,NaN
run2,1,50,112.8081,NaN
run2,1,51,110.8857,NaN
run2,1,52,99.7193,NaN
run2,1,53,118.5315,NaN
run2,1,54,109.0914,NaN
run2,1,55,123.697,NaN
run2,1,56,108.9632,NaN
run2,1,57,116.4217,NaN
run2,1,58,131.8689,NaN
run2,1,59,105.4967,NaN
run2,1,60,117.7178,NaN
run2,1,61,113.3872,NaN
run2,1,62,119.1801,NaN
run2,1,63,122.7092,NaN
run2,1,64,104.1997,NaN
run2,1,65,116.6038,NaN
run2,1,66,115.6103,NaN
run2,1,67,116.3945,NaN
run2,1,68,105.2404,NaN
run2,1,69,123.842,NaN
run2,1,70,122.3563,NaN
run2,1,71,125.9126,NaN
run2,1,72,119.49,NaN
run2,1,73,126.5785,NaN
run2,1,74,109.6166,NaN
run2,1,75,101.4317,NaN
run2,1,76,107.0451,NaN
run2,1,77,106.6452,NaN
run2,1,78,108.4127,NaN
run2,1,79,119.3951,NaN
run2,1,80,117.2211,NaN
run2,1,81,116.8594,NaN
run2,1,82,112.1479,NaN
run2,1,83,109.1911,NaN
run2,1,84,114.7623,NaN
run2,1,85,120.2126,NaN
run2,1,86,112.7999,NaN
run2,1,87,115.209,NaN
run2,1,88,126.8251,NaN
run2,1,89,125.3689,NaN
run2,1,90,131.3419,NaN
run2,1,91,129.7331,NaN
run2,1,92,114.9453,NaN
run2,1,93,122.8318,NaN
run2,1,94,122.3629,NaN
run2,1,95,118.2273,NaN
run2,1,96,137.4763,NaN
run2,1,97,96.0017,NaN
run2,1,98,119.109,NaN
run2,1,99,120.5329,NaN
run2,1,100,116.403,NaN
run2,1,101,128.9787,NaN
run2,1,102,122.7988,NaN
run2,1,103,138.9327,NaN
run2,1,104,141.1884,NaN
run2,1,105,108.808,NaN
run2,1,106,125.5391,NaN
run2,1,107,118.8292,NaN
run2,1,108,103.7805,NaN
run2,1,109,108.2352,NaN
run2,1,110,135.6185,NaN
run2,1,111,121.4229,NaN
run2,1,112,126.6871,NaN
run2,1,113,125.2612,NaN
run2,1,114,109.4624,NaN
run2,1,115,114.8532,NaN
run2,1,116,104.4183,NaN
run2,1,117,130.0425,NaN
run2,1,118,134.1216,NaN
run2,1,119,106.5929,NaN
run2,1,120,122.6294,NaN
run2,1,121,128.1639,NaN
run2,1,122,130.1681,NaN
run2,1,123,116.0418,NaN
run2,1,124,106.082,NaN
run2,1,125,112.9784,NaN
run2,1,126,97.1425,NaN
run2,1,127,118.0389,NaN
run2,1,128,116.3542,NaN
run2,1,129,133.5365,NaN
run2,1,130,126.3422,NaN
run2,1,131,118.2034,NaN
run2,1,132,103.7824,NaN
run2,1,133,118.1438,NaN
run2,1,134,110.3249,NaN
run2,1,135,137.6079,NaN
run2,1,136,110.2386,NaN
run2,1,137,120.9967,NaN
run2,1,138,110.8829,NaN
run2,1,139,111.0824,NaN
run2,1,140,121.0221,NaN
run2,1,141,125.4638,NaN
run2,1,142,115.444,NaN
run2,1,143,113.041,NaN
run2,1,144,117.0888,NaN
run2,1,145,121.1016,NaN
run2,1,146,136.1153,NaN
run2,1,147,121.7332,NaN
run2,1,148,110.9019,NaN
run2,1,149,95.5864,NaN
run2,1,150,110.3828,NaN
run2,1,151,114.8269,NaN
run2,1,152,128.8047,NaN
run2,1,153,123.3676,NaN
run2,1,154,129.1602,NaN
run2,1,155,122.1228,NaN
run2,1,156,108.9703,NaN
run2,1,157,95.0125,NaN
run2,1,158,113.0841,NaN
run2,1,159,94.7994,NaN
run2,1,160,109.3899,NaN
run2,1,161,116.5304,NaN
run2,1,162,105.1593,NaN
run2,1,163,115.9627,NaN
run2,1,164,130.1037,NaN
run2,1,165,108.7527,NaN
run2,1,166,132.1761,NaN
run2,1,167,115.3269,NaN
run2,1,168,122.5902,NaN
run2,1,169,113.1339,NaN
run2,1,170,128.9087,NaN
run2,1,171,122.109,NaN
run2,1,172,106.1045,NaN
run2,1,173,118.8691,NaN
run2,1,174,111.8573,NaN
run2,1,175,117.3096,NaN
run2,1,176,122.3899,NaN
run2,1,177,134.7033,NaN
run2,1,178,120.3012,NaN
run2,1,179,118.2995,NaN
run2,1,180,123.5029,NaN
run2,1,181,130.5663,NaN
run2,1,182,108.7242,NaN
run2,1,183,136.5376,NaN
run2,1,184,112.0597,NaN
run2,1,185,129.4295,NaN
run2,1,186,125.9662,NaN
run2,1,187,112.4321,NaN
run2,1,188,129.8403,NaN
run2,1,189,127.0299,NaN
run2,1,190,129.2914,NaN
run2,1,191,132.8916,NaN
run2,1,192,123.3663,NaN
run2,1,193,131.7677,NaN
run2,1,194,113.6963,NaN
run2,1,195,141.2223,NaN
run2,1,196,125.0163,NaN
run2,1,197,124.4206,NaN
run2,1,198,118.5817,NaN
run2,1,199,125.7332,NaN
run2,1,200,114.0217,NaN
run2,1,201,138.864,NaN
run2,1,202,110.7461,NaN
run2,1,203,115.665,NaN
run2,1,204,137.5482,NaN
run2,1,205,101.9231,NaN
run2,1,206,113.284,NaN
run2,1,207,125.9964,NaN
run2,1,208,93.5497,NaN
run2,1,209,125.9212,NaN
run2,1,210,101.1069,NaN
run2,1,211,125.7612,NaN
run2,1,212,105.7496,NaN
run2,1,213,114.6764,NaN
run2,1,214,109.5256,NaN
run2,1,215,135.3171,NaN
run2,1,216,115.4783,NaN
run2,1,217,130.9498,NaN
run2,1,218,116.0126,NaN
run2,1,219,120.8059,NaN
run2,1,220,115.675,NaN
run2,1,221,128.6964,NaN
run2,1,222,118.7958,NaN
run2,1,223,135.2366,NaN
run2,1,224,127.3516,NaN
run2,1,225,118.1313,NaN
run2,1,226,140.8995,NaN
run2,1,227,126.4559,NaN
run2,1,228,143.9997,NaN
run2,1,229,137.9904,NaN
run2,1,230,138.0953,NaN
run2,1,231,140.4899,NaN
run2,1,232,138.5771,NaN
run2,1,233,123.4469,NaN
run2,1,234,126.8077,NaN
run2,1,235,117.8479,NaN
run2,1,236,125.953,NaN
run2,1,237,114.3267,NaN
run2,1,238,133.6582,NaN
run2,1,239,132.5302,NaN
run2,1,240,124.2495,NaN
run2,1,241,130.704,NaN
run2,1,242,125.9628,NaN
run2,1,243,125.7887,NaN
run2,1,244,128.8891,NaN
run2,1,245,128.5142,NaN
run2,1,246,114.364,NaN
run2,1,247,122.2744,NaN
run2,1,248,105.3993,NaN
run2,1,249,124.7749,NaN
run2,1,250,120.5743,NaN
run2,1,251,124.6105,NaN
run2,1,252,139.314,NaN
run2,1,253,136.1266,NaN
run2,1,254,125.5258,NaN
run2,1,255,112.94,NaN
run2,1,256,138.2563,NaN
run2,1,257,110.5453,NaN
run2,1,258,104.5548,NaN
run2,1,259,123.1679,NaN
run2,1,260,129.1774,NaN
run2,1,261,124.4355,NaN
run2,1,262,140.3961,NaN
run2,1,263,135.5783,NaN
run2,1,264,97.4219,NaN
run2,1,265,117.8712,NaN
run2,1,266,116.194,NaN
run2,1,267,110.6209,NaN
run2,1,268,134.1455,NaN
run2,1,269,118.7602,NaN
run2,1,270,114.8136,NaN
run2,1,271,136.2596,NaN
run2,1,272,136.8782,NaN
run2,1,273,136.5224,NaN
run2,1,274,123.4664,NaN
run2,1,275,116.5265,NaN
run2,1,276,98.8655,NaN
run2,1,277,113.0562,NaN
run2,1,278,114.686,NaN
run2,1,279,112.3674,NaN
run2,1,280,115.3348,NaN
run2,1,281,99.5301,NaN
run2,1,282,130.127,NaN
run2,1,283,119.2396,NaN
run2,1,284,127.9549,NaN
run2,1,285,130.0525,NaN
run2,1,286,129.8234,NaN
run2,1,287,130.5762,NaN
run2,1,288,116.559,NaN
run2,1,289,140.097,NaN
run2,1,290,117.423,NaN
run2,1,291,146.132,NaN
run2,1,292,129.7635,NaN
run2,1,293,125.6243,NaN
run2,1,294,132.4646,NaN
run2,1,295,131.4654,NaN
run2,1,296,122.7701,NaN
run2,1,297,123.6658,NaN
run2,1,298,143.6612,NaN
run2,1,299,128.3051,NaN
run2,1,300,128.5861,NaN
run3,1,1,131.4873,NaN
run3,1,2,114.7633,NaN
run3,1,3,122.0202,NaN
run3,1,4,136.7706,NaN
run3,1,5,123.7931,NaN
run3,1,6,140.2996,NaN
run3,1,7,138.6719,NaN
run3,1,8,133.6767,NaN
run3,1,9,126.2413,NaN
run3,1,10,128.2398,NaN
run3,1,11,134.4181,NaN
run3,1,12,127.8553,NaN
run3,1,13,128.2975,NaN
run3,1,14,121.1196,NaN
run3,1,15,125.575,NaN
run3,1,16,114.5215,NaN
run3,1,17,132.8813,NaN
run3,1,18,123.7003,NaN
run3,1,19,130.2025,NaN
run3,1,20,132.009,NaN
run3,1,21,139.7103,NaN
run3,1,22,117.5416,NaN
run3,1,23,119.4894,NaN
run3,1,24,142.4675,NaN
run3,1,25,122.3713,NaN
run3,1,26,125.3512,NaN
run3,1,27,118.0271,NaN
run3,1,28,135.2292,NaN
run3,1,29,114.2266,NaN
run3,1,30,132.432,NaN
run3,1,31,137.661,NaN
run3,1,32,130.6913,NaN
run3,1,33,140.2758,NaN
run3,1,34,123.2544,NaN
run3,1,35,116.3917,NaN
run3,1,36,121.0089,NaN
run3,1,37,136.3105,NaN
run3,1,38,134.465,NaN
run3,1,39,105.726,NaN
run3,1,40,135.218,NaN
run3,1,41,118.9105,NaN
run3,1,42,121.0238,NaN
run3,1,43,128.0663,NaN
run3,1,44,134.1973,NaN
run3,1,45,130.0051,NaN
run3,1,46,132.73,NaN
run3,1,47,128.8337,NaN
run3,1,48,128.9611,NaN
run3,1,49,117.1553,NaN
run3,1,50,136.1234,NaN
run3,1,51,128.1418,NaN
run3,1,52,120.23,NaN
run3,1,53,131.3898,NaN
run3,1,54,132.1581,NaN
run3,1,55,123.3807,NaN
run3,1,56,125.6751,NaN
run3,1,57,138.6973,NaN
run3,1,58,130.9288,NaN
run3,1,59,113.0048,NaN
run3,1,60,113.0989,NaN
run3,1,61,129.2203,NaN
run3,1,62,136.9728,NaN
run3,1,63,120.0412,NaN
run3,1,64,125.0338,NaN
run3,1,65,118.8087,NaN
run3,1,66,116.2415,NaN
run3,1,67,121.3837,NaN
run3,1,68,104.2591,NaN
run3,1,69,128.5704,NaN
run3,1,70,145.7852,NaN
run3,1,71,119.0858,NaN
run3,1,72,119.101,NaN
run3,1,73,139.0338,NaN
run3,1,74,124.5158,NaN
run3,1,75,103.2984,NaN
run3,1,76,122.0671,NaN
run3,1,77,143.1813,NaN
run3,1,78,118.5103,NaN
run3,1,79,120.7188,NaN
run3,1,80,110.4643,NaN
run3,1,81,109.2306,NaN
run3,1,82,131.1462,NaN
run3,1,83,134.2838,NaN
run3,1,84,95.3442,NaN
run3,1,85,121.9872,NaN
run3,1,86,136.3593,NaN
run3,1,87,103.0043,NaN
run3,1,88,122.5748,NaN
run3,1,89,142.9135,NaN
run3,1,90,128.4226,NaN
run3,1,91,139.1341,NaN
run3,1,92,139.1506,NaN
run3,1,93,124.239,NaN
run3,1,94,134.0483,NaN
run3,1,95,120.7404,NaN
run3,1,96,135.4456,NaN
run3,1,97,105.9753,NaN
run3,1,98,133.8768,NaN
run3,1,99,121.1609,NaN
run3,1,100,147.804,NaN
run3,1,101,141.5882,NaN
run3,1,102,135.17,NaN
run3,1,103,112.4507,NaN
run3,1,104,109.0058,NaN
run3,1,105,129.3065,NaN
run3,1,106,140.3997,NaN
run3,1,107,124.9435,NaN
run3,1,108,136.8496,NaN
run3,1,109,113.7783,NaN
run3,1,110,112.8062,NaN
run3,1,111,136.0213,NaN
run3,1,112,127.9664,NaN
run3,1,113,133.5101,NaN
run3,1,114,115.3807,NaN
run3,1,115,144.434,NaN
run3,1,116,141.0897,NaN
run3,1,117,101.969,NaN
run3,1,118,110.9387,NaN
run3,1,119,111.8153,NaN
run3,1,120,136.1394,NaN
run3,1,121,131.104,NaN
run3,1,122,123.4478,NaN
run3,1,123,124.0833,NaN
run3,1,124,131.2383,NaN
run3,1,125,128.8143,NaN
run3,1,126,139.2411,NaN
run3,1,127,138.0334,NaN
run3,1,128,134.5914,NaN
run3,1,129,130.8161,NaN
run3,1,130,114.6128,NaN
run3,1,131,124.9073,NaN
run3,1,132,119.0165,NaN
run3,1,133,140.539,NaN
run3,1,134,113.3939,NaN
run3,1,135,118.8933,NaN
run3,1,136,114.3941,NaN
run3,1,137,116.3871,NaN
run3,1,138,142.0455,NaN
run3,1,139,131.7621,NaN
run3,1,140,126.0891,NaN
run3,1,141,132.1891,NaN
run3,1,142,125.6216,NaN
run3,1,143,126.8276,NaN
run3,1,144,124.4305,NaN
run3,1,145,126.0868,NaN
run3,1,146,112.0851,NaN
run3,1,147,127.1755,NaN
run3,1,148,136.426,NaN
run3,1,149,130.1046,NaN
run3,1,150,134.0468,NaN
run3,1,151,125.5649,NaN
run3,1,152,134.4106,NaN
run3,1,153,121.2231,NaN
run3,1,154,123.0076,NaN
run3,1,155,117.2639,NaN
run3,1,156,115.9938,NaN
run3,1,157,92.6797,NaN
run3,1,158,137.5206,NaN
run3,1,159,138.1413,NaN
run3,1,160,121.306,NaN
run3,1,161,134.1465,NaN
run3,1,162,130.9919,NaN
run3,1,163,112.6624,NaN
run3,1,164,121.6906,NaN
run3,1,165,126.2537,NaN
run3,1,166,132.697,NaN
run3,1,167,132.9892,NaN
run3,1,168,116.4676,NaN
run3,1,169,144.4915,NaN
run3,1,170,126.5179,NaN
run3,1,171,133.8027,NaN
run3,1,172,131.027,NaN
run3,1,173,120.7042,NaN
run3,1,174,105.4355,NaN
run3,1,175,121.2006,NaN
run3,1,176,125.7976,NaN
run3,1,177,138.897,NaN
run3,1,178,126.3193,NaN
run3,1,179,125.594,NaN
run3,1,180,128.1816,NaN
run3,1,181,134.6403,NaN
run3,1,182,143.5214,NaN
run3,1,183,116.9351,NaN
run3,1,184,127.4471,NaN
run3,1,185,107.8592,NaN
run3,1,186,120.2214,NaN
run3,1,187,112.9006,NaN
run3,1,188,147.3323,NaN
run3,1,189,120.0679,NaN
run3,1,190,129.4302,NaN
run3,1,191,123.0293,NaN
run3,1,192,120.9605,NaN
run3,1,193,121.5906,NaN
run3,1,194,128.0838,NaN
run3,1,195,123.072,NaN
run3,1,196,125.1743,NaN
run3,1,197,121.9088,NaN
run3,1,198,130.2694,NaN
run3,1,199,124.4445,NaN
run3,1,200,133.4922,NaN
run3,1,201,138.0619,NaN
run3,1,202,128.5366,NaN
run3,1,203,126.7337,NaN
run3,1,204,124.936,NaN
run3,1,205,127.4382,NaN
run3,1,206,125.3413,NaN
run3,1,207,128.2535,NaN
run3,1,208,120.5075,NaN
run3,1,209,137.6614,NaN
run3,1,210,136.9619,NaN
run3,1,211,134.5984,NaN
run3,1,212,125.6772,NaN
run3,1,213,129.6389,NaN
run3,1,214,128.2291,NaN
run3,1,215,120.3732,NaN
run3,1,216,145.8648,NaN
run3,1,217,127.1785,NaN
run3,1,218,133.2393,NaN
run3,1,219,138.4122,NaN
run3,1,220,134.7307,NaN
run3,1,221,136.5567,NaN
run3,1,222,145.9536,NaN
run3,1,223,122.694,NaN
run3,1,224,131.6212,NaN
run3,1,225,140.2452,NaN
run3,1,226,118.5512,NaN
run3,1,227,128.9479,NaN
run3,1,228,123.6152,NaN
run3,1,229,131.4063,NaN
run3,1,230,127.3862,NaN
run3,1,231,108.0369,NaN
run3,1,232,134.1796,NaN
run3,1,233,135.1952,NaN
run3,1,234,140.2063,NaN
run3,1,235,137.7736,NaN
run3,1,236,130.2894,NaN
run3,1,237,133.8619,NaN
run3,1,238,122.4536,NaN
run3,1,239,133.6622,NaN
run3,1,240,132.8185,NaN
run3,1,241,134.8516,NaN
run3,1,242,134.1645,NaN
run3,1,243,119.0585,NaN
run3,1,244,134.9322,NaN
run3,1,245,118.9057,NaN
run3,1,246,137.6758,NaN
run3,1,247,138.0855,NaN
run3,1,248,122.7384,NaN
run3,1,249,136.5464,NaN
run3,1,250,120.1352,NaN
run3,1,251,131.5511,NaN
run3,1,252,135.1338,NaN
run3,1,253,132.3486,NaN
run3,1,254,117.322,NaN
run3,1,255,125.7998,NaN
run3,1,256,138.6578,NaN
run3,1,257,137.6838,NaN
run3,1,258,124.5416,NaN
run3,1,259,137.3734,NaN
run3,1,260,137.9782,NaN
run3,1,261,140.1995,NaN
run3,1,262,134.0715,NaN
run3,1,263,132.4469,NaN
run3,1,264,133.8076,NaN
run3,1,265,120.322,NaN
run3,1,266,106.7406,NaN
run3,1,267,137.2721,NaN
run3,1,268,139.3905,NaN
run3,1,269,135.1337,NaN
run3,1,270,133.4292,NaN
run3,1,271,133.7795,NaN
run3,1,272,139.822,NaN
run3,1,273,138.475,NaN
run3,1,274,121.3279,NaN
run3,1,275,127.6725,NaN
run3,1,276,119.1965,NaN
run3,1,277,119.74,NaN
run3,1,278,121.6011,NaN
run3,1,279,136.4468,NaN
run3,1,280,130.0608,NaN
run3,1,281,115.0228,NaN
run3,1,282,118.9659,NaN
run3,1,283,114.8221,NaN
run3,1,284,130.5838,NaN
run3,1,285,132.6361,NaN
run3,1,286,135.4318,NaN
run3,1,287,137.2766,NaN
run3,1,288,135.0791,NaN
run3,1,289,137.4664,NaN
run3,1,290,114.6853,NaN
run3,1,291,118.7691,NaN
run3,1,292,113.7309,NaN
run3,1,293,134.6649,NaN
run3,1,294,118.6411,NaN
run3,1,295,139.7188,NaN
run3,1,296,96.9257,NaN
run3,1,297,117.3143,NaN
run3,1,298,111.3751,NaN
run3,1,299,142.153,NaN
run3,1,300,130.2544,NaN
run4,1,1,151.3638,NaN
run4,1,2,96.6432,NaN
run4,1,3,111.799,NaN
run4,1,4,135.7926,NaN
run4,1,5,107.5183,NaN
run4,1,6,113.1877,NaN
run4,1,7,127.5237,NaN
run4,1,8,115.5993,NaN
run4,1,9,93.7205,NaN
run4,1,10,111.6827,NaN
run4,1,11,115.8188,NaN
run4,1,12,124.1214,NaN
run4,1,13,122.3715,NaN
run4,1,14,93.5718,NaN
run4,1,15,131.263,NaN
run4,1,16,117.4961,NaN
run4,1,17,126.8133,NaN
run4,1,18,126.2243,NaN
run4,1,19,107.1326,NaN
run4,1,20,107.8327,NaN
run4,1,21,101.4746,NaN
run4,1,22,103.8858,NaN
run4,1,23,98.4126,NaN
run4,1,24,115.693,NaN
run4,1,25,114.0762,NaN
run4,1,26,118.6781,NaN
run4,1,27,95.962,NaN
run4,1,28,144.5612,NaN
run4,1,29,101.4006,NaN
run4,1,30,97.4227,NaN
run4,1,31,105.6627,NaN
run4,1,32,125.8598,NaN
run4,1,33,106.1314,NaN
run4,1,34,111.3077,NaN
run4,1,35,127.6684,NaN
run4,1,36,110.6243,NaN
run4,1,37,112.639,NaN
run4,1,38,93.9195,NaN
run4,1,39,117.6484,NaN
run4,1,40,127.161,NaN
run4,1,41,113.1822,NaN
run4,1,42,114.1174,NaN
run4,1,43,103.2556,NaN
run4,1,44,117.6441,NaN
run4,1,45,122.3031,NaN
run4,1,46,122.6544,NaN
run4,1,47,101.743,NaN
run4,1,48,74.5875,NaN
run4,1,49,134.6091,NaN
run4,1,50,115.9508,NaN
run4,1,51,129.029,NaN
run4,1,52,106.5346,NaN
run4,1,53,132.7936,NaN
run4,1,54,116.6584,NaN
run4,1,55,118.2411,NaN
run4,1,56,117.8384,NaN
run4,1,57,104.491,NaN
run4,1,58,114.7737,NaN
run4,1,59,118.9762,NaN
run4,1,60,127.8394,NaN
run4,1,61,136.8587,NaN
run4,1,62,103.3594,NaN
run4,1,63,109.4396,NaN
run4,1,64,107.9384,NaN
run4,1,65,94.7864,NaN
run4,1,66,128.0008,NaN
run4,1,67,113.0072,NaN
run4,1,68,131.5194,NaN
run4,1,69,114.3293,NaN
run4,1,70,112.1683,NaN
run4,1,71,106.9686,NaN
run4,1,72,121.0974,NaN
run4,1,73,130.9912,NaN
run4,1,74,107.1729,NaN
run4,1,75,104.7192,NaN
run4,1,76,106.5444,NaN
run4,1,77,127.6632,NaN
run4,1,78,104.7481,NaN
run4,1,79,133.5291,NaN
run4,1,80,134.0504,NaN
run4,1,81,114.448,NaN
run4,1,82,115.6279,NaN
run4,1,83,100.9392,NaN
run4,1,84,111.2304,NaN
run4,1,85,126.3887,NaN
run4,1,86,110.9148,NaN
run4,1,87,125.2258,NaN
run4,1,88,114.4626,NaN
run4,1,89,113.0288,NaN
run4,1,90,109.034,NaN
run4,1,91,108.1343,NaN
run4,1,92,108.9984,NaN
run4,1,93,122.3015,NaN
run4,1,94,118.0879,NaN
run4,1,95,127.3059,NaN
run4,1,96,112.852,NaN
run4,1,97,105.9851,NaN
run4,1,98,109.6201,NaN
run4,1,99,116.1298,NaN
run4,1,100,137.6323,NaN
run4,1,101,137.7861,NaN
run4,1,102,133.7703,NaN
run4,1,103,127.7855,NaN
run4,1,104,105.7995,NaN
run4,1,105,105.7306,NaN
run4,1,106,128.0341,NaN
run4,1,107,134.8173,NaN
run4,1,108,116.0232,NaN
run4,1,109,119.4488,NaN
run4,1,110,114.3274,NaN
run4,1,111,133.5634,NaN
run4,1,112,92.4323,NaN
run4,1,113,142.2561,NaN
run4,1,114,123.0355,NaN
run4,1,115,108.6436,NaN
run4,1,116,122.9702,NaN
run4,1,117,131.7355,NaN
run4,1,118,110.6222,NaN
run4,1,119,117.0785,NaN
run4,1,120,134.3897,NaN
run4,1,121,106.6725,NaN
run4,1,122,115.399,NaN
run4,1,123,118.7106,NaN
run4,1,124,113.433,NaN
run4,1,125,117.1322,NaN
run4,1,126,117.2258,NaN
run4,1,127,120.5318,NaN
run4,1,128,124.9011,NaN
run4,1,129,107.0186,NaN
run4,1,130,110.7195,NaN
run4,1,131,121.446,NaN
run4,1,132,116.1508,NaN
run4,1,133,109.1484,NaN
run4,1,134,131.1099,NaN
run4,1,135,137.7326,NaN
run4,1,136,103.8003,NaN
run4,1,137,111.5208,NaN
run4,1,138,142.1815,NaN
run4,1,139,102.5917,NaN
run4,1,140,102.9634,NaN
run4,1,141,127.7334,NaN
run4,1,142,124.5021,NaN
run4,1,143,121.3087,NaN
run4,1,144,117.481,NaN
run4,1,145,108.9624,NaN
run4,1,146,98.1799,NaN
run4,1,147,116.2614,NaN
run4,1,148,121.2433,NaN
run4,1,149,113.0141,NaN
run4,1,150,109.9769,NaN
run4,1,151,107.9413,NaN
run4,1,152,119.5867,NaN
run4,1,153,117.1136,NaN
run4,1,154,107.8995,NaN
run4,1,155,107.0783,NaN
run4,1,156,99.5781,NaN
run4,1,157,124.2747,NaN
run4,1,158,111.5477,NaN
run4,1,159,118.2815,NaN
run4,1,160,122.5152,NaN
run4,1,161,101.4378,NaN
run4,1,162,103.3135,NaN
run4,1,163,102.6366,NaN
run4,1,164,105.2365,NaN
run4,1,165,106.9334,NaN
run4,1,166,116.1621,NaN
run4,1,167,101.7325,NaN
run4,1,168,126.6152,NaN
run4,1,169,116.218,NaN
run4,1,170,113.6202,NaN
run4,1,171,118.9487,NaN
run4,1,172,105.0381,NaN
run4,1,173,106.8399,NaN
run4,1,174,113.2231,NaN
run4,1,175,127.3772,NaN
run4,1,176,113.0196,NaN
run4,1,177,125.3593,NaN
run4,1,178,102.0609,NaN
run4,1,179,112.9819,NaN
run4,1,180,109.5433,NaN
run4,1,181,100.1065,NaN
run4,1,182,105.7325,NaN
run4,1,183,110.9118,NaN
run4,1,184,123.6961,NaN
run4,1,185,126.3098,NaN
run4,1,186,128.3192,NaN
run4,1,187,120.3681,NaN
run4,1,188,107.6313,NaN
run4,1,189,105.2553,NaN
run4,1,190,111.7024,NaN
run4,1,191,115.22,NaN
run4,1,192,105.8366,NaN
run4,1,193,98.698,NaN
run4,1,194,110.6107,NaN
run4,1,195,119.3022,NaN
run4,1,196,101.0582,NaN
run4,1,197,106.1535,NaN
run4,1,198,106.4557,NaN
run4,1,199,122.0604,NaN
run4,1,200,131.6824,NaN
run4,1,201,126.0568,NaN
run4,1,202,124.4348,NaN
run4,1,203,115.593,NaN
run4,1,204,113.3765,NaN
run4,1,205,109.2937,NaN
run4,1,206,110.7332,NaN
run4,1,207,109.0586,NaN
run4,1,208,111.5501,NaN
run4,1,209,109.1659,NaN
run4,1,210,102.6528,NaN
run4,1,211,98.7953,NaN
run4,1,212,114.3673,NaN
run4,1,213,123.4459,NaN
run4,1,214,100.6099,NaN
run4,1,215,118.9393,NaN
run4,1,216,116.3272,NaN
run4,1,217,100.8862,NaN
run4,1,218,128.5797,NaN
run4,1,219,113.4914,NaN
run4,1,220,99.2335,NaN
run4,1,221,122.7912,NaN
run4,1,222,117.1152,NaN
run4,1,223,115.1035,NaN
run4,1,224,93.1047,NaN
run4,1,225,109.7056,NaN
run4,1,226,101.6879,NaN
run4,1,227,135.3592,NaN
run4,1,228,105.3808,NaN
run4,1,229,101.4092,NaN
run4,1,230,108.6547,NaN
run4,1,231,102.3613,NaN
run4,1,232,140.0837,NaN
run4,1,233,108.2784,NaN
run4,1,234,105.2556,NaN
run4,1,235,108.7201,NaN
run4,1,236,116.515,NaN
run4,1,237,126.059,NaN
run4,1,238,96.8242,NaN
run4,1,239,121.6612,NaN
run4,1,240,94.8814,NaN
run4,1,241,114.0431,NaN
run4,1,242,121.6867,NaN
run4,1,243,113.7711,NaN
run4,1,244,95.4747,NaN
run4,1,245,114.4516,NaN
run4,1,246,115.1683,NaN
run4,1,247,133.7149,NaN
run4,1,248,117.7419,NaN
run4,1,249,130.8961,NaN
run4,1,250,105.4793,NaN
run4,1,251,92.2504,NaN
run4,1,252,112.9073,NaN
run4,1,253,106.8662,NaN
run4,1,254,129.6306,NaN
run4,1,255,129.112,NaN
run4,1,256,113.6104,NaN
run4,1,257,122.3379,NaN
run4,1,258,103.0135,NaN
run4,1,259,105.958,NaN
run4,1,260,113.8482,NaN
run4,1,261,115.7253,NaN
run4,1,262,114.8325,NaN
run4,1,263,117.7178,NaN
run4,1,264,142.316,NaN
run4,1,265,117.1298,NaN
run4,1,266,126.9926,NaN
run4,1,267,133.3648,NaN
run4,1,268,120.1998,NaN
run4,1,269,113.7794,NaN
run4,1,270,97.7474,NaN
run4,1,271,123.7396,NaN
run4,1,272,119.2182,NaN
run4,1,273,117.2631,NaN
run4,1,274,117.0811,NaN
run4,1,275,110.2543,NaN
run4,1,276,124.1228,NaN
run4,1,277,120.8208,NaN
run4,1,278,126.161,NaN
run4,1,279,129.4406,NaN
run4,1,280,130.8367,NaN
run4,1,281,106.3091,NaN
run4,1,282,118.3601,NaN
run4,1,283,114.0489,NaN
run4,1,284,113.0335,NaN
run4,1,285,113.1102,NaN
run4,1,286,125.2979,NaN
run4,1,287,116.3301,NaN
run4,1,288,95.0069,NaN
run4,1,289,122.4042,NaN
run4,1,290,111.0882,NaN
run4,1,291,97.5374,NaN
run4,1,292,102.5233,NaN
run4,1,293,116.9964,NaN
run4,1,294,110.0335,NaN
run4,1,295,113.3657,NaN
run4,1,296,102.6206,NaN
run4,1,297,130.5892,NaN
run4,1,298,126.7543,NaN
run4,1,299,114.8318,NaN
run4,1,300,100.0608,NaN
run5,1,1,146.7285,NaN
run5,1,2,139.3595,NaN
run5,1,3,112.7209,NaN
run5,1,4,134.5567,NaN
run5,1,5,112.4015,NaN
run5,1,6,127.5012,NaN
run5,1,7,124.0777,NaN
run5,1,8,115.2084,NaN
run5,1,9,115.4281,NaN
run5,1,10,105.5918,NaN
run5,1,11,106.2951,NaN
run5,1,12,122.4741,NaN
run5,1,13,126.7769,NaN
run5,1,14,122.9931,NaN
run5,1,15,131.6236,NaN
run5,1,16,131.1767,NaN
run5,1,17,141.0043,NaN
run5,1,18,116.3387,NaN
run5,1,19,113.8007,NaN
run5,1,20,131.0619,NaN
run5,1,21,125.788,NaN
run5,1,22,131.8634,NaN
run5,1,23,140.8536,NaN
run5,1,24,131.935,NaN
run5,1,25,134.4993,NaN
run5,1,26,114.1173,NaN
run5,1,27,127.5913,NaN
run5,1,28,111.4474,NaN
run5,1,29,115.134,NaN
run5,1,30,117.862,NaN
run5,1,31,117.3387,NaN
run5,1,32,97.3399,NaN
run5,1,33,108.2473,NaN
run5,1,34,129.7347,NaN
run5,1,35,100.9522,NaN
run5,1,36,124.1816,NaN
run5,1,37,120.1039,NaN
run5,1,38,125.9763,NaN
run5,1,39,123.2546,NaN
run5,1,40,137.1296,NaN
run5,1,41,114.5348,NaN
run5,1,42,127.4627,NaN
run5,1,43,136.2288,NaN
run5,1,44,98.4711,NaN
run5,1,45,115.7127,NaN
run5,1,46,137.499,NaN
run5,1,47,124.826,NaN
run5,1,48,123.1187,NaN
run5,1,49,131.2685,NaN
run5,1,50,121.5989,NaN
run5,1,51,90.5845,NaN
run5,1,52,128.1891,NaN
run5,1,53,104.7714,NaN
run5,1,54,131.0394,NaN
run5,1,55,131.8123,NaN
run5,1,56,148.2168,NaN
run5,1,57,107.4938,NaN
run5,1,58,127.0366,NaN
run5,1,59,130.1762,NaN
run5,1,60,129.0174,NaN
run5,1,61,130.1597,NaN
run5,1,62,148.4207,NaN
run5,1,63,138.4331,NaN
run5,1,64,125.521,NaN
run5,1,65,120.666,NaN
run5,1,66,138.2357,NaN
run5,1,67,142.2332,NaN
run5,1,68,98.5232,NaN
run5,1,69,115.5752,NaN
run5,1,70,131.5258,NaN
run5,1,71,131.3763,NaN
run5,1,72,142.0634,NaN
run5,1,73,96.045,NaN
run5,1,74,135.6003,NaN
run5,1,75,102.3571,NaN
run5,1,76,139.0879,NaN
run5,1,77,114.2629,NaN
run5,1,78,115.3569,NaN
run5,1,79,138.4353,NaN
run5,1,80,100.5628,NaN
run5,1,81,145.1771,NaN
run5,1,82,133.8634,NaN
run5,1,83,118.1414,NaN
run5,1,84,114.7624,NaN
run5,1,85,132.6577,NaN
run5,1,86,127.717,NaN
run5,1,87,115.3754,NaN
run5,1,88,117.2531,NaN
run5,1,89,130.3922,NaN
run5,1,90,117.1741,NaN
run5,1,91,150.4123,NaN
run5,1,92,139.1881,NaN
run5,1,93,125.5785,NaN
run5,1,94,123.6591,NaN
run5,1,95,151.2793,NaN
run5,1,96,114.8491,NaN
run5,1,97,114.6556,NaN
run5,1,98,115.8272,NaN
run5,1,99,143.6407,NaN
run5,1,100,109.7023,NaN
run5,1,101,137.7176,NaN
run5,1,102,134.8559,NaN
run5,1,103,110.8354,NaN
run5,1,104,115.4315,NaN
run5,1,105,95.8047,NaN
run5,1,106,123.4628,NaN
run5,1,107,141.9685,NaN
run5,1,108,104.3431,NaN
run5,1,109,123.2179,NaN
run5,1,110,84.7612,NaN
run5,1,111,130.2461,NaN
run5,1,112,116.1776,NaN
run5,1,113,92.0101,NaN
run5,1,114,133.6358,NaN
run5,1,115,127.025,NaN
run5,1,116,113.7581,NaN
run5,1,117,122.0786,NaN
run5,1,118,128.0273,NaN
run5,1,119,131.5803,NaN
run5,1,120,107.1806,NaN
run5,1,121,103.4817,NaN
run5,1,122,117.6839,NaN
run5,1,123,120.8635,NaN
run5,1,124,127.4764,NaN
run5,1,125,93.3493,NaN
run5,1,126,108.4893,NaN
run5,1,127,133.1498,NaN
run5,1,128,113.6235,NaN
run5,1,129,133.3596,NaN
run5,1,130,133.0058,NaN
run5,1,131,132.0031,NaN
run5,1,132,114.5768,NaN
run5,1,133,108.7068,NaN
run5,1,134,110.8211,NaN
run5,1,135,102.8366,NaN
run5,1,136,108.0045,NaN
run5,1,137,121.9218,NaN
run5,1,138,131.8002,NaN
run5,1,139,118.1787,NaN
run5,1,140,137.0591,NaN
run5,1,141,94.2299,NaN
run5,1,142,120.0924,NaN
run5,1,143,147.7685,NaN
run5,1,144,101.0049,NaN
run5,1,145,119.7207,NaN
run5,1,146,132.685,NaN
run5,1,147,127.6574,NaN
run5,1,148,95.7495,NaN
run5,1,149,131.2776,NaN
run5,1,150,115.561,NaN
run5,1,151,113.0203,NaN
run5,1,152,101.3284,NaN
run5,1,153,111.9106,NaN
run5,1,154,125.0413,NaN
run5,1,155,129.9673,NaN
run5,1,156,123.0539,NaN
run5,1,157,112.8251,NaN
run5,1,158,141.0442,NaN
run5,1,159,114.3479,NaN
run5,1,160,128.075,NaN
run5,1,161,125.1387,NaN
run5,1,162,136.6077,NaN
run5,1,163,129.4645,NaN
run5,1,164,97.858,NaN
run5,1,165,124.3222,NaN
run5,1,166,133.8804,NaN
run5,1,167,96.7216,NaN
run5,1,168,101.0656,NaN
run5,1,169,101.3466,NaN
run5,1,170,121.5328,NaN
run5,1,171,124.3785,NaN
run5,1,172,129.4731,NaN
run5,1,173,124.6013,NaN
run5,1,174,117.9223,NaN
run5,1,175,118.7011,NaN
run5,1,176,128.1779,NaN
run5,1,177,126.5712,NaN
run5,1,178,122.0167,NaN
run5,1,179,134.1677,NaN
run5,1,180,129.6963,NaN
run5,1,181,128.4063,NaN
run5,1,182,118.9602,NaN
run5,1,183,123.5852,NaN
run5,1,184,118.4958,NaN
run5,1,185,99.5525,NaN
run5,1,186,99.463,NaN
run5,1,187,120.9179,NaN
run5,1,188,133.712,NaN
run5,1,189,114.0001,NaN
run5,1,190,134.7998,NaN
run5,1,191,123.6209,NaN
run5,1,192,97.933,NaN
run5,1,193,135.5107,NaN
run5,1,194,128.6885,NaN
run5,1,195,101.6302,NaN
run5,1,196,124.704,NaN
run5,1,197,111.6956,NaN
run5,1,198,130.2211,NaN
run5,1,199,134.7885,NaN
run5,1,200,116.6908,NaN
run5,1,201,132.7719,NaN
run5,1,202,104.4429,NaN
run5,1,203,104.2392,NaN
run5,1,204,97.3239,NaN
run5,1,205,107.2478,NaN
run5,1,206,130.0942,NaN
run5,1,207,116.5636,NaN
run5,1,208,98.5081,NaN
run5,1,209,111.0071,NaN
run5,1,210,116.8089,NaN
run5,1,211,113.1791,NaN
run5,1,212,114.5057,NaN
run5,1,213,113.5799,NaN
run5,1,214,130.2394,NaN
run5,1,215,106.2989,NaN
run5,1,216,99.6964,NaN
run5,1,217,96.9672,NaN
run5,1,218,89.6692,NaN
run5,1,219,127.6699,NaN
run5,1,220,107.959,NaN
run5,1,221,113.3989,NaN
run5,1,222,108.861,NaN
run5,1,223,93.2735,NaN
run5,1,224,112.6116,NaN
run5,1,225,107.5975,NaN
run5,1,226,107.6146,NaN
run5,1,227,119.389,NaN
run5,1,228,107.2474,NaN
run5,1,229,82.4929,NaN
run5,1,230,103.6021,NaN
run5,1,231,112.862,NaN
run5,1,232,94.1427,NaN
run5,1,233,115.2848,NaN
run5,1,234,116.101,NaN
run5,1,235,116.4997,NaN
run5,1,236,107.4422,NaN
run5,1,237,126.7459,NaN
run5,1,238,106.0072,NaN
run5,1,239,123.4958,NaN
run5,1,240,126.3893,NaN
run5,1,241,96.6714,NaN
run5,1,242,109.2452,NaN
run5,1,243,102.2899,NaN
run5,1,244,77.9678,NaN
run5,1,245,114.9421,NaN
run5,1,246,101.6543,NaN
run5,1,247,118.9801,NaN
run5,1,248,101.8612,NaN
run5,1,249,102.2642,NaN
run5,1,250,118.1234,NaN
run5,1,251,121.0056,NaN
run5,1,252,101.2418,NaN
run5,1,253,97.7243,NaN
run5,1,254,106.8627,NaN
run5,1,255,86.8573,NaN
run5,1,256,99.0336,NaN
run5,1,257,113.945,NaN
run5,1,258,87.6076,NaN
run5,1,259,132.1511,NaN
run5,1,260,111.6593,NaN
run5,1,261,95.2743,NaN
run5,1,262,126.6939,NaN
run5,1,263,134.7388,NaN
run5,1,264,99.6527,NaN
run5,1,265,115.889,NaN
run5,1,266,136.9571,NaN
run5,1,267,84.2204,NaN
run5,1,268,116.6383,NaN
run5,1,269,109.5995,NaN
run5,1,270,129.7818,NaN
run5,1,271,112.0689,NaN
run5,1,272,119.1036,NaN
run5,1,273,111.7314,NaN
run5,1,274,118.9026,NaN
run5,1,275,133.6794,NaN
run5,1,276,115.8564,NaN
run5,1,277,103.6928,NaN
run5,1,278,129.6074,NaN
run5,1,279,118.4826,NaN
run5,1,280,132.6894,NaN
run5,1,281,104.089,NaN
run5,1,282,125.7968,NaN
run5,1,283,118.6997,NaN
run5,1,284,117.194,NaN
run5,1,285,123.1075,NaN
run5,1,286,128.793,NaN
run5,1,287,123.773,NaN
run5,1,288,122.0209,NaN
run5,1,289,105.1066,NaN
run5,1,290,109.9086,NaN
run5,1,291,139.8956,NaN
run5,1,292,115.3405,NaN
run5,1,293,96.6036,NaN
run5,1,294,129.0344,NaN
run5,1,295,121.9765,NaN
run5,1,296,129.1008,NaN
run5,1,297,117.5195,NaN
run5,1,298,117.6826,NaN
run5,1,299,128.019,NaN
run5,1,300,139.3448,NaN
