run1,0,1,54.3935,0
run1,0,2,133.8024,25
run1,0,3,28.3969,0
run1,0,4,3.7511,0
run1,0,5,3.7388,0
run1,0,6,3.8076,0
run1,0,7,3.713,0
run1,0,8,27.4203,0
run1,0,9,6.7497,0
run1,0,10,27.3142,0
run1,0,11,50.4021,0
run1,0,12,27.6565,0
run1,0,13,17.226,0
run1,0,14,3.7969,0
run1,0,15,5.1344,0
run1,0,16,30.1962,0
run1,0,17,86.5198,0
run1,0,18,102.7824,0
run1,0,19,16.3771,0
run1,0,20,21.1288,0
run1,0,21,18.1052,0
run1,0,22,6.0368,0
run1,0,23,133.1362,25
run1,0,24,33.8523,0
run1,0,25,22.5209,0
run1,0,26,36.8674,0
run1,0,27,44.5732,0
run1,0,28,43.8255,0
run1,0,29,46.9651,0
run1,0,30,24.6841,0
run1,0,31,16.7225,0
run1,0,32,89.0602,0
run1,0,33,8.39,0
run1,0,34,33.1057,0
run1,0,35,72.4881,0
run1,0,36,40.9168,0
run1,0,37,31.3579,0
run1,0,38,53.0854,0
run1,0,39,16.3241,0
run1,0,40,44.2784,0
run1,0,41,17.9308,0
run1,0,42,25.7131,0
run1,0,43,137.6559,10
run1,0,44,42.625,0
run1,0,45,12.7977,0
run1,0,46,7.4565,0
run1,0,47,29.558,0
run1,0,48,80.0025,5
run1,0,49,16.794,0
run1,0,50,16.4988,0
run1,0,51,132.8952,25
run1,0,52,28.3062,0
run1,0,53,76.3943,0
run1,0,54,28.6406,0
run1,0,55,41.6549,0
run1,0,56,30.2212,0
run1,0,57,80.8729,0
run1,0,58,3.8318,0
run1,0,59,3.7819,0
run1,0,60,4.4101,0
run1,0,61,3.8371,0
run1,0,62,14.477,0
run1,0,63,3.9148,0
run1,0,64,3.8533,0
run1,0,65,3.8042,0
run1,0,66,3.7947,0
run1,0,67,3.7827,0
run1,0,68,3.7741,0
run1,0,69,3.9618,0
run1,0,70,3.8575,0
run1,0,71,3.819,0
run1,0,72,3.8747,0
run1,0,73,3.8047,0
run1,0,74,3.916,0
run1,0,75,3.8482,0
run1,0,76,136.708,15
run1,0,77,37.9807,0
run1,0,78,134.9639,20
run1,0,79,132.6965,10
run1,0,80,131.1304,10
run1,0,81,42.3021,0
run1,0,82,3.9391,0
run1,0,83,3.847,0
run1,0,84,3.8841,0
run1,0,85,3.8684,0
run1,0,86,3.7563,0
run1,0,87,132.5059,25
run1,0,88,24.2355,0
run1,0,89,3.8185,0
run1,0,90,3.8431,0
run1,0,91,3.83,0
run1,0,92,3.8318,0
run1,0,93,74.3704,5
run1,0,94,5.2213,0
run1,0,95,3.8054,0
run1,0,96,3.935,0
run1,0,97,3.9284,0
run1,0,98,3.8279,0
run1,0,99,3.8016,0
run1,0,100,3.8063,0
run1,0,101,8.087,0
run1,0,102,3.874,0
run1,0,103,3.8166,0
run1,0,104,3.8991,0
run1,0,105,3.9283,0
run1,0,106,3.8325,0
run1,0,107,3.8768,0
run1,0,108,3.8164,0
run1,0,109,3.852,0
run1,0,110,3.935,0
run1,0,111,3.8945,0
run1,0,112,138.7989,15
run1,0,113,36.0369,0
run1,0,114,136.6595,15
run1,0,115,131.5187,15
run1,0,116,22.9562,0
run1,0,117,3.7354,0
run1,0,118,3.6905,0
run1,0,119,3.7461,0
run1,0,120,3.7814,0
run1,0,121,136.3626,15
run1,0,122,131.3054,15
run1,0,123,29.7281,0
run1,0,124,3.802,0
run1,0,125,3.8367,0
run1,0,126,3.895,0
run1,0,127,3.8894,0
run1,0,128,3.8877,0
run1,0,129,3.8592,0
run1,0,130,3.8052,0
run1,0,131,3.8585,0
run1,0,132,3.8159,0
run1,0,133,3.8506,0
run1,0,134,3.8514,0
run1,0,135,3.8979,0
run1,0,136,3.8483,0
run1,0,137,3.9052,0
run1,0,138,3.9076,0
run1,0,139,3.8748,0
run1,0,140,3.7566,0
run1,0,141,3.7688,0
run1,0,142,3.8354,0
run1,0,143,3.8545,0
run1,0,144,3.8101,0
run1,0,145,3.7749,0
run1,0,146,3.7613,0
run1,0,147,3.7308,0
run1,0,148,3.703,0
run1,0,149,3.7021,0
run1,0,150,3.7645,0
run1,0,151,77.4854,5
run1,0,152,9.966,0
run1,0,153,3.8425,0
run1,0,154,3.7293,0
run1,0,155,3.6631,0
run1,0,156,3.7426,0
run1,0,157,3.8502,0
run1,0,158,134.4422,20
run1,0,159,7.5415,0
run1,0,160,3.815,0
run1,0,161,3.8373,0
run1,0,162,3.871,0
run1,0,163,3.7945,0
run1,0,164,131.592,20
run1,0,165,5.6711,0
run1,0,166,137.1477,15
run1,0,167,32.5838,0
run1,0,168,3.8635,0
run1,0,169,3.9091,0
run1,0,170,3.9809,0
run1,0,171,137.1355,15
run1,0,172,35.8755,0
run1,0,173,3.3038,0
run1,0,174,3.2497,0
run1,0,175,3.269,0
run1,0,176,3.3101,0
run1,0,177,3.28,0
run1,0,178,3.1873,0
run1,0,179,3.1901,0
run1,0,180,3.239,0
run1,0,181,3.2628,0
run1,0,182,3.3271,0
run1,0,183,3.2614,0
run1,0,184,3.1753,0
run1,0,185,3.2578,0
run1,0,186,3.4537,0
run1,0,187,3.4007,0
run1,0,188,3.3967,0
run1,0,189,3.3559,0
run1,0,190,3.319,0
run1,0,191,3.4206,0
run1,0,192,3.3127,0
run1,0,193,135.811,15
run1,0,194,35.8681,0
run1,0,195,137.0217,15
run1,0,196,31.3995,0
run1,0,197,3.5109,0
run1,0,198,3.4132,0
run1,0,199,3.4852,0
run1,0,200,3.4563,0
run1,0,201,6.8657,0
run1,0,202,3.316,0
run1,0,203,3.3479,0
run1,0,204,3.4361,0
run1,0,205,3.6105,0
run1,0,206,3.4351,0
run1,0,207,3.4332,0
run1,0,208,3.3047,0
run1,0,209,3.339,0
run1,0,210,3.3314,0
run1,0,211,3.3674,0
run1,0,212,3.4371,0
run1,0,213,3.4235,0
run1,0,214,3.3839,0
run1,0,215,136.4101,10
run1,0,216,38.9503,0
run1,0,217,138.0114,15
run1,0,218,29.5609,0
run1,0,219,138.3396,10
run1,0,220,44.3557,0
run1,0,221,3.3263,0
run1,0,222,3.2933,0
run1,0,223,3.369,0
run1,0,224,133.7417,20
run1,0,225,15.6571,0
run1,0,226,3.4341,0
run1,0,227,134.6016,20
run1,0,228,4.1378,0
run1,0,229,3.5876,0
run1,0,230,3.4577,0
run1,0,231,3.3925,0
run1,0,232,3.5617,0
run1,0,233,3.511,0
run1,0,234,134.4914,20
run1,0,235,22.6633,0
run1,0,236,138.8169,10
run1,0,237,38.7643,0
run1,0,238,137.243,15
run1,0,239,35.0298,0
run1,0,240,133.4622,20
run1,0,241,7.8808,0
run1,0,242,3.287,0
run1,0,243,75.0815,5
run1,0,244,6.5602,0
run1,0,245,3.2562,0
run1,0,246,3.4264,0
run1,0,247,3.386,0
run1,0,248,3.3314,0
run1,0,249,3.2016,0
run1,0,250,3.3987,0
run1,0,251,3.3345,0
run1,0,252,3.3486,0
run1,0,253,79.0024,5
run1,0,254,135.6567,10
run1,0,255,39.2061,0
run1,0,256,78.6698,5
run1,0,257,5.0885,0
run1,0,258,3.555,0
run1,0,259,3.5117,0
run1,0,260,3.3865,0
run1,0,261,3.3644,0
run1,0,262,3.3423,0
run1,0,263,3.4598,0
run1,0,264,135.9727,10
run1,0,265,42.2845,0
run1,0,266,3.3878,0
run1,0,267,77.1308,5
run1,0,268,11.9578,0
run1,0,269,3.3685,0
run1,0,270,3.3104,0
run1,0,271,3.1899,0
run1,0,272,3.2786,0
run1,0,273,3.3159,0
run1,0,274,3.2865,0
run1,0,275,3.2991,0
run1,0,276,3.4241,0
run1,0,277,136.855,20
run1,0,278,69.5208,5
run1,0,279,17.4752,0
run1,0,280,136.4891,20
run1,0,281,7.2065,0
run1,0,282,138.9438,10
run1,0,283,125.7175,25
run1,0,284,17.7428,0
run1,0,285,3.4272,0
run1,0,286,3.3277,0
run1,0,287,3.2375,0
run1,0,288,3.342,0
run1,0,289,3.3277,0
run1,0,290,3.3749,0
run1,0,291,3.357,0
run1,0,292,3.4769,0
run1,0,293,3.349,0
run1,0,294,136.0575,15
run1,0,295,29.6039,0
run1,0,296,3.4011,0
run1,0,297,3.3783,0
run1,0,298,3.3458,0
run1,0,299,3.2466,0
run1,0,300,138.161,10
run2,0,1,69.6505,0
run2,0,2,3.4113,0
run2,0,3,3.4171,0
run2,0,4,3.4762,0
run2,0,5,139.5646,10
run2,0,6,41.654,0
run2,0,7,137.7711,20
run2,0,8,9.4736,0
run2,0,9,3.4553,0
run2,0,10,3.4874,0
run2,0,11,140.7436,10
run2,0,12,39.5738,0
run2,0,13,3.2953,0
run2,0,14,3.4352,0
run2,0,15,3.4967,0
run2,0,16,3.577,0
run2,0,17,3.3721,0
run2,0,18,3.3458,0
run2,0,19,3.2341,0
run2,0,20,3.2423,0
run2,0,21,82.4143,5
run2,0,22,5.6996,0
run2,0,23,80.8408,5
run2,0,24,5.8291,0
run2,0,25,3.268,0
run2,0,26,3.2362,0
run2,0,27,3.3415,0
run2,0,28,3.39,0
run2,0,29,3.2878,0
run2,0,30,3.3375,0
run2,0,31,81.4344,5
run2,0,32,7.7708,0
run2,0,33,3.3729,0
run2,0,34,3.3119,0
run2,0,35,138.5223,15
run2,0,36,32.1745,0
run2,0,37,3.3264,0
run2,0,38,3.3824,0
run2,0,39,3.548,0
run2,0,40,3.513,0
run2,0,41,3.3928,0
run2,0,42,3.4028,0
run2,0,43,3.4943,0
run2,0,44,3.5482,0
run2,0,45,3.4767,0
run2,0,46,3.3718,0
run2,0,47,3.3957,0
run2,0,48,137.5465,20
run2,0,49,5.8681,0
run2,0,50,3.4722,0
run2,0,51,3.3139,0
run2,0,52,3.2373,0
run2,0,53,3.2327,0
run2,0,54,3.231,0
run2,0,55,3.4715,0
run2,0,56,131.344,25
run2,0,57,24.1694,0
run2,0,58,3.1907,0
run2,0,59,3.2228,0
run2,0,60,3.1576,0
run2,0,61,3.1807,0
run2,0,62,3.3258,0
run2,0,63,3.2652,0
run2,0,64,3.3388,0
run2,0,65,3.2411,0
run2,0,66,3.3759,0
run2,0,67,3.3193,0
run2,0,68,3.2993,0
run2,0,69,3.3415,0
run2,0,70,3.3181,0
run2,0,71,3.3591,0
run2,0,72,3.3804,0
run2,0,73,3.3455,0
run2,0,74,3.3317,0
run2,0,75,3.4104,0
run2,0,76,3.371,0
run2,0,77,3.3104,0
run2,0,78,3.265,0
run2,0,79,141.1195,10
run2,0,80,41.2098,0
run2,0,81,3.351,0
run2,0,82,3.148,0
run2,0,83,3.2188,0
run2,0,84,3.3584,0
run2,0,85,3.3431,0
run2,0,86,3.2829,0
run2,0,87,3.1407,0
run2,0,88,3.2819,0
run2,0,89,3.329,0
run2,0,90,3.3051,0
run2,0,91,3.356,0
run2,0,92,3.2679,0
run2,0,93,3.1903,0
run2,0,94,141.1208,15
run2,0,95,30.4307,0
run2,0,96,3.4976,0
run2,0,97,136.0655,20
run2,0,98,4.9772,0
run2,0,99,3.3159,0
run2,0,100,3.2741,0
run2,0,101,143.7048,10
run2,0,102,33.7088,0
run2,0,103,3.4674,0
run2,0,104,3.5658,0
run2,0,105,4.0684,0
run2,0,106,3.4063,0
run2,0,107,3.439,0
run2,0,108,3.4827,0
run2,0,109,3.7112,0
run2,0,110,3.5247,0
run2,0,111,3.3068,0
run2,0,112,3.4217,0
run2,0,113,3.5569,0
run2,0,114,140.3333,15
run2,0,115,133.6719,15
run2,0,116,27.832,0
run2,0,117,136.9526,20
run2,0,118,138.3218,15
run2,0,119,29.8153,0
run2,0,120,3.246,0
run2,0,121,3.5039,0
run2,0,122,138.4409,25
run2,0,123,4.8225,0
run2,0,124,3.3849,0
run2,0,125,3.4723,0
run2,0,126,3.5188,0
run2,0,127,3.4983,0
run2,0,128,3.328,0
run2,0,129,3.3975,0
run2,0,130,3.478,0
run2,0,131,3.3353,0
run2,0,132,134.1718,25
run2,0,133,126.3542,10
run2,0,134,41.9382,0
run2,0,135,3.4216,0
run2,0,136,3.445,0
run2,0,137,84.3185,5
run2,0,138,10.2475,0
run2,0,139,3.6563,0
run2,0,140,3.5055,0
run2,0,141,3.4463,0
run2,0,142,3.4953,0
run2,0,143,3.5678,0
run2,0,144,3.5778,0
run2,0,145,3.4831,0
run2,0,146,3.3238,0
run2,0,147,3.2627,0
run2,0,148,3.3352,0
run2,0,149,3.382,0
run2,0,150,3.1927,0
run2,0,151,3.2712,0
run2,0,152,3.5321,0
run2,0,153,3.4759,0
run2,0,154,3.2512,0
run2,0,155,3.3638,0
run2,0,156,3.5977,0
run2,0,157,3.3508,0
run2,0,158,3.364,0
run2,0,159,3.451,0
run2,0,160,3.405,0
run2,0,161,134.2783,20
run2,0,162,131.0917,10
run2,0,163,36.3291,0
run2,0,164,3.4983,0
run2,0,165,3.4665,0
run2,0,166,3.5791,0
run2,0,167,3.4338,0
run2,0,168,3.5146,0
run2,0,169,3.4879,0
run2,0,170,3.5591,0
run2,0,171,3.8491,0
run2,0,172,3.7006,0
run2,0,173,3.4037,0
run2,0,174,3.3097,0
run2,0,175,82.3826,5
run2,0,176,5.7916,0
run2,0,177,3.2749,0
run2,0,178,3.3541,0
run2,0,179,3.3109,0
run2,0,180,3.3518,0
run2,0,181,3.3519,0
run2,0,182,3.4309,0
run2,0,183,3.2548,0
run2,0,184,3.2358,0
run2,0,185,136.5798,20
run2,0,186,10.0821,0
run2,0,187,3.2314,0
run2,0,188,3.4,0
run2,0,189,3.5632,0
run2,0,190,3.3167,0
run2,0,191,135.8934,20
run2,0,192,8.0023,0
run2,0,193,3.4576,0
run2,0,194,137.4522,20
run2,0,195,6.0626,0
run2,0,196,3.5391,0
run2,0,197,3.5788,0
run2,0,198,3.4722,0
run2,0,199,3.4642,0
run2,0,200,3.3814,0
run2,0,201,7.3238,0
run2,0,202,3.5951,0
run2,0,203,3.5446,0
run2,0,204,3.5251,0
run2,0,205,3.3059,0
run2,0,206,3.3158,0
run2,0,207,3.2491,0
run2,0,208,3.3246,0
run2,0,209,3.3444,0
run2,0,210,3.4644,0
run2,0,211,3.4888,0
run2,0,212,3.4127,0
run2,0,213,3.4511,0
run2,0,214,3.373,0
run2,0,215,3.4527,0
run2,0,216,3.4346,0
run2,0,217,3.4322,0
run2,0,218,3.3629,0
run2,0,219,141.1367,10
run2,0,220,37.3204,0
run2,0,221,3.5913,0
run2,0,222,3.413,0
run2,0,223,3.4542,0
run2,0,224,3.5636,0
run2,0,225,138.92,10
run2,0,226,131.458,15
run2,0,227,33.5313,0
run2,0,228,3.5038,0
run2,0,229,3.5366,0
run2,0,230,3.437,0
run2,0,231,3.3708,0
run2,0,232,3.4775,0
run2,0,233,3.5723,0
run2,0,234,3.443,0
run2,0,235,3.431,0
run2,0,236,3.388,0
run2,0,237,3.3615,0
run2,0,238,3.4355,0
run2,0,239,138.0413,10
run2,0,240,42.7399,0
run2,0,241,3.4704,0
run2,0,242,3.5534,0
run2,0,243,3.7655,0
run2,0,244,139.5629,10
run2,0,245,41.5716,0
run2,0,246,3.4683,0
run2,0,247,3.6284,0
run2,0,248,3.6132,0
run2,0,249,3.5862,0
run2,0,250,3.5067,0
run2,0,251,3.4092,0
run2,0,252,137.9551,10
run2,0,253,41.0952,0
run2,0,254,3.6159,0
run2,0,255,3.4151,0
run2,0,256,3.498,0
run2,0,257,3.6791,0
run2,0,258,3.5575,0
run2,0,259,4.524,0
run2,0,260,3.4241,0
run2,0,261,3.6174,0
run2,0,262,3.5305,0
run2,0,263,3.4353,0
run2,0,264,3.7695,0
run2,0,265,3.5693,0
run2,0,266,3.5023,0
run2,0,267,3.3719,0
run2,0,268,138.4566,15
run2,0,269,38.4386,0
run2,0,270,3.3766,0
run2,0,271,3.3864,0
run2,0,272,3.2988,0
run2,0,273,3.3655,0
run2,0,274,3.4672,0
run2,0,275,3.573,0
run2,0,276,3.4308,0
run2,0,277,3.4575,0
run2,0,278,3.5214,0
run2,0,279,3.4556,0
run2,0,280,3.5973,0
run2,0,281,3.5539,0
run2,0,282,3.4379,0
run2,0,283,140.0214,10
run2,0,284,126.9615,15
run2,0,285,36.78,0
run2,0,286,136.3063,25
run2,0,287,22.4486,0
run2,0,288,3.4887,0
run2,0,289,3.397,0
run2,0,290,3.391,0
run2,0,291,3.3192,0
run2,0,292,137.8473,20
run2,0,293,17.3389,0
run2,0,294,3.4879,0
run2,0,295,3.3837,0
run2,0,296,3.4134,0
run2,0,297,3.4449,0
run2,0,298,3.3208,0
run2,0,299,3.3815,0
run2,0,300,3.414,0
run3,0,1,61.6752,0
run3,0,2,133.5452,20
run3,0,3,4.223,0
run3,0,4,3.4258,0
run3,0,5,3.5108,0
run3,0,6,3.4992,0
run3,0,7,3.4558,0
run3,0,8,3.3648,0
run3,0,9,3.5614,0
run3,0,10,3.738,0
run3,0,11,3.5161,0
run3,0,12,138.7963,15
run3,0,13,33.0614,0
run3,0,14,3.488,0
run3,0,15,135.5811,20
run3,0,16,11.0713,0
run3,0,17,139.6829,10
run3,0,18,126.6623,10
run3,0,19,44.2307,0
run3,0,20,3.3873,0
run3,0,21,3.2729,0
run3,0,22,135.5626,10
run3,0,23,38.6294,0
run3,0,24,3.2934,0
run3,0,25,3.3514,0
run3,0,26,3.5831,0
run3,0,27,3.3335,0
run3,0,28,3.3197,0
run3,0,29,3.4795,0
run3,0,30,3.4643,0
run3,0,31,3.429,0
run3,0,32,3.3576,0
run3,0,33,3.4962,0
run3,0,34,3.4492,0
run3,0,35,3.4258,0
run3,0,36,134.3334,20
run3,0,37,12.4136,0
run3,0,38,3.4874,0
run3,0,39,3.6075,0
run3,0,40,3.4712,0
run3,0,41,139.0061,15
run3,0,42,31.2298,0
run3,0,43,3.4265,0
run3,0,44,3.5565,0
run3,0,45,3.4603,0
run3,0,46,3.4364,0
run3,0,47,3.2054,0
run3,0,48,136.5577,20
run3,0,49,10.5169,0
run3,0,50,81.5347,5
run3,0,51,5.0732,0
run3,0,52,3.2613,0
run3,0,53,3.4101,0
run3,0,54,3.3684,0
run3,0,55,3.2711,0
run3,0,56,3.3656,0
run3,0,57,134.9975,20
run3,0,58,4.47,0
run3,0,59,3.491,0
run3,0,60,3.57,0
run3,0,61,3.392,0
run3,0,62,3.292,0
run3,0,63,3.5018,0
run3,0,64,3.5275,0
run3,0,65,3.3474,0
run3,0,66,3.4556,0
run3,0,67,3.3219,0
run3,0,68,3.646,0
run3,0,69,3.4794,0
run3,0,70,3.3316,0
run3,0,71,3.3518,0
run3,0,72,3.3447,0
run3,0,73,138.8078,15
run3,0,74,30.5618,0
run3,0,75,3.4902,0
run3,0,76,3.4075,0
run3,0,77,3.3582,0
run3,0,78,3.5093,0
run3,0,79,3.4131,0
run3,0,80,3.1742,0
run3,0,81,3.3544,0
run3,0,82,3.3748,0
run3,0,83,3.3245,0
run3,0,84,3.27,0
run3,0,85,3.2216,0
run3,0,86,3.3391,0
run3,0,87,3.3839,0
run3,0,88,3.1683,0
run3,0,89,3.3787,0
run3,0,90,83.7673,5
run3,0,91,6.2874,0
run3,0,92,3.4527,0
run3,0,93,3.402,0
run3,0,94,3.3496,0
run3,0,95,3.3546,0
run3,0,96,3.5259,0
run3,0,97,133.8357,25
run3,0,98,12.3336,0
run3,0,99,3.1148,0
run3,0,100,3.2537,0
run3,0,101,140.5905,10
run3,0,102,43.3614,0
run3,0,103,139.134,10
run3,0,104,44.5644,0
run3,0,105,3.2454,0
run3,0,106,3.2991,0
run3,0,107,3.5108,0
run3,0,108,3.4101,0
run3,0,109,3.2609,0
run3,0,110,3.2293,0
run3,0,111,3.2323,0
run3,0,112,3.2157,0
run3,0,113,82.4434,5
run3,0,114,7.6668,0
run3,0,115,3.0824,0
run3,0,116,3.0531,0
run3,0,117,3.1772,0
run3,0,118,84.2205,5
run3,0,119,6.6037,0
run3,0,120,3.3208,0
run3,0,121,81.7515,5
run3,0,122,8.2953,0
run3,0,123,3.3268,0
run3,0,124,3.4266,0
run3,0,125,3.2048,0
run3,0,126,138.0301,10
run3,0,127,31.8006,0
run3,0,128,3.2733,0
run3,0,129,136.3191,20
run3,0,130,4.2544,0
run3,0,131,129.1057,25
run3,0,132,20.3676,0
run3,0,133,88.7285,5
run3,0,134,7.2316,0
run3,0,135,3.4419,0
run3,0,136,3.4882,0
run3,0,137,3.5864,0
run3,0,138,3.4678,0
run3,0,139,84.7728,5
run3,0,140,24.1971,0
run3,0,141,3.3929,0
run3,0,142,3.3177,0
run3,0,143,3.2925,0
run3,0,144,3.1976,0
run3,0,145,3.3151,0
run3,0,146,3.3676,0
run3,0,147,3.4255,0
run3,0,148,3.4363,0
run3,0,149,3.3189,0
run3,0,150,3.5237,0
run3,0,151,3.4051,0
run3,0,152,3.2574,0
run3,0,153,84.6868,5
run3,0,154,12.7322,0
run3,0,155,138.8043,10
run3,0,156,42.8225,0
run3,0,157,138.8594,10
run3,0,158,42.9113,0
run3,0,159,3.2187,0
run3,0,160,3.2998,0
run3,0,161,3.374,0
run3,0,162,3.1978,0
run3,0,163,3.2216,0
run3,0,164,3.2119,0
run3,0,165,3.2769,0
run3,0,166,3.3421,0
run3,0,167,3.3137,0
run3,0,168,3.3708,0
run3,0,169,3.4389,0
run3,0,170,3.4711,0
run3,0,171,3.3241,0
run3,0,172,136.7181,15
run3,0,173,31.4561,0
run3,0,174,3.3275,0
run3,0,175,3.1649,0
run3,0,176,82.6226,5
run3,0,177,6.8249,0
run3,0,178,129.4148,25
run3,0,179,29.3629,0
run3,0,180,131.3964,25
run3,0,181,127.5239,15
run3,0,182,33.3912,0
run3,0,183,3.2525,0
run3,0,184,3.3885,0
run3,0,185,3.5132,0
run3,0,186,3.4844,0
run3,0,187,136.2043,20
run3,0,188,7.2769,0
run3,0,189,3.4016,0
run3,0,190,3.2101,0
run3,0,191,3.1801,0
run3,0,192,3.2734,0
run3,0,193,3.2637,0
run3,0,194,3.1698,0
run3,0,195,3.2635,0
run3,0,196,139.3621,10
run3,0,197,50.7107,0
run3,0,198,3.1402,0
run3,0,199,3.1786,0
run3,0,200,3.3886,0
run3,0,201,6.2887,0
run3,0,202,3.3128,0
run3,0,203,3.1978,0
run3,0,204,3.1136,0
run3,0,205,3.0245,0
run3,0,206,3.1381,0
run3,0,207,3.2895,0
run3,0,208,3.4274,0
run3,0,209,3.3516,0
run3,0,210,139.872,15
run3,0,211,36.8115,0
run3,0,212,140.5185,15
run3,0,213,29.0055,0
run3,0,214,139.472,15
run3,0,215,22.1719,0
run3,0,216,3.4384,0
run3,0,217,3.3973,0
run3,0,218,3.3015,0
run3,0,219,3.3448,0
run3,0,220,3.3885,0
run3,0,221,3.2625,0
run3,0,222,3.1391,0
run3,0,223,3.2193,0
run3,0,224,3.273,0
run3,0,225,3.2591,0
run3,0,226,3.3038,0
run3,0,227,3.4992,0
run3,0,228,3.363,0
run3,0,229,3.1646,0
run3,0,230,3.2106,0
run3,0,231,3.4435,0
run3,0,232,138.4279,25
run3,0,233,131.049,20
run3,0,234,15.0881,0
run3,0,235,3.1339,0
run3,0,236,3.3512,0
run3,0,237,3.2761,0
run3,0,238,3.2354,0
run3,0,239,3.3328,0
run3,0,240,3.2449,0
run3,0,241,3.1542,0
run3,0,242,3.2526,0
run3,0,243,3.4541,0
run3,0,244,3.2883,0
run3,0,245,3.2244,0
run3,0,246,3.2725,0
run3,0,247,3.2738,0
run3,0,248,3.3643,0
run3,0,249,3.301,0
run3,0,250,3.1841,0
run3,0,251,3.1414,0
run3,0,252,3.2662,0
run3,0,253,3.2258,0
run3,0,254,3.2335,0
run3,0,255,3.2704,0
run3,0,256,3.4474,0
run3,0,257,3.4113,0
run3,0,258,3.2327,0
run3,0,259,3.4668,0
run3,0,260,3.4179,0
run3,0,261,3.3283,0
run3,0,262,3.6058,0
run3,0,263,3.5359,0
run3,0,264,3.4381,0
run3,0,265,3.2359,0
run3,0,266,3.3913,0
run3,0,267,3.402,0
run3,0,268,3.3872,0
run3,0,269,138.4249,20
run3,0,270,16.8957,0
run3,0,271,3.3541,0
run3,0,272,3.5237,0
run3,0,273,141.4059,15
run3,0,274,46.4465,0
run3,0,275,3.4824,0
run3,0,276,3.3156,0
run3,0,277,3.4338,0
run3,0,278,3.4293,0
run3,0,279,3.6611,0
run3,0,280,137.2682,20
run3,0,281,17.1044,0
run3,0,282,3.4273,0
run3,0,283,3.4469,0
run3,0,284,3.3005,0
run3,0,285,3.3656,0
run3,0,286,3.3289,0
run3,0,287,3.2409,0
run3,0,288,3.3832,0
run3,0,289,3.3205,0
run3,0,290,3.2636,0
run3,0,291,3.3749,0
run3,0,292,132.3055,25
run3,0,293,4.4051,0
run3,0,294,3.3555,0
run3,0,295,3.2438,0
run3,0,296,3.2272,0
run3,0,297,3.3377,0
run3,0,298,3.355,0
run3,0,299,3.7295,0
run3,0,300,137.6779,20
run4,0,1,139.4904,20
run4,0,2,9.7442,0
run4,0,3,83.7012,5
run4,0,4,7.9065,0
run4,0,5,80.2919,5
run4,0,6,9.8862,0
run4,0,7,5.2887,0
run4,0,8,5.2317,0
run4,0,9,4.9853,0
run4,0,10,5.6285,0
run4,0,11,134.0563,20
run4,0,12,10.4639,0
run4,0,13,5.6413,0
run4,0,14,137.1491,15
run4,0,15,29.6927,0
run4,0,16,5.2272,0
run4,0,17,5.1629,0
run4,0,18,5.6294,0
run4,0,19,5.3302,0
run4,0,20,5.4458,0
run4,0,21,5.7216,0
run4,0,22,5.0456,0
run4,0,23,6.0474,0
run4,0,24,5.0617,0
run4,0,25,5.7416,0
run4,0,26,138.4829,10
run4,0,27,128.1238,10
run4,0,28,37.4356,0
run4,0,29,5.4357,0
run4,0,30,5.0036,0
run4,0,31,5.2516,0
run4,0,32,138.8809,10
run4,0,33,130.6157,15
run4,0,34,22.4249,0
run4,0,35,5.5059,0
run4,0,36,5.3488,0
run4,0,37,134.0728,20
run4,0,38,11.922,0
run4,0,39,5.6186,0
run4,0,40,132.3399,20
run4,0,41,14.8936,0
run4,0,42,5.8684,0
run4,0,43,5.2659,0
run4,0,44,5.5235,0
run4,0,45,5.7172,0
run4,0,46,6.4644,0
run4,0,47,5.7865,0
run4,0,48,5.635,0
run4,0,49,6.8119,0
run4,0,50,79.807,5
run4,0,51,138.7465,10
run4,0,52,42.4076,0
run4,0,53,5.4368,0
run4,0,54,5.5031,0
run4,0,55,5.7558,0
run4,0,56,5.3727,0
run4,0,57,6.1739,0
run4,0,58,5.8571,0
run4,0,59,6.0659,0
run4,0,60,5.6061,0
run4,0,61,5.6535,0
run4,0,62,5.6624,0
run4,0,63,135.5515,15
run4,0,64,21.5119,0
run4,0,65,5.7148,0
run4,0,66,118.314,25
run4,0,67,30.4975,0
run4,0,68,5.9313,0
run4,0,69,6.5656,0
run4,0,70,136.0802,20
run4,0,71,12.1833,0
run4,0,72,5.5573,0
run4,0,73,81.7728,5
run4,0,74,8.4824,0
run4,0,75,5.4682,0
run4,0,76,5.7651,0
run4,0,77,5.8285,0
run4,0,78,5.448,0
run4,0,79,5.4686,0
run4,0,80,5.6685,0
run4,0,81,5.7092,0
run4,0,82,136.1289,15
run4,0,83,32.3791,0
run4,0,84,134.4868,20
run4,0,85,10.5691,0
run4,0,86,5.4004,0
run4,0,87,6.2486,0
run4,0,88,5.7327,0
run4,0,89,5.4921,0
run4,0,90,5.5316,0
run4,0,91,5.7715,0
run4,0,92,137.8765,10
run4,0,93,39.8334,0
run4,0,94,5.5474,0
run4,0,95,6.0354,0
run4,0,96,138.5575,15
run4,0,97,17.5153,0
run4,0,98,6.2622,0
run4,0,99,5.8524,0
run4,0,100,5.7751,0
run4,0,101,11.7136,0
run4,0,102,139.1872,10
run4,0,103,37.1466,0
run4,0,104,6.1017,0
run4,0,105,6.4147,0
run4,0,106,6.127,0
run4,0,107,6.6264,0
run4,0,108,6.1213,0
run4,0,109,5.8409,0
run4,0,110,6.5596,0
run4,0,111,6.1348,0
run4,0,112,6.1749,0
run4,0,113,134.9968,20
run4,0,114,10.4038,0
run4,0,115,5.6002,0
run4,0,116,5.9632,0
run4,0,117,5.7611,0
run4,0,118,6.162,0
run4,0,119,6.533,0
run4,0,120,6.2816,0
run4,0,121,6.0588,0
run4,0,122,6.1569,0
run4,0,123,6.0716,0
run4,0,124,6.0881,0
run4,0,125,6.1693,0
run4,0,126,5.9084,0
run4,0,127,5.7709,0
run4,0,128,5.7014,0
run4,0,129,5.2855,0
run4,0,130,5.8758,0
run4,0,131,5.9516,0
run4,0,132,5.8109,0
run4,0,133,5.6173,0
run4,0,134,6.2532,0
run4,0,135,5.8315,0
run4,0,136,138.8292,20
run4,0,137,6.9423,0
run4,0,138,5.5512,0
run4,0,139,85.2541,5
run4,0,140,26.8606,0
run4,0,141,5.6191,0
run4,0,142,5.3151,0
run4,0,143,140.6769,15
run4,0,144,28.7122,0
run4,0,145,6.0863,0
run4,0,146,136.0916,20
run4,0,147,12.0143,0
run4,0,148,5.8532,0
run4,0,149,82.0866,5
run4,0,150,7.8271,0
run4,0,151,5.385,0
run4,0,152,5.372,0
run4,0,153,5.8996,0
run4,0,154,6.0314,0
run4,0,155,5.6246,0
run4,0,156,5.8685,0
run4,0,157,130.1033,25
run4,0,158,130.9315,20
run4,0,159,9.184,0
run4,0,160,5.8286,0
run4,0,161,5.6351,0
run4,0,162,6.0957,0
run4,0,163,5.4805,0
run4,0,164,6.4716,0
run4,0,165,6.0217,0
run4,0,166,5.8616,0
run4,0,167,5.9897,0
run4,0,168,6.2466,0
run4,0,169,6.0397,0
run4,0,170,6.0795,0
run4,0,171,5.9164,0
run4,0,172,6.1818,0
run4,0,173,6.084,0
run4,0,174,5.4947,0
run4,0,175,5.7502,0
run4,0,176,6.0797,0
run4,0,177,5.7946,0
run4,0,178,6.1055,0
run4,0,179,6.0861,0
run4,0,180,6.1357,0
run4,0,181,6.0209,0
run4,0,182,137.8094,10
run4,0,183,38.7165,0
run4,0,184,5.8781,0
run4,0,185,5.4794,0
run4,0,186,6.109,0
run4,0,187,5.7613,0
run4,0,188,6.1049,0
run4,0,189,5.8152,0
run4,0,190,6.5988,0
run4,0,191,5.9959,0
run4,0,192,139.1707,15
run4,0,193,133.6828,20
run4,0,194,7.5769,0
run4,0,195,5.9002,0
run4,0,196,5.8063,0
run4,0,197,141.0058,10
run4,0,198,41.5964,0
run4,0,199,6.1699,0
run4,0,200,5.9465,0
run4,0,201,141.7482,10
run4,0,202,43.6634,0
run4,0,203,5.8977,0
run4,0,204,134.4943,20
run4,0,205,7.363,0
run4,0,206,5.4804,0
run4,0,207,4.9694,0
run4,0,208,18.2483,0
run4,0,209,3.8721,0
run4,0,210,135.8237,20
run4,0,211,12.8295,0
run4,0,212,82.0256,5
run4,0,213,6.7401,0
run4,0,214,3.9301,0
run4,0,215,4.0307,0
run4,0,216,3.9623,0
run4,0,217,4.2645,0
run4,0,218,4.0046,0
run4,0,219,3.8672,0
run4,0,220,3.8667,0
run4,0,221,3.8651,0
run4,0,222,138.5094,10
run4,0,223,42.0395,0
run4,0,224,4.0034,0
run4,0,225,3.9698,0
run4,0,226,3.9544,0
run4,0,227,3.9554,0
run4,0,228,3.8093,0
run4,0,229,3.8946,0
run4,0,230,3.8935,0
run4,0,231,3.9076,0
run4,0,232,3.8229,0
run4,0,233,3.7818,0
run4,0,234,136.9714,20
run4,0,235,130.5496,25
run4,0,236,127.0346,20
run4,0,237,10.4191,0
run4,0,238,139.6071,10
run4,0,239,42.813,0
run4,0,240,3.9265,0
run4,0,241,3.9618,0
run4,0,242,4.0054,0
run4,0,243,3.9131,0
run4,0,244,3.86,0
run4,0,245,136.0518,20
run4,0,246,5.4094,0
run4,0,247,3.9238,0
run4,0,248,3.8905,0
run4,0,249,3.8075,0
run4,0,250,3.7916,0
run4,0,251,3.9388,0
run4,0,252,3.9232,0
run4,0,253,3.9496,0
run4,0,254,3.8374,0
run4,0,255,3.8952,0
run4,0,256,3.8773,0
run4,0,257,3.7497,0
run4,0,258,3.7887,0
run4,0,259,3.9039,0
run4,0,260,3.8738,0
run4,0,261,125.804,25
run4,0,262,26.852,0
run4,0,263,3.8399,0
run4,0,264,125.7491,25
run4,0,265,16.145,0
run4,0,266,3.8635,0
run4,0,267,127.8646,25
run4,0,268,121.2904,25
run4,0,269,24.6859,0
run4,0,270,3.8869,0
run4,0,271,3.9144,0
run4,0,272,3.9064,0
run4,0,273,3.8584,0
run4,0,274,3.9751,0
run4,0,275,3.8533,0
run4,0,276,3.9382,0
run4,0,277,3.8365,0
run4,0,278,3.9516,0
run4,0,279,3.8709,0
run4,0,280,136.7133,15
run4,0,281,26.9905,0
run4,0,282,3.9611,0
run4,0,283,5.4842,0
run4,0,284,3.895,0
run4,0,285,3.9748,0
run4,0,286,3.8456,0
run4,0,287,3.8105,0
run4,0,288,3.8505,0
run4,0,289,3.7829,0
run4,0,290,3.846,0
run4,0,291,3.7688,0
run4,0,292,3.9204,0
run4,0,293,3.8239,0
run4,0,294,3.811,0
run4,0,295,3.8946,0
run4,0,296,3.8193,0
run4,0,297,3.7648,0
run4,0,298,3.7934,0
run4,0,299,137.7171,15
run4,0,300,29.3577,0
run5,0,1,66.74,0
run5,0,2,3.0922,0
run5,0,3,3.1293,0
run5,0,4,3.0892,0
run5,0,5,3.0247,0
run5,0,6,3.0908,0
run5,0,7,3.4299,0
run5,0,8,3.137,0
run5,0,9,3.0702,0
run5,0,10,3.0512,0
run5,0,11,2.9519,0
run5,0,12,132.7631,25
run5,0,13,20.559,0
run5,0,14,3.033,0
run5,0,15,3.1054,0
run5,0,16,3.134,0
run5,0,17,3.1396,0
run5,0,18,2.996,0
run5,0,19,3.0158,0
run5,0,20,3.0942,0
run5,0,21,140.0199,15
run5,0,22,33.6846,0
run5,0,23,3.0707,0
run5,0,24,3.0141,0
run5,0,25,134.7551,25
run5,0,26,16.8993,0
run5,0,27,3.0815,0
run5,0,28,2.9958,0
run5,0,29,3.0984,0
run5,0,30,3.125,0
run5,0,31,3.1201,0
run5,0,32,3.1026,0
run5,0,33,3.1209,0
run5,0,34,3.0228,0
run5,0,35,3.0275,0
run5,0,36,141.3771,10
run5,0,37,38.971,0
run5,0,38,2.9901,0
run5,0,39,3.0693,0
run5,0,40,137.2615,20
run5,0,41,14.2091,0
run5,0,42,3.0301,0
run5,0,43,3.1473,0
run5,0,44,2.9661,0
run5,0,45,2.8898,0
run5,0,46,2.808,0
run5,0,47,138.9441,15
run5,0,48,30.5873,0
run5,0,49,2.9199,0
run5,0,50,3.0626,0
run5,0,51,85.1824,5
run5,0,52,8.5441,0
run5,0,53,3.0402,0
run5,0,54,139.063,15
run5,0,55,36.2253,0
run5,0,56,3.017,0
run5,0,57,3.1494,0
run5,0,58,3.043,0
run5,0,59,2.9574,0
run5,0,60,2.9,0
run5,0,61,2.9612,0
run5,0,62,2.8899,0
run5,0,63,2.9431,0
run5,0,64,3.0086,0
run5,0,65,2.8894,0
run5,0,66,3.0116,0
run5,0,67,2.9313,0
run5,0,68,3.0163,0
run5,0,69,2.9903,0
run5,0,70,138.5162,20
run5,0,71,4.8064,0
run5,0,72,3.0132,0
run5,0,73,2.9945,0
run5,0,74,3.0366,0
run5,0,75,2.9569,0
run5,0,76,2.9625,0
run5,0,77,3.0066,0
run5,0,78,3.0525,0
run5,0,79,2.9836,0
run5,0,80,3.1344,0
run5,0,81,139.75,10
run5,0,82,128.6261,10
run5,0,83,40.8674,0
run5,0,84,139.2756,15
run5,0,85,34.3885,0
run5,0,86,2.8578,0
run5,0,87,3.0032,0
run5,0,88,3.2162,0
run5,0,89,3.1894,0
run5,0,90,3.0347,0
run5,0,91,2.9898,0
run5,0,92,2.9909,0
run5,0,93,138.1751,10
run5,0,94,38.8145,0
run5,0,95,2.906,0
run5,0,96,3.0145,0
run5,0,97,3.0087,0
run5,0,98,2.9407,0
run5,0,99,135.6702,20
run5,0,100,6.0949,0
run5,0,101,5.7373,0
run5,0,102,2.916,0
run5,0,103,2.9674,0
run5,0,104,2.8722,0
run5,0,105,2.8275,0
run5,0,106,2.9511,0
run5,0,107,2.8886,0
run5,0,108,2.9735,0
run5,0,109,2.9296,0
run5,0,110,2.8992,0
run5,0,111,2.8664,0
run5,0,112,2.9319,0
run5,0,113,3.0139,0
run5,0,114,3.0628,0
run5,0,115,2.9951,0
run5,0,116,2.98,0
run5,0,117,3.0441,0
run5,0,118,2.9284,0
run5,0,119,2.9778,0
run5,0,120,2.9769,0
run5,0,121,2.9531,0
run5,0,122,2.9347,0
run5,0,123,3.0778,0
run5,0,124,3.0157,0
run5,0,125,2.9821,0
run5,0,126,3.1695,0
run5,0,127,3.0254,0
run5,0,128,3.0414,0
run5,0,129,3.0162,0
run5,0,130,3.0538,0
run5,0,131,3.0889,0
run5,0,132,139.1782,10
run5,0,133,43.4335,0
run5,0,134,3.0729,0
run5,0,135,2.9764,0
run5,0,136,2.9684,0
run5,0,137,139.9065,15
run5,0,138,36.376,0
run5,0,139,142.797,15
run5,0,140,32.8238,0
run5,0,141,3.0563,0
run5,0,142,3.2391,0
run5,0,143,3.1443,0
run5,0,144,3.1186,0
run5,0,145,3.0201,0
run5,0,146,3.0401,0
run5,0,147,3.0575,0
run5,0,148,3.0392,0
run5,0,149,3.1015,0
run5,0,150,139.5995,10
run5,0,151,42.7152,0
run5,0,152,3.0715,0
run5,0,153,139.6428,15
run5,0,154,26.1382,0
run5,0,155,2.9853,0
run5,0,156,3.0174,0
run5,0,157,2.9805,0
run5,0,158,3.0243,0
run5,0,159,3.1039,0
run5,0,160,140.265,10
run5,0,161,37.8006,0
run5,0,162,3.1281,0
run5,0,163,3.5189,0
run5,0,164,3.4717,0
run5,0,165,3.476,0
run5,0,166,3.231,0
run5,0,167,3.0976,0
run5,0,168,3.1256,0
run5,0,169,3.1399,0
run5,0,170,139.6584,15
run5,0,171,37.2261,0
run5,0,172,3.1191,0
run5,0,173,3.1955,0
run5,0,174,3.1289,0
run5,0,175,135.4322,20
run5,0,176,6.1892,0
run5,0,177,3.1576,0
run5,0,178,3.0897,0
run5,0,179,2.9986,0
run5,0,180,3.0269,0
run5,0,181,3.0516,0
run5,0,182,3.03,0
run5,0,183,137.1213,20
run5,0,184,81.516,5
run5,0,185,17.9365,0
run5,0,186,2.9958,0
run5,0,187,3.0362,0
run5,0,188,3.0795,0
run5,0,189,3.2039,0
run5,0,190,3.0089,0
run5,0,191,3.1128,0
run5,0,192,3.0142,0
run5,0,193,2.9973,0
run5,0,194,3.0398,0
run5,0,195,3.0499,0
run5,0,196,2.9322,0
run5,0,197,3.0238,0
run5,0,198,3.1567,0
run5,0,199,3.1496,0
run5,0,200,3.0021,0
run5,0,201,8.1781,0
run5,0,202,3.4897,0
run5,0,203,5.1883,0
run5,0,204,4.9811,0
run5,0,205,4.2362,0
run5,0,206,4.0582,0
run5,0,207,4.2454,0
run5,0,208,4.1076,0
run5,0,209,3.7867,0
run5,0,210,3.9889,0
run5,0,211,141.0309,15
run5,0,212,35.7611,0
run5,0,213,3.5251,0
run5,0,214,3.5361,0
run5,0,215,3.5687,0
run5,0,216,3.5142,0
run5,0,217,3.4801,0
run5,0,218,3.638,0
run5,0,219,3.6168,0
run5,0,220,3.5406,0
run5,0,221,3.4425,0
run5,0,222,3.3482,0
run5,0,223,3.5039,0
run5,0,224,3.5407,0
run5,0,225,3.4224,0
run5,0,226,3.4533,0
run5,0,227,139.2587,15
run5,0,228,30.4638,0
run5,0,229,133.4375,25
run5,0,230,130.787,25
run5,0,231,18.9169,0
run5,0,232,3.4392,0
run5,0,233,3.4528,0
run5,0,234,3.3938,0
run5,0,235,3.4682,0
run5,0,236,3.5414,0
run5,0,237,3.5161,0
run5,0,238,3.5619,0
run5,0,239,3.576,0
run5,0,240,130.5824,25
run5,0,241,30.832,0
run5,0,242,3.462,0
run5,0,243,3.5159,0
run5,0,244,3.505,0
run5,0,245,3.4034,0
run5,0,246,3.5724,0
run5,0,247,3.4297,0
run5,0,248,3.5918,0
run5,0,249,3.5793,0
run5,0,250,3.4625,0
run5,0,251,3.5599,0
run5,0,252,3.7891,0
run5,0,253,3.476,0
run5,0,254,3.5825,0
run5,0,255,3.4732,0
run5,0,256,3.6194,0
run5,0,257,3.752,0
run5,0,258,141.0554,15
run5,0,259,37.2908,0
run5,0,260,142.5553,15
run5,0,261,34.177,0
run5,0,262,3.9593,0
run5,0,263,4.046,0
run5,0,264,3.7054,0
run5,0,265,3.7516,0
run5,0,266,3.7656,0
run5,0,267,4.128,0
run5,0,268,4.0528,0
run5,0,269,3.9351,0
run5,0,270,139.232,15
run5,0,271,40.5685,0
run5,0,272,4.1174,0
run5,0,273,4.0324,0
run5,0,274,3.724,0
run5,0,275,3.7884,0
run5,0,276,3.9967,0
run5,0,277,4.1631,0
run5,0,278,138.9793,15
run5,0,279,25.0076,0
run5,0,280,4.07,0
run5,0,281,135.7563,20
run5,0,282,5.0819,0
run5,0,283,4.151,0
run5,0,284,3.8217,0
run5,0,285,4.1206,0
run5,0,286,4.1152,0
run5,0,287,4.347,0
run5,0,288,3.7557,0
run5,0,289,4.3746,0
run5,0,290,4.3169,0
run5,0,291,4.2643,0
run5,0,292,4.3005,0
run5,0,293,138.6083,15
run5,0,294,32.9267,0
run5,0,295,4.7733,0
run5,0,296,3.5109,0
run5,0,297,137.8061,15
run5,0,298,30.4489,0
run5,0,299,4.8125,0
run5,0,300,82.6696,5
run1,1,1,67.6464,0
run1,1,2,4.2472,0
run1,1,3,5.3244,0
run1,1,4,4.1537,0
run1,1,5,4.1759,0
run1,1,6,4.6008,0
run1,1,7,4.996,0
run1,1,8,4.4695,0
run1,1,9,4.1752,0
run1,1,10,4.823,0
run1,1,11,4.409,0
run1,1,12,4.3482,0
run1,1,13,5.4354,0
run1,1,14,137.3937,20
run1,1,15,128.8826,20
run1,1,16,14.4095,0
run1,1,17,4.5756,0
run1,1,18,4.1465,0
run1,1,19,5.9335,0
run1,1,20,4.4403,0
run1,1,21,4.6136,0
run1,1,22,5.4008,0
run1,1,23,4.4225,0
run1,1,24,137.2391,20
run1,1,25,11.457,0
run1,1,26,4.4402,0
run1,1,27,135.2186,20
run1,1,28,8.8114,0
run1,1,29,4.3529,0
run1,1,30,4.4833,0
run1,1,31,139.2781,15
run1,1,32,37.047,0
run1,1,33,5.6348,0
run1,1,34,5.1983,0
run1,1,35,4.9748,0
run1,1,36,5.6208,0
run1,1,37,4.7448,0
run1,1,38,139.063,10
run1,1,39,40.3817,0
run1,1,40,5.3092,0
run1,1,41,138.1227,20
run1,1,42,7.5845,0
run1,1,43,4.6971,0
run1,1,44,5.2712,0
run1,1,45,4.7334,0
run1,1,46,4.2796,0
run1,1,47,4.439,0
run1,1,48,5.1618,0
run1,1,49,5.0419,0
run1,1,50,4.5109,0
run1,1,51,5.5587,0
run1,1,52,80.3842,5
run1,1,53,7.3172,0
run1,1,54,5.5388,0
run1,1,55,137.4959,15
run1,1,56,25.0518,0
run1,1,57,131.3057,25
run1,1,58,18.3722,0
run1,1,59,4.7469,0
run1,1,60,5.71,0
run1,1,61,137.1515,15
run1,1,62,34.5843,0
run1,1,63,5.3698,0
run1,1,64,5.2996,0
run1,1,65,6.4332,0
run1,1,66,4.3503,0
run1,1,67,7.9368,0
run1,1,68,4.6472,0
run1,1,69,5.2039,0
run1,1,70,5.0128,0
run1,1,71,5.002,0
run1,1,72,5.1675,0
run1,1,73,137.795,20
run1,1,74,16.269,0
run1,1,75,5.059,0
run1,1,76,137.593,15
run1,1,77,128.147,20
run1,1,78,13.9984,0
run1,1,79,5.1901,0
run1,1,80,5.6311,0
run1,1,81,4.9878,0
run1,1,82,79.0743,5
run1,1,83,135.7668,10
run1,1,84,43.3516,0
run1,1,85,6.6697,0
run1,1,86,5.0001,0
run1,1,87,6.034,0
run1,1,88,6.5304,0
run1,1,89,5.184,0
run1,1,90,5.6576,0
run1,1,91,5.7004,0
run1,1,92,5.2172,0
run1,1,93,5.1586,0
run1,1,94,5.1224,0
run1,1,95,136.077,20
run1,1,96,31.9311,0
run1,1,97,5.6048,0
run1,1,98,136.5678,20
run1,1,99,7.19,0
run1,1,100,5.6006,0
run1,1,101,143.7702,10
run1,1,102,41.4182,0
run1,1,103,140.1053,10
run1,1,104,45.9985,0
run1,1,105,5.6532,0
run1,1,106,5.6027,0
run1,1,107,5.7413,0
run1,1,108,6.6075,0
run1,1,109,5.2988,0
run1,1,110,5.6193,0
run1,1,111,4.9453,0
run1,1,112,4.9106,0
run1,1,113,83.016,5
run1,1,114,18.5415,0
run1,1,115,4.9921,0
run1,1,116,5.3102,0
run1,1,117,5.4986,0
run1,1,118,5.3752,0
run1,1,119,5.1468,0
run1,1,120,133.7423,20
run1,1,121,6.3005,0
run1,1,122,5.6502,0
run1,1,123,5.2386,0
run1,1,124,4.8775,0
run1,1,125,5.1818,0
run1,1,126,5.5494,0
run1,1,127,136.7996,20
run1,1,128,19.0445,0
run1,1,129,5.5849,0
run1,1,130,5.1115,0
run1,1,131,5.2509,0
run1,1,132,5.1919,0
run1,1,133,5.1747,0
run1,1,134,5.016,0
run1,1,135,5.0567,0
run1,1,136,4.8913,0
run1,1,137,5.2834,0
run1,1,138,135.3995,20
run1,1,139,10.1775,0
run1,1,140,139.657,10
run1,1,141,42.8748,0
run1,1,142,5.841,0
run1,1,143,5.6483,0
run1,1,144,5.0773,0
run1,1,145,81.2614,5
run1,1,146,19.3516,0
run1,1,147,137.2898,15
run1,1,148,31.8548,0
run1,1,149,140.2592,10
run1,1,150,125.9051,15
run1,1,151,130.3439,15
run1,1,152,36.6927,0
run1,1,153,77.6878,5
run1,1,154,7.6781,0
run1,1,155,5.3689,0
run1,1,156,4.9294,0
run1,1,157,132.2114,25
run1,1,158,7.0084,0
run1,1,159,139.6787,10
run1,1,160,38.0733,0
run1,1,161,5.2493,0
run1,1,162,5.2985,0
run1,1,163,5.9291,0
run1,1,164,4.9417,0
run1,1,165,4.7587,0
run1,1,166,5.201,0
run1,1,167,4.8607,0
run1,1,168,5.199,0
run1,1,169,4.8406,0
run1,1,170,5.5952,0
run1,1,171,5.1734,0
run1,1,172,5.6691,0
run1,1,173,137.3996,10
run1,1,174,42.7414,0
run1,1,175,6.2644,0
run1,1,176,5.2609,0
run1,1,177,5.42,0
run1,1,178,4.9432,0
run1,1,179,5.8624,0
run1,1,180,5.4997,0
run1,1,181,131.4243,25
run1,1,182,127.027,10
run1,1,183,39.8019,0
run1,1,184,5.2521,0
run1,1,185,5.9233,0
run1,1,186,5.0048,0
run1,1,187,4.9417,0
run1,1,188,5.049,0
run1,1,189,4.8612,0
run1,1,190,4.6164,0
run1,1,191,5.6191,0
run1,1,192,4.7167,0
run1,1,193,5.4703,0
run1,1,194,6.08,0
run1,1,195,5.6085,0
run1,1,196,5.6013,0
run1,1,197,137.0727,15
run1,1,198,37.6728,0
run1,1,199,4.9171,0
run1,1,200,135.9715,25
run1,1,201,10.955,0
run1,1,202,5.3121,0
run1,1,203,4.8888,0
run1,1,204,5.4987,0
run1,1,205,5.2811,0
run1,1,206,138.1717,15
run1,1,207,29.566,0
run1,1,208,5.0411,0
run1,1,209,135.8158,20
run1,1,210,11.9023,0
run1,1,211,4.8756,0
run1,1,212,5.0349,0
run1,1,213,4.8144,0
run1,1,214,5.0304,0
run1,1,215,5.0865,0
run1,1,216,4.7505,0
run1,1,217,4.8274,0
run1,1,218,5.5316,0
run1,1,219,5.2701,0
run1,1,220,4.6476,0
run1,1,221,4.6896,0
run1,1,222,22.0272,0
run1,1,223,39.868,0
run1,1,224,3.1054,0
run1,1,225,141.7678,15
run1,1,226,26.5308,0
run1,1,227,3.4185,0
run1,1,228,3.253,0
run1,1,229,3.148,0
run1,1,230,3.1237,0
run1,1,231,3.0746,0
run1,1,232,3.083,0
run1,1,233,3.1413,0
run1,1,234,3.1592,0
run1,1,235,3.1901,0
run1,1,236,3.2558,0
run1,1,237,3.2336,0
run1,1,238,3.1136,0
run1,1,239,3.1129,0
run1,1,240,3.2342,0
run1,1,241,3.3035,0
run1,1,242,3.2573,0
run1,1,243,3.1673,0
run1,1,244,140.4957,10
run1,1,245,132.363,20
run1,1,246,11.1037,0
run1,1,247,3.2486,0
run1,1,248,3.1805,0
run1,1,249,3.2126,0
run1,1,250,3.0481,0
run1,1,251,3.1338,0
run1,1,252,3.2009,0
run1,1,253,3.2355,0
run1,1,254,135.5683,20
run1,1,255,7.5256,0
run1,1,256,3.1244,0
run1,1,257,138.7835,10
run1,1,258,129.7241,15
run1,1,259,35.6233,0
run1,1,260,3.2511,0
run1,1,261,3.1192,0
run1,1,262,139.4693,15
run1,1,263,32.924,0
run1,1,264,3.1266,0
run1,1,265,3.1749,0
run1,1,266,3.2408,0
run1,1,267,3.222,0
run1,1,268,3.245,0
run1,1,269,3.0916,0
run1,1,270,3.0337,0
run1,1,271,138.7817,15
run1,1,272,32.5674,0
run1,1,273,3.3126,0
run1,1,274,3.4886,0
run1,1,275,3.151,0
run1,1,276,3.1859,0
run1,1,277,3.3016,0
run1,1,278,138.1644,20
run1,1,279,10.1411,0
run1,1,280,3.2409,0
run1,1,281,141.7394,10
run1,1,282,40.7236,0
run1,1,283,3.3018,0
run1,1,284,3.2888,0
run1,1,285,3.1465,0
run1,1,286,3.2188,0
run1,1,287,3.3198,0
run1,1,288,3.298,0
run1,1,289,3.351,0
run1,1,290,3.2426,0
run1,1,291,3.2916,0
run1,1,292,138.7141,15
run1,1,293,86.3653,5
run1,1,294,16.2623,0
run1,1,295,134.7044,20
run1,1,296,6.495,0
run1,1,297,3.2539,0
run1,1,298,3.1103,0
run1,1,299,3.2984,0
run1,1,300,132.6134,25
run2,1,1,69.6052,0
run2,1,2,3.344,0
run2,1,3,3.3659,0
run2,1,4,3.1974,0
run2,1,5,3.3723,0
run2,1,6,137.931,15
run2,1,7,35.9033,0
run2,1,8,3.464,0
run2,1,9,139.8071,10
run2,1,10,40.3818,0
run2,1,11,3.5703,0
run2,1,12,136.8344,15
run2,1,13,36.4604,0
run2,1,14,3.4233,0
run2,1,15,3.3969,0
run2,1,16,3.4631,0
run2,1,17,3.3577,0
run2,1,18,3.2229,0
run2,1,19,3.2072,0
run2,1,20,3.3905,0
run2,1,21,3.2638,0
run2,1,22,3.2141,0
run2,1,23,3.4922,0
run2,1,24,3.5902,0
run2,1,25,3.444,0
run2,1,26,140.3237,15
run2,1,27,32.8729,0
run2,1,28,136.5402,20
run2,1,29,5.8767,0
run2,1,30,3.1518,0
run2,1,31,3.2085,0
run2,1,32,3.285,0
run2,1,33,3.1854,0
run2,1,34,3.0585,0
run2,1,35,3.1639,0
run2,1,36,3.2123,0
run2,1,37,3.2566,0
run2,1,38,3.2078,0
run2,1,39,3.2315,0
run2,1,40,3.1564,0
run2,1,41,3.1956,0
run2,1,42,3.2386,0
run2,1,43,3.2063,0
run2,1,44,3.1556,0
run2,1,45,3.2739,0
run2,1,46,137.212,10
run2,1,47,80.7712,5
run2,1,48,7.1455,0
run2,1,49,3.2676,0
run2,1,50,138.9249,10
run2,1,51,41.0779,0
run2,1,52,3.2328,0
run2,1,53,3.3198,0
run2,1,54,3.1828,0
run2,1,55,3.1868,0
run2,1,56,3.2146,0
run2,1,57,3.1822,0
run2,1,58,3.1142,0
run2,1,59,3.0488,0
run2,1,60,80.8561,5
run2,1,61,5.2414,0
run2,1,62,3.2601,0
run2,1,63,3.2003,0
run2,1,64,3.3316,0
run2,1,65,3.379,0
run2,1,66,3.5418,0
run2,1,67,3.4172,0
run2,1,68,3.4189,0
run2,1,69,3.6237,0
run2,1,70,139.4363,10
run2,1,71,34.9645,0
run2,1,72,3.4404,0
run2,1,73,3.6547,0
run2,1,74,3.4177,0
run2,1,75,3.376,0
run2,1,76,80.9672,5
run2,1,77,12.0889,0
run2,1,78,3.2162,0
run2,1,79,136.3287,15
run2,1,80,33.8572,0
run2,1,81,3.415,0
run2,1,82,3.2568,0
run2,1,83,3.2805,0
run2,1,84,135.9133,20
run2,1,85,4.8772,0
run2,1,86,3.2796,0
run2,1,87,3.2727,0
run2,1,88,3.1806,0
run2,1,89,3.3643,0
run2,1,90,3.3476,0
run2,1,91,3.3811,0
run2,1,92,3.3073,0
run2,1,93,3.465,0
run2,1,94,3.3365,0
run2,1,95,3.4491,0
run2,1,96,3.3691,0
run2,1,97,3.3137,0
run2,1,98,3.4324,0
run2,1,99,3.5041,0
run2,1,100,3.6017,0
run2,1,101,7.0166,0
run2,1,102,3.2716,0
run2,1,103,3.5137,0
run2,1,104,3.6257,0
run2,1,105,3.34,0
run2,1,106,3.2369,0
run2,1,107,136.7994,10
run2,1,108,39.4339,0
run2,1,109,3.1514,0
run2,1,110,3.3046,0
run2,1,111,3.2719,0
run2,1,112,3.1699,0
run2,1,113,3.1012,0
run2,1,114,3.2358,0
run2,1,115,3.4098,0
run2,1,116,3.3309,0
run2,1,117,3.2167,0
run2,1,118,3.2956,0
run2,1,119,138.8628,15
run2,1,120,36.5994,0
run2,1,121,3.4237,0
run2,1,122,3.326,0
run2,1,123,3.4012,0
run2,1,124,3.3764,0
run2,1,125,3.3919,0
run2,1,126,3.3422,0
run2,1,127,3.25,0
run2,1,128,3.3461,0
run2,1,129,3.4282,0
run2,1,130,3.4407,0
run2,1,131,3.2234,0
run2,1,132,3.4073,0
run2,1,133,3.4692,0
run2,1,134,3.2665,0
run2,1,135,3.2138,0
run2,1,136,3.3999,0
run2,1,137,3.2152,0
run2,1,138,3.2094,0
run2,1,139,3.3504,0
run2,1,140,3.2947,0
run2,1,141,3.2263,0
run2,1,142,3.1485,0
run2,1,143,3.2517,0
run2,1,144,3.2398,0
run2,1,145,3.1845,0
run2,1,146,3.157,0
run2,1,147,3.4518,0
run2,1,148,3.4381,0
run2,1,149,3.3243,0
run2,1,150,3.3307,0
run2,1,151,3.2756,0
run2,1,152,3.4601,0
run2,1,153,3.4111,0
run2,1,154,3.3749,0
run2,1,155,3.3755,0
run2,1,156,3.2543,0
run2,1,157,3.3649,0
run2,1,158,3.3277,0
run2,1,159,136.8002,10
run2,1,160,35.3069,0
run2,1,161,3.406,0
run2,1,162,3.4383,0
run2,1,163,136.896,25
run2,1,164,20.2144,0
run2,1,165,3.5017,0
run2,1,166,138.0014,20
run2,1,167,6.0153,0
run2,1,168,3.4803,0
run2,1,169,3.433,0
run2,1,170,3.2756,0
run2,1,171,3.249,0
run2,1,172,3.4835,0
run2,1,173,3.3745,0
run2,1,174,137.1021,10
run2,1,175,132.9337,20
run2,1,176,10.4767,0
run2,1,177,3.4592,0
run2,1,178,137.8786,15
run2,1,179,35.9214,0
run2,1,180,3.5653,0
run2,1,181,3.5596,0
run2,1,182,3.5212,0
run2,1,183,3.4453,0
run2,1,184,3.2764,0
run2,1,185,3.367,0
run2,1,186,16.0617,0
run2,1,187,3.8081,0
run2,1,188,3.7144,0
run2,1,189,3.7453,0
run2,1,190,4.4366,0
run2,1,191,4.7267,0
run2,1,192,4.1672,0
run2,1,193,4.0815,0
run2,1,194,4.2851,0
run2,1,195,4.2139,0
run2,1,196,4.2231,0
run2,1,197,3.8243,0
run2,1,198,3.8606,0
run2,1,199,3.9957,0
run2,1,200,3.6567,0
run2,1,201,8.3938,0
run2,1,202,3.6609,0
run2,1,203,138.387,10
run2,1,204,74.5212,5
run2,1,205,5.7626,0
run2,1,206,3.6059,0
run2,1,207,3.8854,0
run2,1,208,3.9134,0
run2,1,209,3.7842,0
run2,1,210,137.5231,10
run2,1,211,37.8339,0
run2,1,212,140.9964,15
run2,1,213,40.9241,0
run2,1,214,3.7917,0
run2,1,215,3.7913,0
run2,1,216,3.6776,0
run2,1,217,3.7137,0
run2,1,218,3.7362,0
run2,1,219,3.6836,0
run2,1,220,3.8143,0
run2,1,221,3.7292,0
run2,1,222,3.7326,0
run2,1,223,3.7736,0
run2,1,224,3.7552,0
run2,1,225,3.9316,0
run2,1,226,3.8836,0
run2,1,227,3.7629,0
run2,1,228,3.9309,0
run2,1,229,3.8411,0
run2,1,230,3.9136,0
run2,1,231,3.6766,0
run2,1,232,3.7856,0
run2,1,233,3.9201,0
run2,1,234,3.7574,0
run2,1,235,3.8049,0
run2,1,236,3.8536,0
run2,1,237,3.9047,0
run2,1,238,137.1845,20
run2,1,239,11.0827,0
run2,1,240,3.7484,0
run2,1,241,3.8752,0
run2,1,242,4.0507,0
run2,1,243,3.9423,0
run2,1,244,3.9402,0
run2,1,245,3.8303,0
run2,1,246,4.141,0
run2,1,247,4.0564,0
run2,1,248,136.1649,20
run2,1,249,9.6902,0
run2,1,250,4.2986,0
run2,1,251,4.0429,0
run2,1,252,139.254,20
run2,1,253,5.4887,0
run2,1,254,140.0455,10
run2,1,255,41.5518,0
run2,1,256,86.1995,5
run2,1,257,136.7891,20
run2,1,258,5.235,0
run2,1,259,4.1573,0
run2,1,260,4.1911,0
run2,1,261,4.1579,0
run2,1,262,4.005,0
run2,1,263,138.0854,20
run2,1,264,135.9759,25
run2,1,265,24.5289,0
run2,1,266,3.843,0
run2,1,267,4.2051,0
run2,1,268,3.7585,0
run2,1,269,138.2544,15
run2,1,270,130.0477,20
run2,1,271,6.3424,0
run2,1,272,4.5237,0
run2,1,273,138.0969,10
run2,1,274,40.8637,0
run2,1,275,4.0785,0
run2,1,276,4.4683,0
run2,1,277,4.1128,0
run2,1,278,4.2186,0
run2,1,279,4.4423,0
run2,1,280,4.1107,0
run2,1,281,4.386,0
run2,1,282,4.7759,0
run2,1,283,4.185,0
run2,1,284,4.0302,0
run2,1,285,4.4294,0
run2,1,286,138.6159,10
run2,1,287,34.7079,0
run2,1,288,4.4537,0
run2,1,289,4.2026,0
run2,1,290,4.3174,0
run2,1,291,4.0616,0
run2,1,292,4.3302,0
run2,1,293,4.4725,0
run2,1,294,4.031,0
run2,1,295,4.6625,0
run2,1,296,136.2558,10
run2,1,297,131.1963,20
run2,1,298,9.0082,0
run2,1,299,136.5946,25
run2,1,300,18.2991,0
run3,1,1,69.4504,0
run3,1,2,3.1864,0
run3,1,3,3.0998,0
run3,1,4,3.3093,0
run3,1,5,3.1814,0
run3,1,6,3.071,0
run3,1,7,3.1703,0
run3,1,8,3.3169,0
run3,1,9,140.5278,10
run3,1,10,37.578,0
run3,1,11,3.398,0
run3,1,12,3.4404,0
run3,1,13,3.3893,0
run3,1,14,3.3935,0
run3,1,15,3.3335,0
run3,1,16,3.2076,0
run3,1,17,3.3483,0
run3,1,18,138.1851,10
run3,1,19,37.1362,0
run3,1,20,3.4559,0
run3,1,21,3.5971,0
run3,1,22,3.6626,0
run3,1,23,3.6297,0
run3,1,24,3.4999,0
run3,1,25,3.4248,0
run3,1,26,3.5324,0
run3,1,27,3.6649,0
run3,1,28,3.452,0
run3,1,29,138.1612,15
run3,1,30,30.4014,0
run3,1,31,3.1816,0
run3,1,32,139.1591,10
run3,1,33,42.5954,0
run3,1,34,3.0309,0
run3,1,35,2.9604,0
run3,1,36,3.0393,0
run3,1,37,3.1697,0
run3,1,38,3.0959,0
run3,1,39,3.114,0
run3,1,40,3.1373,0
run3,1,41,3.3192,0
run3,1,42,3.2251,0
run3,1,43,3.1746,0
run3,1,44,136.1704,10
run3,1,45,36.3411,0
run3,1,46,3.2395,0
run3,1,47,3.409,0
run3,1,48,3.4115,0
run3,1,49,3.2072,0
run3,1,50,3.2656,0
run3,1,51,3.3054,0
run3,1,52,3.3426,0
run3,1,53,138.5282,15
run3,1,54,35.2549,0
run3,1,55,3.2637,0
run3,1,56,3.207,0
run3,1,57,3.3379,0
run3,1,58,3.1922,0
run3,1,59,85.7526,5
run3,1,60,21.6377,0
run3,1,61,3.2769,0
run3,1,62,3.1418,0
run3,1,63,3.0401,0
run3,1,64,3.0041,0
run3,1,65,3.1219,0
run3,1,66,140.0567,10
run3,1,67,41.346,0
run3,1,68,3.1923,0
run3,1,69,3.0387,0
run3,1,70,3.1377,0
run3,1,71,3.2231,0
run3,1,72,3.2626,0
run3,1,73,3.1579,0
run3,1,74,3.2989,0
run3,1,75,3.3916,0
run3,1,76,3.2236,0
run3,1,77,3.3512,0
run3,1,78,3.2786,0
run3,1,79,3.143,0
run3,1,80,3.1788,0
run3,1,81,3.2744,0
run3,1,82,3.2058,0
run3,1,83,137.9062,10
run3,1,84,128.7191,10
run3,1,85,44.0303,0
run3,1,86,138.389,10
run3,1,87,130.5141,15
run3,1,88,38.0101,0
run3,1,89,3.5244,0
run3,1,90,3.6475,0
run3,1,91,3.5124,0
run3,1,92,3.2465,0
run3,1,93,3.2134,0
run3,1,94,3.3833,0
run3,1,95,3.4639,0
run3,1,96,3.2751,0
run3,1,97,3.267,0
run3,1,98,3.1617,0
run3,1,99,3.0719,0
run3,1,100,3.176,0
run3,1,101,6.5278,0
run3,1,102,3.4191,0
run3,1,103,139.0026,15
run3,1,104,29.6124,0
run3,1,105,3.6523,0
run3,1,106,138.4858,10
run3,1,107,39.0099,0
run3,1,108,3.3672,0
run3,1,109,3.4534,0
run3,1,110,131.272,25
run3,1,111,16.3837,0
run3,1,112,3.2537,0
run3,1,113,3.1799,0
run3,1,114,3.2156,0
run3,1,115,3.0919,0
run3,1,116,3.3706,0
run3,1,117,3.4399,0
run3,1,118,3.4308,0
run3,1,119,3.2803,0
run3,1,120,3.4828,0
run3,1,121,3.4324,0
run3,1,122,3.362,0
run3,1,123,3.2202,0
run3,1,124,80.4128,5
run3,1,125,9.3682,0
run3,1,126,3.2652,0
run3,1,127,3.2348,0
run3,1,128,3.1771,0
run3,1,129,3.3064,0
run3,1,130,3.3472,0
run3,1,131,3.5185,0
run3,1,132,135.5909,20
run3,1,133,6.1687,0
run3,1,134,138.8895,15
run3,1,135,34.1488,0
run3,1,136,3.5479,0
run3,1,137,3.3769,0
run3,1,138,3.5972,0
run3,1,139,3.6072,0
run3,1,140,3.4273,0
run3,1,141,3.4921,0
run3,1,142,139.0323,10
run3,1,143,133.8692,20
run3,1,144,15.7117,0
run3,1,145,136.5686,20
run3,1,146,9.4036,0
run3,1,147,3.0782,0
run3,1,148,3.1168,0
run3,1,149,3.2792,0
run3,1,150,3.3732,0
run3,1,151,3.2738,0
run3,1,152,3.1381,0
run3,1,153,3.1658,0
run3,1,154,132.5038,25
run3,1,155,30.0061,0
run3,1,156,139.3478,15
run3,1,157,25.6679,0
run3,1,158,140.9142,10
run3,1,159,46.7985,0
run3,1,160,137.3493,15
run3,1,161,81.4915,5
run3,1,162,10.4296,0
run3,1,163,3.2934,0
run3,1,164,3.2572,0
run3,1,165,3.349,0
run3,1,166,3.1439,0
run3,1,167,3.2075,0
run3,1,168,134.3929,20
run3,1,169,129.9162,15
run3,1,170,34.1486,0
run3,1,171,3.3269,0
run3,1,172,3.274,0
run3,1,173,3.0651,0
run3,1,174,136.2055,15
run3,1,175,36.5643,0
run3,1,176,138.7492,10
run3,1,177,131.3194,15
run3,1,178,132.5619,20
run3,1,179,134.5793,15
run3,1,180,27.9006,0
run3,1,181,137.0271,15
run3,1,182,29.9951,0
run3,1,183,3.2944,0
run3,1,184,3.4161,0
run3,1,185,3.2352,0
run3,1,186,3.2997,0
run3,1,187,3.181,0
run3,1,188,3.2714,0
run3,1,189,138.498,10
run3,1,190,44.6568,0
run3,1,191,3.093,0
run3,1,192,137.9439,15
run3,1,193,38.3054,0
run3,1,194,3.1499,0
run3,1,195,3.0733,0
run3,1,196,2.9761,0
run3,1,197,3.0494,0
run3,1,198,3.2483,0
run3,1,199,3.1189,0
run3,1,200,3.0254,0
run3,1,201,6.5162,0
run3,1,202,3.1199,0
run3,1,203,3.1268,0
run3,1,204,3.2667,0
run3,1,205,136.8764,10
run3,1,206,27.1231,0
run3,1,207,3.0402,0
run3,1,208,3.1194,0
run3,1,209,3.144,0
run3,1,210,3.1162,0
run3,1,211,3.023,0
run3,1,212,3.1653,0
run3,1,213,3.1814,0
run3,1,214,3.1716,0
run3,1,215,3.2083,0
run3,1,216,136.5465,15
run3,1,217,30.7364,0
run3,1,218,3.0256,0
run3,1,219,3.0465,0
run3,1,220,137.5885,20
run3,1,221,23.3198,0
run3,1,222,3.1281,0
run3,1,223,3.0369,0
run3,1,224,2.9793,0
run3,1,225,2.9864,0
run3,1,226,3.1438,0
run3,1,227,3.0755,0
run3,1,228,3.2522,0
run3,1,229,3.1326,0
run3,1,230,129.9888,25
run3,1,231,15.786,0
run3,1,232,3.2111,0
run3,1,233,3.281,0
run3,1,234,3.2012,0
run3,1,235,3.0657,0
run3,1,236,3.2273,0
run3,1,237,81.7995,5
run3,1,238,81.07,5
run3,1,239,138.084,10
run3,1,240,37.9623,0
run3,1,241,3.1666,0
run3,1,242,3.2114,0
run3,1,243,3.1718,0
run3,1,244,3.1735,0
run3,1,245,3.3162,0
run3,1,246,3.22,0
run3,1,247,3.1626,0
run3,1,248,3.1623,0
run3,1,249,14.2699,0
run3,1,250,85.3187,0
run3,1,251,29.9903,0
run3,1,252,40.1027,0
run3,1,253,31.7999,0
run3,1,254,64.8999,0
run3,1,255,35.6909,0
run3,1,256,4.6762,0
run3,1,257,6.8999,0
run3,1,258,14.9204,0
run3,1,259,50.2644,0
run3,1,260,8.355,0
run3,1,261,22.5342,0
run3,1,262,40.8781,0
run3,1,263,13.8869,0
run3,1,264,10.724,0
run3,1,265,3.785,0
run3,1,266,87.619,5
run3,1,267,5.1468,0
run3,1,268,3.8847,0
run3,1,269,3.6719,0
run3,1,270,3.608,0
run3,1,271,3.6548,0
run3,1,272,3.6515,0
run3,1,273,140.3627,10
run3,1,274,43.9219,0
run3,1,275,28.8325,0
run3,1,276,3.8859,0
run3,1,277,3.9612,0
run3,1,278,3.9869,0
run3,1,279,3.7861,0
run3,1,280,4.0226,0
run3,1,281,3.7372,0
run3,1,282,3.6427,0
run3,1,283,135.775,15
run3,1,284,131.0268,10
run3,1,285,39.857,0
run3,1,286,3.6102,0
run3,1,287,3.5911,0
run3,1,288,3.5726,0
run3,1,289,3.5136,0
run3,1,290,3.5549,0
run3,1,291,3.6608,0
run3,1,292,3.5959,0
run3,1,293,3.5787,0
run3,1,294,137.4974,10
run3,1,295,39.0258,0
run3,1,296,3.646,0
run3,1,297,134.6521,20
run3,1,298,4.9204,0
run3,1,299,3.7042,0
run3,1,300,3.7066,0
run4,1,1,61.5634,0
run4,1,2,3.6862,0
run4,1,3,3.6996,0
run4,1,4,3.6463,0
run4,1,5,3.6847,0
run4,1,6,3.7027,0
run4,1,7,3.6803,0
run4,1,8,3.6507,0
run4,1,9,3.7942,0
run4,1,10,3.6927,0
run4,1,11,136.3911,10
run4,1,12,40.4341,0
run4,1,13,3.7219,0
run4,1,14,3.7531,0
run4,1,15,3.7605,0
run4,1,16,3.7224,0
run4,1,17,129.2151,20
run4,1,18,13.8503,0
run4,1,19,3.6934,0
run4,1,20,3.7263,0
run4,1,21,3.6964,0
run4,1,22,3.7025,0
run4,1,23,3.7045,0
run4,1,24,134.0084,15
run4,1,25,29.1465,0
run4,1,26,3.7386,0
run4,1,27,82.5619,5
run4,1,28,25.6215,0
run4,1,29,3.719,0
run4,1,30,81.0105,5
run4,1,31,15.2835,0
run4,1,32,138.0322,10
run4,1,33,39.9007,0
run4,1,34,3.6202,0
run4,1,35,3.6509,0
run4,1,36,3.6982,0
run4,1,37,3.7329,0
run4,1,38,3.6886,0
run4,1,39,3.7383,0
run4,1,40,3.713,0
run4,1,41,3.7782,0
run4,1,42,3.7992,0
run4,1,43,3.7823,0
run4,1,44,3.7019,0
run4,1,45,3.6883,0
run4,1,46,3.644,0
run4,1,47,3.6802,0
run4,1,48,3.7329,0
run4,1,49,138.1451,15
run4,1,50,127.7752,25
run4,1,51,27.4918,0
run4,1,52,3.6896,0
run4,1,53,3.7112,0
run4,1,54,3.6519,0
run4,1,55,3.8335,0
run4,1,56,3.7446,0
run4,1,57,3.7707,0
run4,1,58,3.6985,0
run4,1,59,3.7157,0
run4,1,60,3.6843,0
run4,1,61,3.973,0
run4,1,62,3.7769,0
run4,1,63,3.7047,0
run4,1,64,3.8083,0
run4,1,65,3.6959,0
run4,1,66,137.7418,10
run4,1,67,75.5423,5
run4,1,68,5.3739,0
run4,1,69,3.7126,0
run4,1,70,3.6395,0
run4,1,71,3.6909,0
run4,1,72,3.664,0
run4,1,73,3.6618,0
run4,1,74,3.6584,0
run4,1,75,132.1547,20
run4,1,76,10.8153,0
run4,1,77,3.6938,0
run4,1,78,139.3507,10
run4,1,79,42.1058,0
run4,1,80,3.6742,0
run4,1,81,128.3683,25
run4,1,82,125.1489,20
run4,1,83,15.1778,0
run4,1,84,3.6868,0
run4,1,85,3.6823,0
run4,1,86,137.1794,10
run4,1,87,125.2401,15
run4,1,88,126.233,20
run4,1,89,9.739,0
run4,1,90,3.7029,0
run4,1,91,138.2585,10
run4,1,92,44.9052,0
run4,1,93,3.6624,0
run4,1,94,3.6954,0
run4,1,95,130.8241,25
run4,1,96,4.9382,0
run4,1,97,138.1795,10
run4,1,98,31.203,0
run4,1,99,136.1869,10
run4,1,100,126.196,10
run4,1,101,135.7569,20
run4,1,102,4.416,0
run4,1,103,3.7502,0
run4,1,104,3.7113,0
run4,1,105,3.6661,0
run4,1,106,3.6366,0
run4,1,107,3.5608,0
run4,1,108,3.6694,0
run4,1,109,3.7044,0
run4,1,110,3.7082,0
run4,1,111,3.6911,0
run4,1,112,3.7261,0
run4,1,113,3.6546,0
run4,1,114,3.7528,0
run4,1,115,3.804,0
run4,1,116,130.6474,20
run4,1,117,43.5422,0
run4,1,118,31.8337,0
run4,1,119,3.3062,0
run4,1,120,3.0024,0
run4,1,121,2.9743,0
run4,1,122,2.9687,0
run4,1,123,2.9406,0
run4,1,124,135.0973,20
run4,1,125,8.8033,0
run4,1,126,7.5457,0
run4,1,127,3.0015,0
run4,1,128,3.0317,0
run4,1,129,3.0088,0
run4,1,130,3.0095,0
run4,1,131,139.0715,10
run4,1,132,40.6127,0
run4,1,133,79.0429,5
run4,1,134,6.516,0
run4,1,135,3.1889,0
run4,1,136,135.7039,10
run4,1,137,46.0626,0
run4,1,138,3.1592,0
run4,1,139,3.0725,0
run4,1,140,3.0759,0
run4,1,141,136.2195,15
run4,1,142,132.6418,10
run4,1,143,39.0204,0
run4,1,144,3.0121,0
run4,1,145,3.039,0
run4,1,146,3.0335,0
run4,1,147,2.9894,0
run4,1,148,3.036,0
run4,1,149,3.0897,0
run4,1,150,136.0441,10
run4,1,151,37.0886,0
run4,1,152,2.9852,0
run4,1,153,3.0451,0
run4,1,154,3.0303,0
run4,1,155,3.0537,0
run4,1,156,3.0029,0
run4,1,157,2.9488,0
run4,1,158,2.9727,0
run4,1,159,130.1071,20
run4,1,160,16.7373,0
run4,1,161,3.1186,0
run4,1,162,138.5177,10
run4,1,163,37.8664,0
run4,1,164,3.1313,0
run4,1,165,3.0627,0
run4,1,166,3.1009,0
run4,1,167,3.1358,0
run4,1,168,3.2004,0
run4,1,169,136.1489,15
run4,1,170,44.3409,0
run4,1,171,3.1463,0
run4,1,172,3.1276,0
run4,1,173,3.126,0
run4,1,174,3.0353,0
run4,1,175,3.0577,0
run4,1,176,3.0195,0
run4,1,177,2.9826,0
run4,1,178,2.935,0
run4,1,179,3.0143,0
run4,1,180,3.0365,0
run4,1,181,3.0183,0
run4,1,182,2.9999,0
run4,1,183,137.4837,10
run4,1,184,127.4131,20
run4,1,185,10.1662,0
run4,1,186,3.096,0
run4,1,187,3.0898,0
run4,1,188,3.2562,0
run4,1,189,3.1317,0
run4,1,190,3.0792,0
run4,1,191,3.1455,0
run4,1,192,3.2256,0
run4,1,193,3.1144,0
run4,1,194,3.138,0
run4,1,195,3.054,0
run4,1,196,3.0521,0
run4,1,197,3.1172,0
run4,1,198,3.1055,0
run4,1,199,3.023,0
run4,1,200,3.137,0
run4,1,201,6.543,0
run4,1,202,82.6604,5
run4,1,203,8.5006,0
run4,1,204,3.0608,0
run4,1,205,3.0873,0
run4,1,206,3.1019,0
run4,1,207,3.0492,0
run4,1,208,137.8792,10
run4,1,209,35.9401,0
run4,1,210,3.0502,0
run4,1,211,2.932,0
run4,1,212,3.0215,0
run4,1,213,2.9884,0
run4,1,214,135.8571,20
run4,1,215,20.6085,0
run4,1,216,136.4665,20
run4,1,217,16.7438,0
run4,1,218,3.0683,0
run4,1,219,3.0312,0
run4,1,220,3.0044,0
run4,1,221,2.9459,0
run4,1,222,2.942,0
run4,1,223,3.1129,0
run4,1,224,3.0362,0
run4,1,225,82.063,5
run4,1,226,6.3904,0
run4,1,227,3.0648,0
run4,1,228,3.0272,0
run4,1,229,2.9744,0
run4,1,230,136.8584,20
run4,1,231,130.7129,20
run4,1,232,7.7987,0
run4,1,233,3.1258,0
run4,1,234,132.2366,20
run4,1,235,22.3427,0
run4,1,236,3.0693,0
run4,1,237,3.1076,0
run4,1,238,3.1073,0
run4,1,239,135.9555,20
run4,1,240,14.5867,0
run4,1,241,3.024,0
run4,1,242,3.114,0
run4,1,243,3.0222,0
run4,1,244,2.9613,0
run4,1,245,139.2693,10
run4,1,246,40.5547,0
run4,1,247,2.9698,0
run4,1,248,3.0295,0
run4,1,249,3.069,0
run4,1,250,138.4397,10
run4,1,251,37.9322,0
run4,1,252,3.0171,0
run4,1,253,3.0178,0
run4,1,254,3.1379,0
run4,1,255,3.1828,0
run4,1,256,3.1167,0
run4,1,257,3.0846,0
run4,1,258,3.037,0
run4,1,259,3.1394,0
run4,1,260,3.0698,0
run4,1,261,3.0096,0
run4,1,262,3.0669,0
run4,1,263,3.1205,0
run4,1,264,3.1331,0
run4,1,265,3.0654,0
run4,1,266,3.0409,0
run4,1,267,2.9624,0
run4,1,268,3.0695,0
run4,1,269,3.0781,0
run4,1,270,3.0059,0
run4,1,271,3.038,0
run4,1,272,3.0519,0
run4,1,273,3.1098,0
run4,1,274,3.0949,0
run4,1,275,3.1081,0
run4,1,276,2.9665,0
run4,1,277,2.9883,0
run4,1,278,3.0196,0
run4,1,279,3.0644,0
run4,1,280,3.0973,0
run4,1,281,2.9672,0
run4,1,282,3.0535,0
run4,1,283,3.1222,0
run4,1,284,2.8958,0
run4,1,285,2.9687,0
run4,1,286,3.0579,0
run4,1,287,3.1285,0
run4,1,288,3.0024,0
run4,1,289,2.9957,0
run4,1,290,3.0683,0
run4,1,291,3.0727,0
run4,1,292,3.0559,0
run4,1,293,3.0099,0
run4,1,294,3.0565,0
run4,1,295,3.0064,0
run4,1,296,3.0421,0
run4,1,297,3.0524,0
run4,1,298,3.1305,0
run4,1,299,3.1311,0
run4,1,300,3.0164,0
run5,1,1,64.9443,0
run5,1,2,2.9857,0
run5,1,3,140.6117,10
run5,1,4,37.8343,0
run5,1,5,2.9393,0
run5,1,6,2.9393,0
run5,1,7,2.8946,0
run5,1,8,83.5011,5
run5,1,9,135.7278,10
run5,1,10,34.6313,0
run5,1,11,3.0341,0
run5,1,12,2.9044,0
run5,1,13,3.0182,0
run5,1,14,3.0229,0
run5,1,15,2.8227,0
run5,1,16,134.6432,20
run5,1,17,5.2355,0
run5,1,18,3.0275,0
run5,1,19,3.0526,0
run5,1,20,3.0327,0
run5,1,21,3.0252,0
run5,1,22,2.9935,0
run5,1,23,2.9417,0
run5,1,24,2.9911,0
run5,1,25,2.995,0
run5,1,26,3.0855,0
run5,1,27,2.9574,0
run5,1,28,2.9583,0
run5,1,29,85.2619,5
run5,1,30,4.6706,0
run5,1,31,3.0164,0
run5,1,32,3.0201,0
run5,1,33,3.0318,0
run5,1,34,3.0324,0
run5,1,35,2.9062,0
run5,1,36,2.9999,0
run5,1,37,3.0091,0
run5,1,38,3,0
run5,1,39,2.9679,0
run5,1,40,2.9239,0
run5,1,41,3.0159,0
run5,1,42,3.0446,0
run5,1,43,3.0405,0
run5,1,44,3.0526,0
run5,1,45,2.9918,0
run5,1,46,2.9702,0
run5,1,47,2.9632,0
run5,1,48,3.049,0
run5,1,49,138.0611,15
run5,1,50,130.0861,15
run5,1,51,35.7963,0
run5,1,52,138.2289,10
run5,1,53,40.0912,0
run5,1,54,3.1678,0
run5,1,55,2.9369,0
run5,1,56,2.8398,0
run5,1,57,2.984,0
run5,1,58,2.9687,0
run5,1,59,2.9347,0
run5,1,60,2.9917,0
run5,1,61,3.0788,0
run5,1,62,3.1194,0
run5,1,63,3.1554,0
run5,1,64,3.0143,0
run5,1,65,3.054,0
run5,1,66,3.0442,0
run5,1,67,2.9986,0
run5,1,68,3.031,0
run5,1,69,3.0353,0
run5,1,70,3.0052,0
run5,1,71,125.5567,25
run5,1,72,21.4228,0
run5,1,73,3.0695,0
run5,1,74,3.0267,0
run5,1,75,3.0389,0
run5,1,76,2.9594,0
run5,1,77,3.0709,0
run5,1,78,3.0894,0
run5,1,79,3.0142,0
run5,1,80,3.0197,0
run5,1,81,3.0678,0
run5,1,82,3.1987,0
run5,1,83,3.0788,0
run5,1,84,3.061,0
run5,1,85,139.7265,20
run5,1,86,11.5616,0
run5,1,87,3.0702,0
run5,1,88,138.695,15
run5,1,89,29.1989,0
run5,1,90,2.9321,0
run5,1,91,3.0664,0
run5,1,92,3.0738,0
run5,1,93,3.1323,0
run5,1,94,3.0604,0
run5,1,95,3.0894,0
run5,1,96,2.9583,0
run5,1,97,3.0885,0
run5,1,98,3.0716,0
run5,1,99,3.1253,0
run5,1,100,85.8768,5
run5,1,101,136.5927,25
run5,1,102,21.0554,0
run5,1,103,3.1205,0
run5,1,104,3.1216,0
run5,1,105,2.9779,0
run5,1,106,2.9772,0
run5,1,107,3.1239,0
run5,1,108,3.0537,0
run5,1,109,137.9893,20
run5,1,110,7.6368,0
run5,1,111,2.9357,0
run5,1,112,3.0817,0
run5,1,113,3.0168,0
run5,1,114,3.0742,0
run5,1,115,3.1099,0
run5,1,116,3.2416,0
run5,1,117,136.9096,20
run5,1,118,9.7405,0
run5,1,119,2.9899,0
run5,1,120,140.1349,10
run5,1,121,39.3588,0
run5,1,122,3.1273,0
run5,1,123,3.0744,0
run5,1,124,3.1765,0
run5,1,125,3.1237,0
run5,1,126,3.1304,0
run5,1,127,139.5195,10
run5,1,128,34.8146,0
run5,1,129,3.0119,0
run5,1,130,3.0463,0
run5,1,131,3.0309,0
run5,1,132,3.0609,0
run5,1,133,3.0842,0
run5,1,134,139.6124,10
run5,1,135,43.1533,0
run5,1,136,2.9266,0
run5,1,137,133.5909,20
run5,1,138,11.2913,0
run5,1,139,3.0907,0
run5,1,140,3.0238,0
run5,1,141,2.9573,0
run5,1,142,3.0039,0
run5,1,143,3.0137,0
run5,1,144,3.1507,0
run5,1,145,3.0622,0
run5,1,146,2.9374,0
run5,1,147,3.1007,0
run5,1,148,3.0762,0
run5,1,149,133.3691,25
run5,1,150,13.685,0
run5,1,151,3.086,0
run5,1,152,2.8743,0
run5,1,153,2.8389,0
run5,1,154,2.8909,0
run5,1,155,3.0657,0
run5,1,156,2.9392,0
run5,1,157,2.9872,0
run5,1,158,2.8545,0
run5,1,159,2.9139,0
run5,1,160,2.9482,0
run5,1,161,2.9333,0
run5,1,162,2.7691,0
run5,1,163,2.9012,0
run5,1,164,2.9762,0
run5,1,165,2.983,0
run5,1,166,3.0147,0
run5,1,167,2.9865,0
run5,1,168,138.5312,10
run5,1,169,40.0517,0
run5,1,170,2.9688,0
run5,1,171,2.9103,0
run5,1,172,2.8928,0
run5,1,173,2.8365,0
run5,1,174,2.8517,0
run5,1,175,2.8487,0
run5,1,176,2.9434,0
run5,1,177,3.011,0
run5,1,178,3.0131,0
run5,1,179,2.9129,0
run5,1,180,2.9167,0
run5,1,181,2.9324,0
run5,1,182,2.8962,0
run5,1,183,2.9713,0
run5,1,184,2.9215,0
run5,1,185,83.4918,5
run5,1,186,7.8006,0
run5,1,187,139.895,10
run5,1,188,36.0481,0
run5,1,189,3.1154,0
run5,1,190,3.1052,0
run5,1,191,3.0637,0
run5,1,192,134.85,20
run5,1,193,6.5318,0
run5,1,194,3.0085,0
run5,1,195,3.0331,0
run5,1,196,3.1072,0
run5,1,197,2.9327,0
run5,1,198,2.8193,0
run5,1,199,139.9889,10
run5,1,200,127.9776,25
run5,1,201,6.3522,0
run5,1,202,3.1237,0
run5,1,203,3.1008,0
run5,1,204,3.0102,0
run5,1,205,3.0811,0
run5,1,206,3.0638,0
run5,1,207,2.9785,0
run5,1,208,3.0272,0
run5,1,209,3.017,0
run5,1,210,3.0181,0
run5,1,211,2.9383,0
run5,1,212,3.0044,0
run5,1,213,133.9135,20
run5,1,214,11.8052,0
run5,1,215,2.9962,0
run5,1,216,3.0761,0
run5,1,217,2.9145,0
run5,1,218,2.8828,0
run5,1,219,2.8702,0
run5,1,220,137.1781,20
run5,1,221,84.4554,5
run5,1,222,7.4015,0
run5,1,223,2.903,0
run5,1,224,2.8917,0
run5,1,225,2.938,0
run5,1,226,2.9414,0
run5,1,227,140.0955,10
run5,1,228,40.9729,0
run5,1,229,2.9919,0
run5,1,230,2.9036,0
run5,1,231,3.0019,0
run5,1,232,2.9721,0
run5,1,233,2.9492,0
run5,1,234,2.9964,0
run5,1,235,3.0304,0
run5,1,236,3.075,0
run5,1,237,3.1179,0
run5,1,238,3.0954,0
run5,1,239,3.1645,0
run5,1,240,3.0941,0
run5,1,241,3.1498,0
run5,1,242,3.2295,0
run5,1,243,3.1605,0
run5,1,244,135.1448,20
run5,1,245,14.2938,0
run5,1,246,3.0702,0
run5,1,247,138.1413,15
run5,1,248,29.7734,0
run5,1,249,2.9693,0
run5,1,250,3.0625,0
run5,1,251,3.059,0
run5,1,252,2.9395,0
run5,1,253,2.9577,0
run5,1,254,2.9385,0
run5,1,255,3.0047,0
run5,1,256,3.0389,0
run5,1,257,2.9942,0
run5,1,258,2.9455,0
run5,1,259,2.9702,0
run5,1,260,3.075,0
run5,1,261,2.9996,0
run5,1,262,3.0767,0
run5,1,263,2.9556,0
run5,1,264,2.9969,0
run5,1,265,3.1427,0
run5,1,266,3.1651,0
run5,1,267,3.0758,0
run5,1,268,3.0165,0
run5,1,269,2.9753,0
run5,1,270,3.0216,0
run5,1,271,130.2658,25
run5,1,272,19.7359,0
run5,1,273,3.0403,0
run5,1,274,3.1909,0
run5,1,275,3.1185,0
run5,1,276,3.1135,0
run5,1,277,3.1257,0
run5,1,278,3.1373,0
run5,1,279,137.1163,20
run5,1,280,127.3092,25
run5,1,281,15.0651,0
run5,1,282,3.074,0
run5,1,283,3.0278,0
run5,1,284,3.017,0
run5,1,285,3.1365,0
run5,1,286,3.1076,0
run5,1,287,3.0431,0
run5,1,288,2.9686,0
run5,1,289,2.9269,0
run5,1,290,2.8911,0
run5,1,291,2.9683,0
run5,1,292,3.0452,0
run5,1,293,2.9896,0
run5,1,294,3.0388,0
run5,1,295,2.9886,0
run5,1,296,3.0837,0
run5,1,297,138.2576,15
run5,1,298,135.1608,15
run5,1,299,33.5729,0
run5,1,300,135.402,20
