run1,0,1,160.4108,5.934
run1,0,2,149.6909,8.8519
run1,0,3,155.6248,9.9341
run1,0,4,147.1773,8.8717
run1,0,5,163.7347,11.023
run1,0,6,160.3777,12.8333
run1,0,7,158.3841,10.4807
run1,0,8,83.4345,-0.68786
run1,0,9,148.1309,8.7766
run1,0,10,154.047,9.8
run1,0,11,153.8788,16.4792
run1,0,12,156.9656,9.8994
run1,0,13,147.3693,9.3864
run1,0,14,142.175,7.6542
run1,0,15,100.9501,3.6265
run1,0,16,97.8769,3.1692
run1,0,17,135.5874,6.5858
run1,0,18,146.7074,7.7368
run1,0,19,142.1065,7.3743
run1,0,20,80.5739,2.3846
run1,0,21,89.656,2.4971
run1,0,22,111.1627,-3.678
run1,0,23,147.8659,8.5556
run1,0,24,122.7861,4.7419
run1,0,25,150.9945,8.3725
run1,0,26,126.7006,5.2051
run1,0,27,148.435,8.3861
run1,0,28,110.3997,3.7059
run1,0,29,159.8908,10.6082
run1,0,30,155.5946,12.2
run1,0,31,122.1599,5.0374
run1,0,32,125.8552,5.4091
run1,0,33,107.3845,3.7593
run1,0,34,120.9454,4.766
run1,0,35,53.773,-1.4848
run1,0,36,160.9242,12.1579
run1,0,37,101.6522,3.5574
run1,0,38,162.1537,11.8837
run1,0,39,89.2628,2.7831
run1,0,40,122.7437,4.4611
run1,0,41,156.6619,9.3864
run1,0,42,157.3137,14.6879
run1,0,43,76.1738,2.0505
run1,0,44,147.5729,8.9126
run1,0,45,152.5913,20.3526
run1,0,46,141.0645,7.3825
run1,0,47,98.8984,3.6346
run1,0,48,138.2136,7
run1,0,49,145.3031,7.6931
run1,0,50,132.317,5.7117
run1,0,51,158.7105,10.9773
run1,0,52,134.8937,6.6133
run1,0,53,145.5713,8.6908
run1,0,54,87.3005,3.0513
run1,0,55,161.0466,10.5354
run1,0,56,118.0551,4.8351
run1,0,57,127.622,5.4615
run1,0,58,118.8066,4.8125
run1,0,59,139.5912,7
run1,0,60,123.5257,5.1081
run1,0,61,148.9976,8.3592
run1,0,62,159.1182,11.4
run1,0,63,145.2901,8.7766
run1,0,64,140.9799,7.3553
run1,0,65,162.0289,10.7634
run1,0,66,156.6065,9.7374
run1,0,67,149.2066,9.3077
run1,0,68,135.6826,7
run1,0,69,148.6539,8.0345
run1,0,70,150.4202,8.0881
run1,0,71,161.6754,11.7573
run1,0,72,83.0229,1.9485
run1,0,73,132.981,6.2708
run1,0,74,138.7638,7
run1,0,75,153.5379,17.201
run1,0,76,145.8749,8.9553
run1,0,77,157.485,9.8
run1,0,78,154.6479,15.5366
run1,0,79,148.4041,9.0231
run1,0,80,76.6968,2.6459
run1,0,81,160.1953,14.2678
run1,0,82,143.2631,7.7447
run1,0,83,157.0686,13.1538
run1,0,84,156.5456,10.8043
run1,0,85,66.3221,1.9724
run1,0,86,149.6075,9.2105
run1,0,87,127.0061,6.2391
run1,0,88,158.8218,11.9
run1,0,89,144.3924,8.5385
run1,0,90,136.1563,7
run1,0,91,162.0074,10.2642
run1,0,92,132.6293,6.2553
run1,0,93,161.4106,13.0406
run1,0,94,65.1763,1.717
run1,0,95,142.9889,7.3911
run1,0,96,158.2243,13.2963
run1,0,97,137.8676,7.7368
run1,0,98,158.5303,12.8947
run1,0,99,158.5771,10.5
run1,0,100,119.0737,5.1865
run1,0,101,164.2231,10.1818
run1,0,102,157.4875,9.6486
run1,0,103,82.5638,2.4348
run1,0,104,52.5122,1.1667
run1,0,105,155.9537,15.9362
run1,0,106,123.9206,5.5567
run1,0,107,72.2791,2.3333
run1,0,108,155.7925,14.6303
run1,0,109,119.1463,4.5622
run1,0,110,118.3852,3.9892
run1,0,111,34.6975,-1.3696
run1,0,112,160.8504,12.5828
run1,0,113,120.3652,4.3514
run1,0,114,157.99,13.1538
run1,0,115,155.819,13.3636
run1,0,116,158.2388,12.6757
run1,0,117,71.4441,-1.9944
run1,0,118,123.3887,5.5106
run1,0,119,60.4041,2.0704
run1,0,120,146.2122,8.8135
run1,0,121,159.1513,11.4681
run1,0,122,150.6437,13.1658
run1,0,123,157.363,13.2222
run1,0,124,134.2584,7.3518
run1,0,125,113.8099,4.1134
run1,0,126,152.3272,9.2791
run1,0,127,142.3178,8.4
run1,0,128,156.6928,13.2963
run1,0,129,156.9653,10.7725
run1,0,130,157.3246,10.0732
run1,0,131,155.055,13.6038
run1,0,132,151.1652,9.5128
run1,0,133,119.8182,5.3908
run1,0,134,157.4526,11.3017
run1,0,135,156.1034,11.5274
run1,0,136,154.5035,9.6776
run1,0,137,134.7246,7.3553
run1,0,138,136.4338,7
run1,0,139,159.1992,11.2077
run1,0,140,109.0671,3.9892
run1,0,141,153.5612,13.4286
run1,0,142,143.0261,9
run1,0,143,155.3322,12.9322
run1,0,144,155.3155,12.3261
run1,0,145,113.8225,4.7895
run1,0,146,154.0045,15.2564
run1,0,147,155.5363,9.6776
run1,0,148,118.3932,5.5106
run1,0,149,153.5199,12.9574
run1,0,150,156.4934,11.8276
run1,0,151,143.7876,7.6863
run1,0,152,156.8369,10.7198
run1,0,153,147.2403,17
run1,0,154,151.2815,13.129
run1,0,155,138.7259,7.7527
run1,0,156,111.3403,4.8788
run1,0,157,150.3669,16.6407
run1,0,158,148.2186,9.0792
run1,0,159,142.5257,8.1602
run1,0,160,155.1348,11.8276
run1,0,161,151.4745,14
run1,0,162,135.9583,7.3448
run1,0,163,159.526,9.9341
run1,0,164,147.8417,14.5385
run1,0,165,141.9701,8.8135
run1,0,166,142.456,8.4
run1,0,167,124.0039,5.4444
run1,0,168,155.0192,13.2304
run1,0,169,151.2216,9.6203
run1,0,170,156.421,12.1579
run1,0,171,152.075,12.4974
run1,0,172,153.8083,11.2326
run1,0,173,140.7929,8.7949
run1,0,174,97.497,3.802
run1,0,175,151.2031,16.0099
run1,0,176,131.5754,7
run1,0,177,156.1002,11.4545
run1,0,178,107.4179,3.8657
run1,0,179,143.165,18.1702
run1,0,180,104.0922,3.8182
run1,0,181,155.569,11.4211
run1,0,182,150.2966,12.6522
run1,0,183,146.9709,15.1053
run1,0,184,139.3058,7.3743
run1,0,185,152.9272,11.0698
run1,0,186,141.6876,8.4141
run1,0,187,144.0765,8.123
run1,0,188,132.3898,6.6552
run1,0,189,142.4018,8.123
run1,0,190,153.5881,11.0777
run1,0,191,155.8724,9.6203
run1,0,192,137.1674,8.6432
run1,0,193,124.3131,5.9655
run1,0,194,136.9172,7.3743
run1,0,195,150.8017,13.5746
run1,0,196,104.5598,4.8125
run1,0,197,148.5296,15.7027
run1,0,198,121.9853,5.5263
run1,0,199,153.4106,11.5274
run1,0,200,142.0137,8.6908
run1,0,201,161.3033,14.3481
run1,0,202,152.9962,12.4404
run1,0,203,141.5784,8.875
run1,0,204,141.598,8.8717
run1,0,205,154.3683,11.4828
run1,0,206,147.9617,11.2077
run1,0,207,145.4628,16.3103
run1,0,208,145.3023,17.1031
run1,0,209,107.201,5.3412
run1,0,210,54.7539,2.0505
run1,0,211,112.6859,5.2759
run1,0,212,75.3664,3.2802
run1,0,213,140.9805,7.7955
run1,0,214,155.6523,10.0435
run1,0,215,151.3825,10.6416
run1,0,216,153.7373,10.3981
run1,0,217,144.1505,17
run1,0,218,109.3642,5.4946
run1,0,219,139.3643,8.1732
run1,0,220,110.9629,4.6098
run1,0,221,129.339,5.9552
run1,0,222,118.9836,5.6538
run1,0,223,123.1034,6.6175
run1,0,224,154.2495,11.4211
run1,0,225,151.8348,10.2984
run1,0,226,148.5891,16.0741
run1,0,227,151.836,12.2
run1,0,228,151.4736,11.0314
run1,0,229,146.9767,11.7191
run1,0,230,110.3415,5.1283
run1,0,231,155.7609,10.8693
run1,0,232,131.4445,7
run1,0,233,136.0005,7.3955
run1,0,234,140.6348,8.5909
run1,0,235,111.4631,5.1675
run1,0,236,156.6968,10.7278
run1,0,237,137.2296,7.7071
run1,0,238,26.6457,-0.69634
run1,0,239,122.7157,6.2222
run1,0,240,154.0991,11.1176
run1,0,241,141.684,8.1602
run1,0,242,150.3033,13.5625
run1,0,243,150.7358,9.6486
run1,0,244,153.3404,10.6842
run1,0,245,37.6376,0.97849
run1,0,246,82.3642,3.1307
run1,0,247,149.2114,13.2963
run1,0,248,133.204,7.4828
run1,0,249,121.8089,5.9447
run1,0,250,121.5495,6.2857
run1,0,251,150.7906,13.2304
run1,0,252,153.3728,10.1818
run1,0,253,138.5996,8.0881
run1,0,254,145.013,8.0048
run1,0,255,153.6609,9.5
run1,0,256,151.8943,15.1116
run1,0,257,124.8108,6.3204
run1,0,258,152.7186,11
run1,0,259,140.6729,8.7766
run1,0,260,157.081,10.0435
run1,0,261,111.8801,5.2587
run1,0,262,134.3288,7.3256
run1,0,263,148.0813,13.3636
run1,0,264,55.0604,2.5319
run1,0,265,60.0229,2.6497
run1,0,266,151.5804,9.7723
run1,0,267,123.855,7
run1,0,268,148.8316,14.9545
run1,0,269,138.8241,8.6092
run1,0,270,151.989,12.8333
run1,0,271,151.8407,12.6
run1,0,272,150.8389,9.4873
run1,0,273,154.9441,12.2128
run1,0,274,128.5774,7
run1,0,275,99.7809,4.1134
run1,0,276,152.0834,11.8663
run1,0,277,153.6759,11.0741
run1,0,278,148.833,13.8786
run1,0,279,152.0928,9.8
run1,0,280,150.5147,11.1176
run1,0,281,146.7131,11.0314
run1,0,282,138.8317,8.8919
run1,0,283,146.9365,9.3333
run1,0,284,153.8407,10.9896
run1,0,285,151.8614,10.369
run1,0,286,148.7936,13.8786
run1,0,287,138.5982,9.1
run1,0,288,149.6188,12.7732
run1,0,289,115.8773,6.3204
run1,0,290,91.8579,3.802
run1,0,291,138.7507,8.3333
run1,0,292,142.1237,8.0995
run1,0,293,51.7656,1.6154
run1,0,294,99.964,3.9892
run1,0,295,140.49,8.6092
run1,0,296,149.0015,12.2688
run1,0,297,49.4065,1.7399
run1,0,298,138.1498,7.7071
run1,0,299,129.4189,7
run1,0,300,139.5738,8.573
run2,0,1,140.5864,6.6175
run2,0,2,141.6839,8.8717
run2,0,3,157.1958,11.1176
run2,0,4,134.2568,7.7071
run2,0,5,153.0934,11.9495
run2,0,6,111.8278,4.1676
run2,0,7,124.3954,5.7861
run2,0,8,111.4378,4.7895
run2,0,9,129.9358,6.6373
run2,0,10,100.0019,3.631
run2,0,11,152.7144,16.8
run2,0,12,143.1578,8.8717
run2,0,13,137.11,7.3867
run2,0,14,129.3942,7
run2,0,15,73.6134,2.9302
run2,0,16,98.897,3.6667
run2,0,17,141.5731,8.1602
run2,0,18,53.298,0.97849
run2,0,19,159.1059,10.2558
run2,0,20,147.899,14.4468
run2,0,21,84.4658,3.4407
run2,0,22,125.4409,6.125
run2,0,23,124.5653,5.9005
run2,0,24,140.1039,7.9953
run2,0,25,142.6569,7.6931
run2,0,26,127.2807,6.2708
run2,0,27,157.1642,12.3216
run2,0,28,89.1251,3.4804
run2,0,29,138.1499,7.3911
run2,0,30,157.95,10.0108
run2,0,31,111.2341,5.1481
run2,0,32,100.1752,3.7358
run2,0,33,129.1016,6.6089
run2,0,34,157.8814,10.1818
run2,0,35,126.7715,6.2784
run2,0,36,156.5159,12.8333
run2,0,37,103.3993,4.4346
run2,0,38,157.8532,10.7234
run2,0,39,97.2442,3.5946
run2,0,40,156.3526,15.0208
run2,0,41,110.7648,4.6404
run2,0,42,118.8848,5.1481
run2,0,43,144.3111,8.1602
run2,0,44,156.2102,11.5274
run2,0,45,54.647,-0.86517
run2,0,46,155.4259,9.8
run2,0,47,138.1368,8.4583
run2,0,48,134.3034,7
run2,0,49,157.4482,10.4426
run2,0,50,139.3238,8.4286
run2,0,51,134.1031,7
run2,0,52,150.5819,9.2826
run2,0,53,89.9606,3.1692
run2,0,54,133.5504,7
run2,0,55,153.8165,15.5714
run2,0,56,144.287,8.123
run2,0,57,144.0191,7.6667
run2,0,58,156.4209,10.2642
run2,0,59,150.4214,9.5926
run2,0,60,152.7537,11.0777
run2,0,61,142.0633,7.7527
run2,0,62,154.8923,12.0276
run2,0,63,147.1324,11.1622
run2,0,64,142.0322,8.6279
run2,0,65,125.4217,6.2473
run2,0,66,127.0786,6.0411
run2,0,67,68.4842,2.5319
run2,0,68,156.6237,10.2308
run2,0,69,135.7357,7.3627
run2,0,70,128.4742,6.1954
run2,0,71,154.4935,12.8049
run2,0,72,147.6066,14.7778
run2,0,73,153.8178,9.3671
run2,0,74,141.2193,8.9444
run2,0,75,111.768,4.7174
run2,0,76,140.785,7.359
run2,0,77,17.9587,-0.77778
run2,0,78,154.6343,11.1176
run2,0,79,57.02,1.7872
run2,0,80,145.0728,7.7216
run2,0,81,151.4255,12.9322
run2,0,82,112.2017,5.0663
run2,0,83,61.4098,2.0811
run2,0,84,156.1842,10.4653
run2,0,85,113.3479,5.1865
run2,0,86,158.5759,10.4807
run2,0,87,137.8944,8.0769
run2,0,88,113.924,5.2234
run2,0,89,158.9617,10.3333
run2,0,90,118.0702,5.3871
run2,0,91,152.2916,13.1538
run2,0,92,155.6683,9.9474
run2,0,93,123.8383,6.2632
run2,0,94,155.5227,10.1111
run2,0,95,149.3839,9.6203
run2,0,96,128.4501,7
run2,0,97,126.3744,6.1566
run2,0,98,102.3307,3.8889
run2,0,99,141.2654,8.5909
run2,0,100,143.6489,8.8919
run2,0,101,161.1783,13.1026
run2,0,102,156.5803,10.1343
run2,0,103,135.3846,7.625
run2,0,104,156.3294,10.1343
run2,0,105,140.9896,8.1111
run2,0,106,154.902,11.0314
run2,0,107,128.6619,7
run2,0,108,151.9161,14.6829
run2,0,109,142.0303,19.043
run2,0,110,106.9982,4.9808
run2,0,111,151.9594,14.0787
run2,0,112,150.4591,11.4681
run2,0,113,105.3645,4.2626
run2,0,114,129.633,6.6889
run2,0,115,112.072,5.1865
run2,0,116,155.5443,13.2963
run2,0,117,155.2579,10.211
run2,0,118,131.8372,7.3518
run2,0,119,151.2872,13.4948
run2,0,120,133.5169,7.7778
run2,0,121,141.1752,18.6667
run2,0,122,149.4157,11.7191
run2,0,123,152.949,9.8866
run2,0,124,147.4159,19.5843
run2,0,125,154.2667,10.4653
run2,0,126,139.0543,8.1864
run2,0,127,143.954,7.7447
run2,0,128,152.7712,9.6776
run2,0,129,153.4802,16.2
run2,0,130,122.2196,6.2391
run2,0,131,141.5119,8.123
run2,0,132,133.9815,7
run2,0,133,153.329,12.4369
run2,0,134,143.4239,18.6114
run2,0,135,135.0047,7.359
run2,0,136,153.7596,10.8889
run2,0,137,126.7317,6.6447
run2,0,138,149.9237,13.087
run2,0,139,157.9554,9.9474
run2,0,140,144.1138,18.6667
run2,0,141,151.9891,9.8655
run2,0,142,92.4223,3.5946
run2,0,143,152.9422,11.0741
run2,0,144,149.522,11.3299
run2,0,145,126.5989,6.6447
run2,0,146,152.846,14.1591
run2,0,147,151.7951,11.9727
run2,0,148,142.403,8.7949
run2,0,149,154.6023,12.3261
run2,0,150,124.0996,6.5858
run2,0,151,152.2929,13.1658
run2,0,152,153.5673,11.4828
run2,0,153,56.5571,1.0796
run2,0,154,114.4817,5.2051
run2,0,155,144.6958,8.9337
run2,0,156,154.1737,13.4251
run2,0,157,134.8419,8.5385
run2,0,158,112.0146,4.3514
run2,0,159,154.0653,11.9495
run2,0,160,145.3662,9.0192
run2,0,161,150.8437,13.1026
run2,0,162,136.6733,8.4894
run2,0,163,151.0018,9.4138
run2,0,164,126.1494,7
run2,0,165,153.2544,11.3961
run2,0,166,145.6398,13.7513
run2,0,167,156.2533,10.1818
run2,0,168,152.3729,12.6566
run2,0,169,147.7188,14.9459
run2,0,170,149.009,10.0435
run2,0,171,153.0633,10.0435
run2,0,172,114.2679,5.4615
run2,0,173,153.361,10.7725
run2,0,174,124.8063,5.9756
run2,0,175,138.7885,8.7241
run2,0,176,146.3373,17.1031
run2,0,177,137.555,8.1475
run2,0,178,150.1003,12.7732
run2,0,179,135.9734,7.6731
run2,0,180,140.7312,8.2613
run2,0,181,153.8553,10.9896
run2,0,182,143.2601,16.8953
run2,0,183,118.0546,6.6482
run2,0,184,139.3002,8.7949
run2,0,185,106.4883,4.4074
run2,0,186,132.1431,7
run2,0,187,147.688,15.5714
run2,0,188,149.641,10.9487
run2,0,189,139.3348,8.3725
run2,0,190,124.3803,6.2784
run2,0,191,151.3885,11.5729
run2,0,192,144.8095,13.4324
run2,0,193,146.0587,13.3033
run2,0,194,148.1525,9.5926
run2,0,195,131.9955,8.4737
run2,0,196,151.8857,10.9326
run2,0,197,62.0065,2.1852
run2,0,198,150.0584,13.8
run2,0,199,126.2068,6.6373
run2,0,200,150.7332,11.3299
run2,0,201,159.9303,11.2
run2,0,202,150.0646,11.5274
run2,0,203,144.7577,11.1176
run2,0,204,133.0105,7.3665
run2,0,205,147.848,9.2826
run2,0,206,152.0292,12.0838
run2,0,207,152.2237,9.7451
run2,0,208,134.2512,7.4242
run2,0,209,149.3585,14.6166
run2,0,210,140.139,15.7027
run2,0,211,148.5051,12.9204
run2,0,212,110.3167,5.1865
run2,0,213,155.8231,10.2184
run2,0,214,151.6,10.4568
run2,0,215,126.649,7
run2,0,216,152.537,13.8786
run2,0,217,136.4192,8.1475
run2,0,218,126.2745,6.1667
run2,0,219,151.0918,12.9799
run2,0,220,150.2173,9.5654
run2,0,221,136.6783,8.7073
run2,0,222,150.6179,12.9756
run2,0,223,101.1377,4.4346
run2,0,224,154.6542,10.6458
run2,0,225,122.1562,6.6482
run2,0,226,151.5111,11.1176
run2,0,227,146.1386,16.6809
run2,0,228,136.0798,7.7
run2,0,229,147.4974,15.01
run2,0,230,145.0291,13.5746
run2,0,231,135.1147,8.4
run2,0,232,148.629,16.2308
run2,0,233,122.7415,6.6296
run2,0,234,145.8504,16.8
run2,0,235,148.1053,15.046
run2,0,236,147.902,10.6842
run2,0,237,143.6136,15.1726
run2,0,238,150.6467,12.4444
run2,0,239,121.8748,6.6774
run2,0,240,150.9627,12.4444
run2,0,241,138.2047,8.1351
run2,0,242,154.7087,10.4653
run2,0,243,146.6367,11.375
run2,0,244,146.5866,12.4974
run2,0,245,143.2398,8.0345
run2,0,246,153.1768,11.537
run2,0,247,136.3951,7.9767
run2,0,248,147.4586,9.1875
run2,0,249,119.5961,5.9119
run2,0,250,132.2164,7.4192
run2,0,251,133.2723,7.3415
run2,0,252,151.0462,12.6757
run2,0,253,148.9151,9.4378
run2,0,254,151.1887,13.9634
run2,0,255,126.5399,7
run2,0,256,153.5365,12.2128
run2,0,257,141.8083,15.1215
run2,0,258,147.0946,10.0769
run2,0,259,149.312,13.9231
run2,0,260,154.1768,12.7377
run2,0,261,152.1893,9.7184
run2,0,262,147.4001,16.7927
run2,0,263,117.9866,6.3204
run2,0,264,151.3105,11.4828
run2,0,265,149.7907,11.9045
run2,0,266,148.7513,10.865
run2,0,267,153.0657,10.6458
run2,0,268,99.5421,3.8889
run2,0,269,139.3865,7.7692
run2,0,270,108.7072,4.5581
run2,0,271,141.3653,7.7143
run2,0,272,150.4502,13.0577
run2,0,273,142.5839,18.7895
run2,0,274,145.6712,12.1852
run2,0,275,149.8128,11.2424
run2,0,276,144.2587,15.0208
run2,0,277,144.6629,11.3299
run2,0,278,147.9967,9.5455
run2,0,279,151.4601,12.4974
run2,0,280,143.6008,8.8919
run2,0,281,155.1615,9.8
run2,0,282,129.7583,7
run2,0,283,131.7553,7.3448
run2,0,284,152.758,12.1579
run2,0,285,110.4489,4.2928
run2,0,286,72.8097,2.3807
run2,0,287,149.7812,14.1963
run2,0,288,140.8919,14.3869
run2,0,289,27.46,0.78698
run2,0,290,137.5526,7.3553
run2,0,291,128.7584,7
run2,0,292,117.6286,5.8649
run2,0,293,149.7171,10.865
run2,0,294,138.184,7.6667
run2,0,295,149.6231,12.3846
run2,0,296,141.5394,8.8519
run2,0,297,138.5245,8.1732
run2,0,298,121.0736,5.7861
run2,0,299,151.8007,10.9896
run2,0,300,117.9534,5.8649
run3,0,1,142.4201,5.6
run3,0,2,113.4419,4.929
run3,0,3,144.7511,8.2
run3,0,4,92.111,3.2802
run3,0,5,126.5758,5.9447
run3,0,6,158.3055,10.0435
run3,0,7,129.2431,6.2222
run3,0,8,157.4185,11.4
run3,0,9,151.7686,10.9487
run3,0,10,134.5288,7
run3,0,11,125.2951,5.3721
run3,0,12,138.8208,7.3955
run3,0,13,142.8917,8.2883
run3,0,14,129.8671,6.6133
run3,0,15,127.87,6.6089
run3,0,16,120.1201,5.427
run3,0,17,144.2726,9.0231
run3,0,18,126.3202,6.6175
run3,0,19,154.0798,9.6776
run3,0,20,152.0057,11.0314
run3,0,21,134.2612,7
run3,0,22,117.0859,5.1481
run3,0,23,112.5539,4.2316
run3,0,24,116.543,4.4074
run3,0,25,144.7613,7.4046
run3,0,26,118.1357,5.4091
run3,0,27,83.4349,-3.1156
run3,0,28,28.2357,-0.44681
run3,0,29,160.1938,10.2642
run3,0,30,122.546,5.4091
run3,0,31,144.4819,8.8717
run3,0,32,143.687,8.5982
run3,0,33,130.835,6.6335
run3,0,34,46.2129,1.1989
run3,0,35,146.3704,8.4433
run3,0,36,144.5496,7.6863
run3,0,37,156.798,10.1343
run3,0,38,116.5578,5.0663
run3,0,39,154.5337,13.6038
run3,0,40,156.8526,10.2308
run3,0,41,127.0292,6.641
run3,0,42,157.6546,10.1818
run3,0,43,78.7512,2.2885
run3,0,44,128.2645,5.8136
run3,0,45,154.4347,11.439
run3,0,46,152.3469,11.2169
run3,0,47,150.2836,13.6316
run3,0,48,153.7758,13.0215
run3,0,49,142.896,7.6542
run3,0,50,134.0096,7
run3,0,51,159.3192,11.4872
run3,0,52,64.4003,1.2353
run3,0,53,151.1972,16.6685
run3,0,54,143.3128,7.9502
run3,0,55,153.0929,13.5625
run3,0,56,156.5974,9.9474
run3,0,57,90.9236,-2.887
run3,0,58,133.5854,6.2045
run3,0,59,157.9159,9.9787
run3,0,60,126.8097,6.3069
run3,0,61,156.0593,11.2
run3,0,62,127.9625,5.8268
run3,0,63,149.1269,15.0905
run3,0,64,155.1469,9.9167
run3,0,65,152.1832,15.6598
run3,0,66,155.7674,10.1818
run3,0,67,130.9997,7
run3,0,68,157.9776,14.1707
run3,0,69,91.2551,3.3918
run3,0,70,156.3054,11.2
run3,0,71,145.8628,18.2
run3,0,72,134.6447,7
run3,0,73,156.3817,12.4902
run3,0,74,150.5566,16.5146
run3,0,75,155.9356,9.7072
run3,0,76,154.8893,11.2
run3,0,77,151.9374,12.8333
run3,0,78,158.8316,10.3981
run3,0,79,147.8019,12.8011
run3,0,80,154.6213,9.6486
run3,0,81,153.8635,11.7115
run3,0,82,152.3846,9.625
run3,0,83,115.3454,5.1579
run3,0,84,145.9144,8.9126
run3,0,85,123.2108,5.5106
run3,0,86,153.3672,9.5926
run3,0,87,155.645,12.0276
run3,0,88,40.2526,-0.31343
run3,0,89,156.3189,14.6087
run3,0,90,110.7893,4.2277
run3,0,91,113.2774,5.0663
run3,0,92,127.2947,5.7574
run3,0,93,154.2882,13.4878
run3,0,94,155.487,11.8696
run3,0,95,144.2386,14.8652
run3,0,96,78.2057,3.2766
run3,0,97,132.4743,7
run3,0,98,151.2047,9.4138
run3,0,99,151.7343,13.5625
run3,0,100,148.2644,17.5181
run3,0,101,162.6724,10.3333
run3,0,102,151.2337,9.6168
run3,0,103,138.2165,8.123
run3,0,104,153.6862,12.1579
run3,0,105,142.5452,8.3861
run3,0,106,151.3273,13.648
run3,0,107,146.9435,9.3902
run3,0,108,151.1851,16.2308
run3,0,109,135.5726,7.3743
run3,0,110,151.5501,11.4211
run3,0,111,151.5887,10.6458
run3,0,112,149.6074,12.0838
run3,0,113,83.9178,2.9259
run3,0,114,155.1393,13.2441
run3,0,115,71.7973,3.2766
run3,0,116,144.4229,8.9774
run3,0,117,156.7942,11.5274
run3,0,118,148.0619,16.7927
run3,0,119,154.704,12.4444
run3,0,120,146.6228,14.9245
run3,0,121,154.2488,9.5301
run3,0,122,72.9983,2.3333
run3,0,123,144.9541,8.8919
run3,0,124,114.9016,5.1081
run3,0,125,154.0289,11.2424
run3,0,126,128.6571,6.6447
run3,0,127,131.5616,7
run3,0,128,153.5168,12.1042
run3,0,129,145.6035,8.9126
run3,0,130,125.5712,6.1358
run3,0,131,157.9892,10.198
run3,0,132,109.1664,4.6404
run3,0,133,151.7743,9.3223
run3,0,134,154.9408,12.6322
run3,0,135,152.7264,9.4873
run3,0,136,153.9004,12.6
run3,0,137,145.9097,16.0099
run3,0,138,150.6284,13.3636
run3,0,139,149.9224,13.2376
run3,0,140,119.0381,5.934
run3,0,141,153.5113,11.4509
run3,0,142,145.7005,15.1215
run3,0,143,151.4018,11.5729
run3,0,144,151.4684,13.5027
run3,0,145,154.4537,10.4054
run3,0,146,124.002,6.3578
run3,0,147,139.5249,7.6931
run3,0,148,151.485,11.0741
run3,0,149,132.2245,7
run3,0,150,155.7458,12.1852
run3,0,151,150.1011,13.5625
run3,0,152,128.0903,7
run3,0,153,143.0088,8.7241
run3,0,154,149.5208,15.4
run3,0,155,138.101,8.0553
run3,0,156,142.9201,17.6522
run3,0,157,145.6052,16.0588
run3,0,158,153.7674,10.5714
run3,0,159,151.0759,10.9252
run3,0,160,155.4562,10.6458
run3,0,161,93.6648,3.4286
run3,0,162,154.1833,13.0215
run3,0,163,144.8779,16.6809
run3,0,164,156.7539,10.1343
run3,0,165,110.71,4.5622
run3,0,166,147.5368,16.887
run3,0,167,153.4944,13.0406
run3,0,168,152.3417,12.0276
run3,0,169,150.9607,10.9487
run3,0,170,141.7588,8.7766
run3,0,171,148.3173,9.2826
run3,0,172,150.9584,14.3134
run3,0,173,143.4516,15.2938
run3,0,174,148.7706,10.7838
run3,0,175,144.2393,13.9634
run3,0,176,153.3204,13.087
run3,0,177,148.3871,12.0838
run3,0,178,153.4871,10.6458
run3,0,179,127.2467,7
run3,0,180,151.7365,9.4419
run3,0,181,129.824,7.3825
run3,0,182,111.9874,5.2234
run3,0,183,120.4813,5.6139
run3,0,184,150.7232,11.7191
run3,0,185,143.0015,7.7865
run3,0,186,47.3997,1.0201
run3,0,187,144.9746,8.0995
run3,0,188,155.7154,10.2308
run3,0,189,151.118,13.3636
run3,0,190,149.337,15.9535
run3,0,191,148.085,9.2581
run3,0,192,156.2895,10.7198
run3,0,193,145.0385,15.7978
run3,0,194,127.2111,6.6257
run3,0,195,152.4989,11.715
run3,0,196,150.6029,13.1026
run3,0,197,153.6739,10.7634
run3,0,198,144.7066,9.1739
run3,0,199,118.6795,6.2632
run3,0,200,152.4021,10.3333
run3,0,201,129.9165,5.6275
run3,0,202,147.8504,13.6316
run3,0,203,152.8767,13.3636
run3,0,204,152.8383,11.0385
run3,0,205,148.6991,11.0314
run3,0,206,149.2125,13.087
run3,0,207,148.3542,17.3409
run3,0,208,144.4952,16.7765
run3,0,209,146.744,14.2414
run3,0,210,147.9375,12.5056
run3,0,211,150.6271,11.9189
run3,0,212,151.666,10.1343
run3,0,213,136.0389,7.7292
run3,0,214,133.5459,7.3196
run3,0,215,111.9124,5.0663
run3,0,216,147.3724,16.0674
run3,0,217,138.2576,18.4689
run3,0,218,145.2852,15.0606
run3,0,219,142.669,14.9459
run3,0,220,121.543,6.2857
run3,0,221,128.8027,7
run3,0,222,150.2092,13.8627
run3,0,223,149.0294,15.3168
run3,0,224,150.9055,10.0769
run3,0,225,149.4708,14.0707
run3,0,226,144.9552,17
run3,0,227,154.4616,10.2642
run3,0,228,149.4882,9.4138
run3,0,229,149.855,14.7033
run3,0,230,143.6639,9.1212
run3,0,231,143.9608,9.2876
run3,0,232,153.5054,9.8767
run3,0,233,151.4077,11.5274
run3,0,234,151.2673,10.0108
run3,0,235,135.3828,8.0769
run3,0,236,125.5216,6.2391
run3,0,237,91.0316,3.5
run3,0,238,125.7377,6.6045
run3,0,239,151.6108,12
run3,0,240,146.686,13.3636
run3,0,241,150.0077,11.2857
run3,0,242,151.718,9.5128
run3,0,243,146.7412,9.4623
run3,0,244,123.0815,7
run3,0,245,153.0766,14.3481
run3,0,246,146.8012,13.2874
run3,0,247,115.7243,5.934
run3,0,248,152.4397,9.8655
run3,0,249,149.4667,12.3846
run3,0,250,139.3376,8.3861
run3,0,251,143.3295,17.9639
run3,0,252,146.9875,13.0406
run3,0,253,146.2496,16.2308
run3,0,254,149.3215,12.4444
run3,0,255,117.529,6.6216
run3,0,256,153.9247,11.0314
run3,0,257,147.0314,11.3299
run3,0,258,146.754,9.2826
run3,0,259,111.0131,5.7425
run3,0,260,135.4982,8.0995
run3,0,261,139.7816,19.3923
run3,0,262,148.7513,12.2764
run3,0,263,141.1233,7.9767
run3,0,264,145.8958,13.8786
run3,0,265,151.0349,11.5274
run3,0,266,133.9316,21.4444
run3,0,267,149.9163,11.3541
run3,0,268,127.2339,7
run3,0,269,154.7844,11.9189
run3,0,270,146.6418,11.715
run3,0,271,147.2603,12.3261
run3,0,272,146.6851,12.8333
run3,0,273,143.3688,14.5385
run3,0,274,146.8681,13.7123
run3,0,275,143.2638,14.9381
run3,0,276,143.1063,13.087
run3,0,277,129.3485,23.7045
run3,0,278,155.2912,9.8655
run3,0,279,52.0591,-0.18919
run3,0,280,139.7756,8.5556
run3,0,281,128.8497,21.918
run3,0,282,104.5917,4.6923
run3,0,283,148.9005,14.7778
run3,0,284,128.5933,7
run3,0,285,139.4821,19.994
run3,0,286,147.7731,9.3596
run3,0,287,152.5922,10.7634
run3,0,288,138.183,8.4894
run3,0,289,148.7057,11.5729
run3,0,290,146.1134,11.1176
run3,0,291,106.2078,5.2234
run3,0,292,154.303,9.9474
run3,0,293,153.8474,12.615
run3,0,294,143.8696,15.6598
run3,0,295,150.6053,9.3671
run3,0,296,136.8841,8.8919
run3,0,297,152.7519,11.6667
run3,0,298,144.0538,9.1429
run3,0,299,132.9819,8.2
run3,0,300,152.1579,13.3
run4,0,1,150.289,7
run4,0,2,142.2681,7.3704
run4,0,3,128.1774,6.2632
run4,0,4,130.4696,6.2708
run4,0,5,131.8645,6.1026
run4,0,6,125.9598,5.6624
run4,0,7,128.1112,6.2473
run4,0,8,160.541,11.7511
run4,0,9,156.7092,10.1818
run4,0,10,115.5048,4.6923
run4,0,11,116.6727,4.1676
run4,0,12,143.8048,8.5556
run4,0,13,148.8403,9.2581
run4,0,14,126.8255,6.3396
run4,0,15,158.4386,12.8947
run4,0,16,141.7822,7.814
run4,0,17,58.9626,1.5596
run4,0,18,108.2243,4.0213
run4,0,19,125.8947,5.4946
run4,0,20,74.588,2.5789
run4,0,21,91.2636,3.2722
run4,0,22,124.8159,5.6139
run4,0,23,155.1048,11.5562
run4,0,24,147.0446,9.0468
run4,0,25,127.7071,6.3396
run4,0,26,128.5911,5.8889
run4,0,27,107.4623,3.9268
run4,0,28,34.2882,0.56757
run4,0,29,147.157,7.814
run4,0,30,153.8245,9.4623
run4,0,31,69.4666,2.1485
run4,0,32,134.0769,7
run4,0,33,128.3081,5.8398
run4,0,34,114.5423,4.4074
run4,0,35,149.8993,8.9337
run4,0,36,147.3761,8.7284
run4,0,37,132.2881,7
run4,0,38,157.173,13.8912
run4,0,39,128.7478,6.2045
run4,0,40,157.2003,10.6458
run4,0,41,121.8144,5.5859
run4,0,42,156.1728,12.6757
run4,0,43,114.1558,4.4074
run4,0,44,134.4276,6.3137
run4,0,45,157.2346,11.4681
run4,0,46,116.992,4.2928
run4,0,47,147.6731,8.9774
run4,0,48,144.0974,7.8861
run4,0,49,69.6281,1.4318
run4,0,50,147.5692,8.3725
run4,0,51,156.5143,11.1176
run4,0,52,66.1873,1.4848
run4,0,53,129.9386,6.6257
run4,0,54,115.7015,5.0663
run4,0,55,129.2365,5.7861
run4,0,56,129.0002,5.934
run4,0,57,138.6423,7.3553
run4,0,58,158.6023,10.4426
run4,0,59,64.897,1.7399
run4,0,60,122.0811,4.9
run4,0,61,124.3809,5.4091
run4,0,62,154.3982,9.6776
run4,0,63,70.698,1.9162
run4,0,64,131.0294,6.3269
run4,0,65,122.5802,5.3133
run4,0,66,145.7778,7.3784
run4,0,67,123.2508,5.4946
run4,0,68,155.8529,13.6667
run4,0,69,143.8291,8.4141
run4,0,70,136.5353,7
run4,0,71,83.3814,3.2275
run4,0,72,75.8609,2.9302
run4,0,73,89.1178,3.2766
run4,0,74,97.0409,3.5946
run4,0,75,136.4688,7
run4,0,76,160.0878,9.8767
run4,0,77,156.1445,10.1111
run4,0,78,116.2842,4.7419
run4,0,79,133.9803,6.6089
run4,0,80,120.0398,5.3092
run4,0,81,119.5559,4.6404
run4,0,82,148.9025,8.8519
run4,0,83,159.4195,11.4681
run4,0,84,129.4199,6.3204
run4,0,85,155.64,15.1395
run4,0,86,148.4444,14.9545
run4,0,87,141.0017,7.3196
run4,0,88,155.6511,13.5882
run4,0,89,108.436,3.8889
run4,0,90,121.7577,5.4615
run4,0,91,144.8631,8.4433
run4,0,92,145.3864,8.8919
run4,0,93,132.6201,6.6335
run4,0,94,141.4064,7.3139
run4,0,95,151.3659,9.2105
run4,0,96,129.2529,6.2222
run4,0,97,131.1442,6.2784
run4,0,98,158.0463,14.3684
run4,0,99,154.7365,13.0215
run4,0,100,157.4042,10.1034
run4,0,101,165.9815,10.2308
run4,0,102,154.4545,14.6166
run4,0,103,156.5861,13.2222
run4,0,104,148.5487,9.2105
run4,0,105,150.7327,16.1623
run4,0,106,144.8687,8.5909
run4,0,107,65.5938,1.9724
run4,0,108,154.9804,14.6166
run4,0,109,155.1141,10.5484
run4,0,110,150.1868,14.1429
run4,0,111,154.2467,13.7021
run4,0,112,125.1249,5.5714
run4,0,113,156.9642,9.8571
run4,0,114,155.5234,14.6963
run4,0,115,155.9886,11.439
run4,0,116,146.6227,8.123
run4,0,117,154.0287,11.8039
run4,0,118,128.6852,5.7719
run4,0,119,145.5902,9.1
run4,0,120,140.3127,8.7241
run4,0,121,126.3159,6.3
run4,0,122,152.5141,14.6087
run4,0,123,153.5565,11.023
run4,0,124,138.3985,7.3784
run4,0,125,145.1144,8.8135
run4,0,126,127.9367,5.7861
run4,0,127,156.1384,10.1343
run4,0,128,96.1426,3.3158
run4,0,129,154.6733,11.0741
run4,0,130,110.223,3.8966
run4,0,131,156.206,12.5446
run4,0,132,158.2605,10.1034
run4,0,133,138.4063,7.3911
run4,0,134,143.6482,8.0448
run4,0,135,156.7576,10.9326
run4,0,136,157.6772,9.8283
run4,0,137,157.3306,12.4902
run4,0,138,41.4962,0.70787
run4,0,139,151.7259,17.3158
run4,0,140,138.5102,8.3725
run4,0,141,159.283,9.8571
run4,0,142,107.0609,3.9231
run4,0,143,157.0989,11.6154
run4,0,144,145.5363,8.1351
run4,0,145,157.3815,10.1658
run4,0,146,155.1063,11.5161
run4,0,147,150.627,17.7143
run4,0,148,153.7213,12.2764
run4,0,149,154.7463,11.7115
run4,0,150,143.9116,8.4737
run4,0,151,153.9551,14.2165
run4,0,152,112.0191,4.6404
run4,0,153,155.6446,12.9799
run4,0,154,149.9928,9.5389
run4,0,155,143.443,8.8135
run4,0,156,151.2502,9.3077
run4,0,157,158.1911,10.0108
run4,0,158,138.4334,7.3867
run4,0,159,156.2201,11.8515
run4,0,160,151.1254,9.3333
run4,0,161,155.0843,13.087
run4,0,162,156.4242,12.6
run4,0,163,156.8439,9.7072
run4,0,164,141.1102,8.2
run4,0,165,135.3715,7
run4,0,166,157.0249,11.9727
run4,0,167,155.5035,9.4138
run4,0,168,119.7091,5.4091
run4,0,169,131.6474,7
run4,0,170,128.9031,6.2553
run4,0,171,129.1341,5.9855
run4,0,172,156.8893,12.3846
run4,0,173,154.4171,9.4623
run4,0,174,75.7178,2.6701
run4,0,175,157.0046,13.5625
run4,0,176,152.5763,16.096
run4,0,177,158.7654,9.8283
run4,0,178,156.8441,12.2688
run4,0,179,126.8272,6.6133
run4,0,180,154.6386,13.3
run4,0,181,77.3107,3.0513
run4,0,182,144.1143,8.0995
run4,0,183,113.6875,4.8351
run4,0,184,158.5399,12.6
run4,0,185,153.238,12.7143
run4,0,186,153.6871,13.3636
run4,0,187,156.3223,12.1412
run4,0,188,114.1952,4.5622
run4,0,189,156.9062,12.6322
run4,0,190,79.8153,2.8378
run4,0,191,122.3002,5.5263
run4,0,192,155.2695,11.3961
run4,0,193,93.7293,3.2366
run4,0,194,158.3365,10.2308
run4,0,195,147.9976,14.8652
run4,0,196,114.386,5.1675
run4,0,197,147.6991,9.1649
run4,0,198,157.3075,9.9787
run4,0,199,155.699,13.6316
run4,0,200,158.4755,9.9858
run4,0,201,148.5709,7.7292
run4,0,202,153.0926,13.6957
run4,0,203,157.4387,12.9322
run4,0,204,110.3484,4.7828
run4,0,205,156.5521,11.2424
run4,0,206,153.2899,9.5926
run4,0,207,113.8751,5.1283
run4,0,208,129.6468,6.6447
run4,0,209,156.1993,9.7451
run4,0,210,156.4271,14.2165
run4,0,211,141.9224,9.1
run4,0,212,148.9985,16.3814
run4,0,213,151.0773,9.3864
run4,0,214,155.3235,13.0494
run4,0,215,31.2703,0.17949
run4,0,216,160.3632,12.4404
run4,0,217,146.1832,9.0192
run4,0,218,152.4827,13.6834
run4,0,219,144.9795,8.9774
run4,0,220,152.4447,14.1892
run4,0,221,156.741,9.9167
run4,0,222,130.8196,6.2473
run4,0,223,157.8481,11.5729
run4,0,224,143.6404,8.1602
run4,0,225,158.784,10.0061
run4,0,226,149.6104,16.403
run4,0,227,144.7402,21.3094
run4,0,228,108.2274,4.1134
run4,0,229,150.5481,14.3869
run4,0,230,129.6447,7
run4,0,231,156.2641,14.3684
run4,0,232,155.295,11.7644
run4,0,233,148.1065,15.8832
run4,0,234,138.6134,7.3665
run4,0,235,142.7695,8.4141
run4,0,236,158.6902,9.5926
run4,0,237,156.8778,10.8693
run4,0,238,154.2989,9.6168
run4,0,239,122.8878,6.2222
run4,0,240,156.9857,10.6458
run4,0,241,107.4542,5
run4,0,242,154.4164,12.0515
run4,0,243,150.1049,9.234
run4,0,244,138.3776,7.6731
run4,0,245,144.7317,8.0145
run4,0,246,156.3541,12.1042
run4,0,247,40.9155,-0.21649
run4,0,248,116.5585,5.2234
run4,0,249,99.3686,3.7593
run4,0,250,160.0561,10.1343
run4,0,251,117.3518,5.1481
run4,0,252,121.3145,5.4091
run4,0,253,139.1049,7.4636
run4,0,254,156.1675,12.1579
run4,0,255,130.2256,6.2929
run4,0,256,113.4961,4.766
run4,0,257,156.6079,12.0276
run4,0,258,150.9745,10.5714
run4,0,259,141.3062,7.6863
run4,0,260,154.4825,10.8693
run4,0,261,138.8752,7.3553
run4,0,262,155.7079,9.6776
run4,0,263,57.7462,1.2623
run4,0,264,145.3247,8.2281
run4,0,265,155.5853,13.8205
run4,0,266,153.5595,12.8659
run4,0,267,156.5832,9.9474
run4,0,268,150.6784,17.2083
run4,0,269,121.2631,6.6296
run4,0,270,153.8942,12.6596
run4,0,271,150.8617,14.3333
run4,0,272,145.5244,17.9375
run4,0,273,151.1484,14.2678
run4,0,274,147.6823,15.0905
run4,0,275,148.2503,14.2414
run4,0,276,128.69,6.6447
run4,0,277,143.4519,8.8325
run4,0,278,159.0801,11.0314
run4,0,279,156.0839,10.2941
run4,0,280,151.0813,10.6842
run4,0,281,149.9089,12.5556
run4,0,282,146.0253,16.1
run4,0,283,148.4876,15.0208
run4,0,284,152.0233,10.6082
run4,0,285,141.7387,7.9677
run4,0,286,128.3084,6.6175
run4,0,287,151.5925,13.6316
run4,0,288,154.2508,12.8947
run4,0,289,127.7272,7
run4,0,290,132.2778,7
run4,0,291,140.0956,7.3911
run4,0,292,146.4211,18.7895
run4,0,293,154.6559,10.2941
run4,0,294,138.4027,8.6092
run4,0,295,144.9583,18.2155
run4,0,296,143.9733,18.7259
run4,0,297,151.8495,9.9697
run4,0,298,153.5201,10.0769
run4,0,299,140.129,8.3462
run4,0,300,145.1199,8.0769
run5,0,1,167.2362,10.0435
run5,0,2,154.2789,11.2077
run5,0,3,120.7028,4.1429
run5,0,4,122.0579,5.2412
run5,0,5,13.9979,-0.24138
run5,0,6,138.1289,7
run5,0,7,142.5083,7.3911
run5,0,8,43.9227,0.76238
run5,0,9,122.9164,4.5
run5,0,10,48.3252,0.12139
run5,0,11,121.4288,4.3514
run5,0,12,146.2469,7.3784
run5,0,13,150.8951,9.1212
run5,0,14,146.9391,8.1732
run5,0,15,159.8108,9.7374
run5,0,16,143.5561,7.7216
run5,0,17,136.0335,6.2632
run5,0,18,146.9101,8.4737
run5,0,19,36.1072,-0.53846
run5,0,20,71.3526,1.9362
run5,0,21,28.5647,0.38308
run5,0,22,133.5796,5.6792
run5,0,23,156.5809,9.8283
run5,0,24,47.5606,0.44828
run5,0,25,97.2631,3.385
run5,0,26,104.2815,3.6019
run5,0,27,136.1865,6.6373
run5,0,28,102.731,3.4646
run5,0,29,158.8276,11.5562
run5,0,30,143.4717,7.3256
run5,0,31,76.5563,2.3807
run5,0,32,94.9862,3.1957
run5,0,33,119.3677,4.8571
run5,0,34,143.2659,7.3911
run5,0,35,46.7216,0.57488
run5,0,36,94.5102,3.2766
run5,0,37,145.8179,7.7216
run5,0,38,147.4249,8.6092
run5,0,39,133.3079,6.6552
run5,0,40,76.766,2.2761
run5,0,41,54.0885,1.1379
run5,0,42,159.2364,13.5333
run5,0,43,110.8825,4.7895
run5,0,44,122.4538,5.0874
run5,0,45,160.6205,11.0385
run5,0,46,84.8342,2.6
run5,0,47,85.0758,2.8824
run5,0,48,96.4582,3.2366
run5,0,49,121.1573,4.2816
run5,0,50,144.6004,7.3665
run5,0,51,141.6232,7.3825
run5,0,52,62.9144,1.6154
run5,0,53,122.8683,4.9612
run5,0,54,121.4382,4.4346
run5,0,55,126.0359,4.4074
run5,0,56,152.9297,8.123
run5,0,57,135.5596,6.3636
run5,0,58,60.1388,0.85965
run5,0,59,136.7635,5.8136
run5,0,60,127.4412,5.4946
run5,0,61,132.0844,5.9756
run5,0,62,83.4034,2.6
run5,0,63,158.5766,14.8505
run5,0,64,45.8252,-1.342
run5,0,65,150.8322,8.0244
run5,0,66,142.7533,7.3226
run5,0,67,159.7198,10.3654
run5,0,68,114.1533,-3.5814
run5,0,69,124.4524,5.0874
run5,0,70,147.7278,8.9553
run5,0,71,161.2444,10.0769
run5,0,72,121.7083,5.2759
run5,0,73,13.1755,0.036649
run5,0,74,129.9467,5.5263
run5,0,75,117.0457,3.9892
run5,0,76,120.0144,4.1676
run5,0,77,152.5367,8.0145
run5,0,78,92.1696,3.1957
run5,0,79,135.2062,6.6618
run5,0,80,149.8715,8.3592
run5,0,81,114.9907,-4.0976
run5,0,82,53.0944,0.8342
run5,0,83,87.3673,2.3333
run5,0,84,160.2954,10.7634
run5,0,85,159.3069,10.0769
run5,0,86,106.2907,-3.4255
run5,0,87,149.7019,7.8046
run5,0,88,89.608,3.2366
run5,0,89,79.2653,2.2356
run5,0,90,127.5545,5.2587
run5,0,91,43.096,0.89744
run5,0,92,151.6615,8.0448
run5,0,93,89.8756,2.9259
run5,0,94,161.8569,12.5556
run5,0,95,161.1639,10.2941
run5,0,96,135.4868,5.8525
run5,0,97,80.7891,2.285
run5,0,98,160.9595,10.2308
run5,0,99,159.1486,12.6322
run5,0,100,152.6417,9.3902
run5,0,101,142.1868,6.6618
run5,0,102,120.0958,4.0142
run5,0,103,161.0024,10.0435
run5,0,104,121.7889,4.5294
run5,0,105,95.4318,3.1957
run5,0,106,149.6895,8.0995
run5,0,107,121.7529,4.0142
run5,0,108,122.3357,4.4074
run5,0,109,135.5633,6.6133
run5,0,110,134.036,5.8525
run5,0,111,118.8911,4.766
run5,0,112,156.8724,9.7374
run5,0,113,63.9339,0.76238
run5,0,114,163.6229,10.369
run5,0,115,148.9853,8.1475
run5,0,116,160.3192,11.8039
run5,0,117,135.4008,5.8
run5,0,118,155.0522,15.8832
run5,0,119,54.3037,0.63636
run5,0,120,154.4066,9.3864
run5,0,121,159.311,13.2222
run5,0,122,121.8455,5.2412
run5,0,123,108.4738,3.5347
run5,0,124,161.4493,10.5714
run5,0,125,127.0606,5.3721
run5,0,126,128.6405,5.4444
run5,0,127,148.5051,7.8046
run5,0,128,138.4483,7
run5,0,129,124.0007,5.0663
run5,0,130,151.1315,9.1875
run5,0,131,157.7655,11.7644
run5,0,132,156.8434,11.5729
run5,0,133,128.5559,5.6
run5,0,134,155.7175,13.2963
run5,0,135,155.2467,11.3299
run5,0,136,153.9401,9.5926
run5,0,137,158.0062,10.1818
run5,0,138,121.711,5.1865
run5,0,139,151.9253,9.3333
run5,0,140,135.891,7
run5,0,141,155.8911,15.342
run5,0,142,147.2706,8.5054
run5,0,143,158.4048,11.2541
run5,0,144,154.2204,11.5729
run5,0,145,155.2034,10.9487
run5,0,146,146.5663,8.066
run5,0,147,158.778,10.9326
run5,0,148,146.3053,7.9589
run5,0,149,153.828,14.6087
run5,0,150,148.0171,8.9126
run5,0,151,160.8685,12.1042
run5,0,152,148.7106,8.0995
run5,0,153,104.6791,3.5
run5,0,154,157.7393,9.6486
run5,0,155,157.9435,11.6667
run5,0,156,139.631,7
run5,0,157,155.4294,9.7184
run5,0,158,144.8821,7.7368
run5,0,159,148.7548,7.7
run5,0,160,150.4788,9.234
run5,0,161,95.0341,3.2439
run5,0,162,116.6102,4.7987
run5,0,163,119.7748,5.2051
run5,0,164,150.5427,9.1
run5,0,165,155.9165,11.2424
run5,0,166,147.7624,8.1111
run5,0,167,154.9034,16.3583
run5,0,168,159.0552,10.7234
run5,0,169,156.211,11.023
run5,0,170,153.5534,13.1765
run5,0,171,157.5,10.7198
run5,0,172,153.8375,11.2541
run5,0,173,131.5859,6.2708
run5,0,174,159.8874,10.9326
run5,0,175,145.7465,19.1429
run5,0,176,72.4301,1.5556
run5,0,177,130.6226,6.3
run5,0,178,158.586,11.9495
run5,0,179,148.6143,8.4433
run5,0,180,158.0584,11.6154
run5,0,181,153.1796,13.1026
run5,0,182,147.6181,8.0553
run5,0,183,155.7708,12.1724
run5,0,184,153.7866,13.0577
run5,0,185,158.2595,12
run5,0,186,157.1669,10.369
run5,0,187,156.2669,11.023
run5,0,188,153.5954,11.3017
run5,0,189,152.5452,11.3128
run5,0,190,148.3776,17
run5,0,191,146.9615,17.2083
run5,0,192,155.7838,10.5196
run5,0,193,150.9367,9.5389
run5,0,194,74.2282,1.8276
run5,0,195,146.6406,8.4286
run5,0,196,118.7587,5.3412
run5,0,197,158.2092,11.4828
run5,0,198,152.8638,11.4681
run5,0,199,110.7398,4.6667
run5,0,200,129.8386,6.2929
run5,0,201,165.5357,11.7511
run5,0,202,129.8842,6.2473
run5,0,203,128.054,6.641
run5,0,204,123.1354,5.5859
run5,0,205,124.587,6.2784
run5,0,206,157.635,12.615
run5,0,207,146.4988,9.1649
run5,0,208,154.7235,12.0515
run5,0,209,152.1559,9.4138
run5,0,210,138.2863,7.7778
run5,0,211,52.0044,1.1053
run5,0,212,156.2021,13.9591
run5,0,213,108.3297,3.9231
run5,0,214,159.7601,10.6458
run5,0,215,147.4068,9.1429
run5,0,216,37.7323,1.0426
run5,0,217,155.9529,9.4623
run5,0,218,55.0102,0.93064
run5,0,219,157.7809,10.6842
run5,0,220,77.3673,3.0914
run5,0,221,144.1964,8.4737
run5,0,222,80.2752,2.7923
run5,0,223,152.1242,9.4873
run5,0,224,137.8208,7.3665
run5,0,225,123.1302,5.6538
run5,0,226,148.7936,15.6096
run5,0,227,58.9854,1.2623
run5,0,228,157.6985,13.0577
run5,0,229,158.7465,12.4369
run5,0,230,153.0113,11.0385
run5,0,231,136.2341,7
run5,0,232,156.8864,13.4948
run5,0,233,155.429,13.0731
run5,0,234,143.5296,7.7447
run5,0,235,157.6119,9.6168
run5,0,236,141.2864,8.3725
run5,0,237,156.5034,11.9727
run5,0,238,147.0286,15.9744
run5,0,239,140.6892,7.6863
run5,0,240,149.6434,9.1429
run5,0,241,111.9606,4.4611
run5,0,242,130.7525,6.6618
run5,0,243,155.6638,13.2304
run5,0,244,154.5995,10.369
run5,0,245,153.1284,9.7451
run5,0,246,115.1711,4.8125
run5,0,247,158.0314,9.9474
run5,0,248,144.4083,9.1212
run5,0,249,136.6115,7.3955
run5,0,250,138.6025,7.3665
run5,0,251,144.6797,8.7766
run5,0,252,116.0984,4.7895
run5,0,253,155.1964,11.0698
run5,0,254,127.7748,6.2473
run5,0,255,140.0603,7.3665
run5,0,256,150.4171,9.3005
run5,0,257,156.7904,12.5056
run5,0,258,156.3064,11.4
run5,0,259,142.5683,8.4737
run5,0,260,115.8816,5.1081
run5,0,261,158.6006,10.5354
run5,0,262,151.0531,13.1026
run5,0,263,115.7024,5.427
run5,0,264,144.0389,8.6092
run5,0,265,108.141,4.0213
run5,0,266,154.8074,12.3846
run5,0,267,146.4208,16.2857
run5,0,268,155.9471,11.8276
run5,0,269,121.9757,5.4444
run5,0,270,146.8577,17.6283
run5,0,271,150.4326,9.6667
run5,0,272,138.5466,8.6588
run5,0,273,142.3668,8.4433
run5,0,274,150.0579,15.9535
run5,0,275,154.0173,13.4324
run5,0,276,156.4884,11.0741
run5,0,277,151.2189,12.6757
run5,0,278,148.2919,15.8732
run5,0,279,135.6877,7.3448
run5,0,280,144.9147,8.8717
run5,0,281,158.6248,11.8663
run5,0,282,151.883,11.4545
run5,0,283,149.6518,14.4118
run5,0,284,143.6656,7.7447
run5,0,285,128.9472,6.6216
run5,0,286,157.2731,12.2128
run5,0,287,145.3374,8.2575
run5,0,288,153.0246,14.2917
run5,0,289,150.9848,13.1658
run5,0,290,155.2715,12
run5,0,291,144.5316,18.8579
run5,0,292,143.1097,21.2932
run5,0,293,104.3928,4.3832
run5,0,294,155.3641,10.8889
run5,0,295,151.217,15.2353
run5,0,296,150.6173,10.9326
run5,0,297,124.1842,6.3
run5,0,298,157.1725,12.7143
run5,0,299,150.7616,13.3636
run5,0,300,150.5282,14.3684
run1,1,1,161.5551,10.1461
run1,1,2,139.9924,9.1212
run1,1,3,148.6968,10.3333
run1,1,4,108.7708,5.5714
run1,1,5,134.6713,8.6908
run1,1,6,122.7316,7
run1,1,7,136.7514,8.1602
run1,1,8,148.4816,11.6154
run1,1,9,135.0904,8.5909
run1,1,10,152.3314,9.5301
run1,1,11,122.9022,7
run1,1,12,106.6151,5.4444
run1,1,13,16.3992,-0.18919
run1,1,14,96.273,4.1717
run1,1,15,100.9672,4.3224
run1,1,16,64.1147,2.3333
run1,1,17,132.8884,7.7692
run1,1,18,142.3362,8.9774
run1,1,19,59.1012,3.0513
run1,1,20,151.4839,9.8571
run1,1,21,149.7377,10.7278
run1,1,22,55.1449,2.4726
run1,1,23,118.751,6.6618
run1,1,24,95.743,4.0833
run1,1,25,50.0664,1.8276
run1,1,26,73.6223,3.3918
run1,1,27,147.1443,12.2688
run1,1,28,117.6211,6.6045
run1,1,29,65.6485,3.0513
run1,1,30,95.1113,4.4872
run1,1,31,103.9831,4.5581
run1,1,32,76.1314,2.9686
run1,1,33,38.6684,0.94231
run1,1,34,47.9988,1.1989
run1,1,35,145.6988,8.9774
run1,1,36,16.3679,0.069307
run1,1,37,105.189,5
run1,1,38,40.8434,1.5026
run1,1,39,151.9192,9.4138
run1,1,40,147.9049,11.375
run1,1,41,134.4482,8.5385
run1,1,42,120.4733,6.2708
run1,1,43,140.0053,8.9553
run1,1,44,20.0449,-0.77778
run1,1,45,153.1752,9.8283
run1,1,46,142.6165,9.4623
run1,1,47,67.5384,2.4271
run1,1,48,147.4866,12.8011
run1,1,49,140.6889,8.9337
run1,1,50,96.0578,3.9892
run1,1,51,111.9792,5.5106
run1,1,52,57.7349,2.3846
run1,1,53,143.0674,9.2826
run1,1,54,120.2768,7
run1,1,55,63.8544,3.1957
run1,1,56,99.3028,4.2316
run1,1,57,138.3253,8.1732
run1,1,58,113.7029,5.4615
run1,1,59,114.975,5.6538
run1,1,60,99.3658,4.0833
run1,1,61,138.8968,8.2281
run1,1,62,123.3399,6.3
run1,1,63,135.863,8.3462
run1,1,64,49.665,1.3434
run1,1,65,139.1965,8.3462
run1,1,66,103.6839,4.6923
run1,1,67,124.9648,6.3069
run1,1,68,125.4982,7
run1,1,69,153.145,11.4211
run1,1,70,137.1047,7.7143
run1,1,71,122.4795,6.3204
run1,1,72,150.56,14.1591
run1,1,73,104.1027,5
run1,1,74,32.5483,1.0796
run1,1,75,142.5695,8.6092
run1,1,76,130.9476,7.3483
run1,1,77,139.2171,8.8325
run1,1,78,153.2736,9.8
run1,1,79,151.008,13.7742
run1,1,80,155.103,10.1111
run1,1,81,150.1666,15.4848
run1,1,82,120.7747,5.9447
run1,1,83,123.8506,7
run1,1,84,151.9358,10.369
run1,1,85,122.2668,6.5954
run1,1,86,151.7044,11.2857
run1,1,87,141.4023,16.4152
run1,1,88,150.9397,12.7377
run1,1,89,150.8151,9.5128
run1,1,90,151.0631,9.8
run1,1,91,151.345,10.0435
run1,1,92,126.7727,7.3627
run1,1,93,149.2707,13.2222
run1,1,94,115.6502,6.5758
run1,1,95,102.8673,5.0447
run1,1,96,152.9618,10.2642
run1,1,97,103.8971,5.2587
run1,1,98,127.7666,7
run1,1,99,152.9427,13.4324
run1,1,100,148.8904,11.6667
run1,1,101,160.1488,12.5556
run1,1,102,150.5097,10.2558
run1,1,103,147.5134,12.0725
run1,1,104,118.8478,5.9231
run1,1,105,147.4358,16.6809
run1,1,106,144.5806,17.5181
run1,1,107,150.0825,11.1176
run1,1,108,146.9662,11.8148
run1,1,109,140.8186,8.5054
run1,1,110,138.9467,8.573
run1,1,111,150.8172,10.7234
run1,1,112,146.2676,12.4404
run1,1,113,136.7707,8.6092
run1,1,114,150.3745,12.8947
run1,1,115,147.0619,15
run1,1,116,141.7762,14.6879
run1,1,117,140.3166,8.8919
run1,1,118,66.6461,2.9686
run1,1,119,109.662,4.7419
run1,1,120,153.0655,11.2424
run1,1,121,144.2506,13.8786
run1,1,122,147.3743,14.5796
run1,1,123,150.5355,10.6842
run1,1,124,153.5482,10.4054
run1,1,125,149.8027,11.9412
run1,1,126,141.5887,15.0328
run1,1,127,140.442,18.7297
run1,1,128,144.9849,14.1429
run1,1,129,112.4633,5.8
run1,1,130,148.3221,14.5269
run1,1,131,145.4163,13.8205
run1,1,132,150.114,11.0741
run1,1,133,132.9174,20.2821
run1,1,134,148.7797,15.75
run1,1,135,128.4484,6.6335
run1,1,136,149.7606,13.1765
run1,1,137,137.3387,8.5556
run1,1,138,144.937,15.2123
run1,1,139,149.8108,10.3333
run1,1,140,142.6024,9.1429
run1,1,141,131.9437,8.4286
run1,1,142,151.6109,9.2581
run1,1,143,151.6138,12.8659
run1,1,144,148.1936,13.087
run1,1,145,127.0042,7.3415
run1,1,146,157.0038,9.8283
run1,1,147,118.9108,6.3269
run1,1,148,151.1908,13.2222
run1,1,149,117.4055,6.5954
run1,1,150,149.7946,11.2541
run1,1,151,150.5911,10.2308
run1,1,152,132.7597,7.3665
run1,1,153,153.7265,10.1343
run1,1,154,141.1573,8.9337
run1,1,155,141.6009,8.7766
run1,1,156,147.0126,15.4541
run1,1,157,146.903,9.4419
run1,1,158,152.578,10.8462
run1,1,159,147.7153,12.3216
run1,1,160,138.6282,8.1864
run1,1,161,139.157,7.6542
run1,1,162,149.2353,13.1765
run1,1,163,128.0154,7.3867
run1,1,164,154.1471,9.4706
run1,1,165,144.3167,9.3005
run1,1,166,150.2082,14.3134
run1,1,167,140.3476,16.3103
run1,1,168,136.796,8.2281
run1,1,169,147.2867,12.3261
run1,1,170,140.5156,8.4737
run1,1,171,104.6756,4.9769
run1,1,172,154.3052,9.7684
run1,1,173,136.2215,7.7143
run1,1,174,148.3911,9.1429
run1,1,175,143.7438,13.8478
run1,1,176,148.6193,14.1707
run1,1,177,117.42,6.1667
run1,1,178,150.4826,9.5926
run1,1,179,98.8299,4.2928
run1,1,180,152.8653,9.8571
run1,1,181,122.237,5.8889
run1,1,182,122.6094,7
run1,1,183,153.0705,9.9474
run1,1,184,154.8781,10.3333
run1,1,185,145.7413,15.3051
run1,1,186,147.588,12.3846
run1,1,187,124.7837,7
run1,1,188,132.6276,7.4046
run1,1,189,130.4822,7.3483
run1,1,190,119.5505,6.2391
run1,1,191,99.1105,4.4611
run1,1,192,105.7498,4.2277
run1,1,193,141.5774,8.4737
run1,1,194,105.7663,4.8125
run1,1,195,139.8053,8.1732
run1,1,196,153.4423,10.6458
run1,1,197,143.649,13.4286
run1,1,198,117.1383,7
run1,1,199,136.9527,7.7447
run1,1,200,152.575,9.5225
run1,1,201,64.8305,1.2623
run1,1,202,68.5234,2.3846
run1,1,203,83.0054,3.5347
run1,1,204,139.8063,7.9767
run1,1,205,140.207,8.0881
run1,1,206,105.3652,4.5622
run1,1,207,130.9493,7
run1,1,208,104.4314,4.8788
run1,1,209,105.8441,4.7626
run1,1,210,140.9252,8.0553
run1,1,211,148.323,12.7732
run1,1,212,83.8065,3.8182
run1,1,213,106.9987,4.9
run1,1,214,73.9646,3.1307
run1,1,215,104.7547,5.1865
run1,1,216,105.4842,4.8125
run1,1,217,35.0464,0.38308
run1,1,218,63.7536,2.8824
run1,1,219,135.7538,7.6731
run1,1,220,141.5935,8.573
run1,1,221,138.1428,8.4583
run1,1,222,111.333,5.2759
run1,1,223,81.9026,3.5
run1,1,224,91.7544,3.8182
run1,1,225,136.9059,7.7292
run1,1,226,99.0196,3.9565
run1,1,227,30.9815,0.71257
run1,1,228,154.8262,12.2239
run1,1,229,127.4786,7
run1,1,230,94.4483,3.8342
run1,1,231,109.7416,5.2412
run1,1,232,151.6487,12.122
run1,1,233,144.4208,12.2601
run1,1,234,121.1427,6.5906
run1,1,235,120.319,6.2929
run1,1,236,149.9956,9.4138
run1,1,237,151.2933,11.8039
run1,1,238,116.2735,5.5263
run1,1,239,153.3781,10.1658
run1,1,240,126.6653,7
run1,1,241,151.4212,11.3017
run1,1,242,145.8169,11.1622
run1,1,243,138.66,8.123
run1,1,244,124.9517,6.5105
run1,1,245,119.0287,5.9447
run1,1,246,134.502,8.5217
run1,1,247,149.4241,12.0602
run1,1,248,148.1964,10.8462
run1,1,249,152.1717,9.8324
run1,1,250,57.6753,-0.54902
run1,1,251,135.8431,7.7292
run1,1,252,148.9513,12.1579
run1,1,253,120.4183,6.1765
run1,1,254,147.4335,14.7778
run1,1,255,103.9145,4.4346
run1,1,256,153.5692,10.0435
run1,1,257,150.9238,11.4681
run1,1,258,125.2768,6.6
run1,1,259,112.6595,5.5567
run1,1,260,150.2999,10.8462
run1,1,261,148.4367,9.234
run1,1,262,50.5806,1.6154
run1,1,263,151.3232,11.1176
run1,1,264,126.6629,6.6482
run1,1,265,114.5278,5.6792
run1,1,266,153.7146,10.7725
run1,1,267,146.571,14.2917
run1,1,268,151.7925,10.2308
run1,1,269,149.9755,10.7234
run1,1,270,121.2117,6.6482
run1,1,271,150.7984,11.8663
run1,1,272,147.5965,11.1584
run1,1,273,152.4544,9.5389
run1,1,274,119.2285,6.6517
run1,1,275,135.012,7.8046
run1,1,276,123.356,5.934
run1,1,277,151.738,10.8693
run1,1,278,148.3856,12.5556
run1,1,279,147.7411,11.4211
run1,1,280,144.3146,12.0838
run1,1,281,146.4446,13.087
run1,1,282,138.8684,8.4286
run1,1,283,154.3586,10.1461
run1,1,284,148.6582,13.2222
run1,1,285,102.5965,5.0226
run1,1,286,154.1716,10.198
run1,1,287,136.6525,8.5217
run1,1,288,72.3256,2.6497
run1,1,289,63.1782,2.285
run1,1,290,150.5371,14.0787
run1,1,291,143.5594,16.096
run1,1,292,107.8942,5.2412
run1,1,293,153.4738,12.8049
run1,1,294,149.52,9.5926
run1,1,295,153.2775,10.0108
run1,1,296,148.8345,14.1257
run1,1,297,149.5302,12.2128
run1,1,298,102.0775,4.3224
run1,1,299,149.1047,13.213
run1,1,300,131.4086,7.7143
run2,1,1,138.7846,5.9655
run2,1,2,149.1286,11.1176
run2,1,3,106.3709,5.0874
run2,1,4,153.8612,9.6203
run2,1,5,149.7841,15.01
run2,1,6,109.9945,5.1283
run2,1,7,123.407,6.2784
run2,1,8,106.1034,4.2277
run2,1,9,71.671,2.4971
run2,1,10,140.2956,7.6796
run2,1,11,148.1056,14.9747
run2,1,12,147.1757,13.087
run2,1,13,124.9727,6.2632
run2,1,14,106.4616,4.4346
run2,1,15,145.896,8.4737
run2,1,16,75.4959,2.9615
run2,1,17,143.2189,8.8325
run2,1,18,40.6632,-1.6096
run2,1,19,126.1979,6.5652
run2,1,20,124.9788,6.2784
run2,1,21,144.027,8.9774
run2,1,22,152.6382,9.6168
run2,1,23,135.7036,8.2281
run2,1,24,141.1793,8.5217
run2,1,25,152.1255,11.0385
run2,1,26,126.0519,6.6618
run2,1,27,140.9941,8.7949
run2,1,28,148.6096,9.2581
run2,1,29,96.2633,3.6346
run2,1,30,142.328,8.1732
run2,1,31,44.3202,-1.4337
run2,1,32,145.9829,9.1212
run2,1,33,132.8362,7.3704
run2,1,34,150.352,11.9495
run2,1,35,141.4418,8.2139
run2,1,36,143.2793,7.7143
run2,1,37,144.0096,17.3409
run2,1,38,145.41,9.4623
run2,1,39,146.967,9.3902
run2,1,40,124.549,7
run2,1,41,132.4097,7
run2,1,42,151.6401,11.715
run2,1,43,111.3796,4.6136
run2,1,44,112.993,4.7174
run2,1,45,143.3372,8.066
run2,1,46,86.4304,3.2766
run2,1,47,147.9247,15.5965
run2,1,48,141.2762,8.4286
run2,1,49,154.9471,9.9787
run2,1,50,138.5705,8.3462
run2,1,51,145.0615,7.8434
run2,1,52,40.4112,0.29787
run2,1,53,120.3471,5.5567
run2,1,54,151.4679,11.0385
run2,1,55,153.1026,9.5389
run2,1,56,149.5143,10.7931
run2,1,57,110.483,4.8571
run2,1,58,109.0636,4.1429
run2,1,59,128.5769,6.186
run2,1,60,149.6775,9.5455
run2,1,61,138.8461,8.1864
run2,1,62,114.1647,4.439
run2,1,63,102.2539,3.7358
run2,1,64,127.5194,6.2473
run2,1,65,65.6439,2.2273
run2,1,66,103.9413,3.8182
run2,1,67,129.2944,6.6552
run2,1,68,148.3997,15.6096
run2,1,69,151.7616,11.4828
run2,1,70,97.9754,3.484
run2,1,71,127.537,6.2784
run2,1,72,144.065,8.8519
run2,1,73,151.8504,12.9434
run2,1,74,79.3821,3.1111
run2,1,75,155.78,10.2558
run2,1,76,121.4602,5.4615
run2,1,77,118.5763,5.5106
run2,1,78,124.7078,5.8525
run2,1,79,92.8107,3.4286
run2,1,80,156.7109,9.6776
run2,1,81,131.1892,7.3553
run2,1,82,131.9122,7
run2,1,83,128.8097,6.6373
run2,1,84,155.841,10.1461
run2,1,85,141.1994,8.8325
run2,1,86,160.0583,10.1034
run2,1,87,59.4569,1.2268
run2,1,88,129.9114,6.2045
run2,1,89,153.2777,9.5654
run2,1,90,147.5288,9.5389
run2,1,91,122.1797,6.2308
run2,1,92,115.0057,4.4872
run2,1,93,150.8916,9.2293
run2,1,94,99.0561,3.6019
run2,1,95,156.24,10.5714
run2,1,96,143.6343,9.0192
run2,1,97,140.452,8.2281
run2,1,98,115.4728,5.1283
run2,1,99,141.5602,7.7
run2,1,100,130.1181,6.6373
run2,1,101,124.867,4.8788
run2,1,102,136.9642,7.3784
run2,1,103,154.9097,10.6082
run2,1,104,94.3793,3.2162
run2,1,105,129.3966,6.3396
run2,1,106,144.2223,8.0769
run2,1,107,145.3667,7.7692
run2,1,108,114.2242,5.1283
run2,1,109,122.8042,5.4615
run2,1,110,113.1672,4.766
run2,1,111,36.6427,-0.18919
run2,1,112,44.2297,-1.4848
run2,1,113,123.2269,5.4444
run2,1,114,84.8854,2.9686
run2,1,115,100.884,3.5
run2,1,116,151.6482,9.3596
run2,1,117,113.4607,4.3224
run2,1,118,158.3371,9.9167
run2,1,119,129.4525,6.1954
run2,1,120,128.7715,6.6216
run2,1,121,154.1068,12.7732
run2,1,122,153.1541,12.8333
run2,1,123,126.1752,5.5714
run2,1,124,131.7589,6.6216
run2,1,125,91.4277,-2.6078
run2,1,126,132.4805,6.5954
run2,1,127,114.6757,4.2549
run2,1,128,130.4471,6.6216
run2,1,129,135.4674,7.3382
run2,1,130,123.7821,5.8136
run2,1,131,136.3179,7.3825
run2,1,132,19.6718,-0.04142
run2,1,133,117.865,4.4611
run2,1,134,59.0963,-1.6207
run2,1,135,133.8255,7
run2,1,136,76.6444,2.285
run2,1,137,153.9777,13.3636
run2,1,138,106.8201,4.8571
run2,1,139,85.6152,-2.5939
run2,1,140,116.6868,4.8351
run2,1,141,135.6323,7
run2,1,142,117.8356,4.1429
run2,1,143,116.9138,4.7419
run2,1,144,146.0317,8.6908
run2,1,145,148.291,9.1875
run2,1,146,60.4991,1.6154
run2,1,147,156.6939,10.7634
run2,1,148,84.4356,2.6
run2,1,149,77.5892,2.0273
run2,1,150,67.2321,1.878
run2,1,151,130.7804,5.934
run2,1,152,45.9455,0.7037
run2,1,153,158.9387,9.5926
run2,1,154,120.5038,4.6329
run2,1,155,158.8725,10.1343
run2,1,156,115.6395,4.4074
run2,1,157,143.5013,7.4046
run2,1,158,153.4737,11.0741
run2,1,159,106.6419,3.7059
run2,1,160,144.6858,8.1475
run2,1,161,115.2642,3.8657
run2,1,162,84.8379,2.6039
run2,1,163,144.8752,8.8519
run2,1,164,134.024,7
run2,1,165,139.0089,7.359
run2,1,166,42.6109,0.70787
run2,1,167,154.6872,9.4378
run2,1,168,130.2452,6.2632
run2,1,169,157.7349,9.9474
run2,1,170,154.7458,11.9189
run2,1,171,152.8989,11.1584
run2,1,172,119.265,4.3224
run2,1,173,133.8883,6.6585
run2,1,174,78.153,2.3333
run2,1,175,156.0013,11.4211
run2,1,176,128.5174,6.2708
run2,1,177,71.449,1.8421
run2,1,178,156.8483,13.087
run2,1,179,138.4642,8.0048
run2,1,180,156.3337,9.6486
run2,1,181,131.2699,5.9552
run2,1,182,140.7203,8.3725
run2,1,183,153.3385,15.8608
run2,1,184,153.0186,13.3636
run2,1,185,120.8081,5.8525
run2,1,186,88.1568,3.0914
run2,1,187,139.5317,7.3627
run2,1,188,76.3603,2.0811
run2,1,189,126.7247,5.8268
run2,1,190,154.8556,10.5
run2,1,191,115.4503,5.1481
run2,1,192,136.0234,7
run2,1,193,135.3874,7
run2,1,194,39.1452,1.0426
run2,1,195,159.8521,13.2222
run2,1,196,138.2008,7.8046
run2,1,197,79.332,1.8958
run2,1,198,136.4417,7
run2,1,199,158.1456,10.0435
run2,1,200,128.5074,6.5954
run2,1,201,131.7654,5.3908
run2,1,202,156.4751,11.3299
run2,1,203,133.1534,6.6296
run2,1,204,144.6592,7.8537
run2,1,205,153.4367,12.3299
run2,1,206,121.2888,4.439
run2,1,207,157.0437,12.0239
run2,1,208,146.6907,14.3333
run2,1,209,145.6434,8.9774
run2,1,210,144.1413,8.0995
run2,1,211,42.6057,0.033175
run2,1,212,141.767,7.3627
run2,1,213,143.797,8.2
run2,1,214,122.5494,5.2234
run2,1,215,158.1038,10.2984
run2,1,216,116.4897,4.2816
run2,1,217,143.1787,7.4
run2,1,218,109.4987,3.6667
run2,1,219,121.8071,4.8351
run2,1,220,157.8483,10.0435
run2,1,221,58.9365,-0.95455
run2,1,222,122.5539,4.1006
run2,1,223,126.5305,5.4091
run2,1,224,135.263,6.2308
run2,1,225,140.1798,7
run2,1,226,128.9342,5.4615
run2,1,227,121.3208,5.0226
run2,1,228,130.8467,5.877
run2,1,229,102.1396,3.3542
run2,1,230,136.1446,7
run2,1,231,156.0827,14.3481
run2,1,232,142.5848,7.7368
run2,1,233,149.1822,9.0388
run2,1,234,139.0467,7.4094
run2,1,235,132.6544,5.8525
run2,1,236,134.931,5.9005
run2,1,237,138.546,7
run2,1,238,129.5827,5.4615
run2,1,239,149.3624,9.3077
run2,1,240,43.4853,0.36842
run2,1,241,156.8286,13.2821
run2,1,242,123.7843,7
run2,1,243,132.9364,7
run2,1,244,133.2488,7
run2,1,245,127.5986,5.877
run2,1,246,69.7846,2.8378
run2,1,247,118.594,5.2759
run2,1,248,159.5649,11.9727
run2,1,249,151.8418,12.8659
run2,1,250,100.872,3.9268
run2,1,251,152.8137,13.4324
run2,1,252,93.4754,3.7358
run2,1,253,118.4767,5.4444
run2,1,254,132.0824,7
run2,1,255,58.7889,2.1961
run2,1,256,31.5706,-0.38693
run2,1,257,157.1526,9.8283
run2,1,258,99.8089,3.5854
run2,1,259,73.8879,2.4271
run2,1,260,113.114,4.2549
run2,1,261,143.5185,7.7368
run2,1,262,143.3523,8.5217
run2,1,263,43.778,0.89744
run2,1,264,147.7402,8.0553
run2,1,265,156.6494,14.0707
run2,1,266,141.2814,8.0769
run2,1,267,109.4477,3.8539
run2,1,268,155.196,9.6923
run2,1,269,134.2505,7.3955
run2,1,270,155.1392,12.4902
run2,1,271,128.0109,6.2308
run2,1,272,97.3936,3.5347
run2,1,273,82.5066,3.1538
run2,1,274,114.1768,4.9
run2,1,275,118.9376,5.5263
run2,1,276,126.402,5.9552
run2,1,277,155.7296,11.1622
run2,1,278,123.0686,5.6139
run2,1,279,20.5127,-0.078652
run2,1,280,158.0061,11.6154
run2,1,281,92.9208,3.3158
run2,1,282,69.6622,2.3333
run2,1,283,113.6369,4.2961
run2,1,284,115.8616,4.1134
run2,1,285,32.5901,0.12139
run2,1,286,134.341,7
run2,1,287,128.5692,6.3137
run2,1,288,113.3767,4.8571
run2,1,289,114.5507,4.4346
run2,1,290,155.5958,11.3017
run2,1,291,141.3246,8.8519
run2,1,292,143.6484,8.5054
run2,1,293,65.0463,-2.2771
run2,1,294,153.878,9.6203
run2,1,295,138.0166,8.2575
run2,1,296,144.9033,8.7241
run2,1,297,19.6758,-0.93103
run2,1,298,145.0174,8.0048
run2,1,299,130.0865,5.9119
run2,1,300,126.1635,6.3
run3,1,1,129.5499,4.2316
run3,1,2,119.1359,5.5714
run3,1,3,128.1447,7
run3,1,4,118.4138,5.7719
run3,1,5,64.5613,2.5789
run3,1,6,48.9709,-1.2123
run3,1,7,154.0112,11.8276
run3,1,8,104.5686,4.3224
run3,1,9,140.6643,8.4894
run3,1,10,155.2124,10.5196
run3,1,11,139.8582,8.1351
run3,1,12,122.9269,6.1954
run3,1,13,124.0644,6.5808
run3,1,14,150.7369,13.4324
run3,1,15,90.5645,3.8889
run3,1,16,148.0718,14.7778
run3,1,17,128.0828,7
run3,1,18,153.8243,12.6566
run3,1,19,139.7964,8.3208
run3,1,20,106.6542,4.9412
run3,1,21,115.8935,5.5567
run3,1,22,130.9597,7.3911
run3,1,23,69.3486,2.8824
run3,1,24,150.8111,16.7849
run3,1,25,154.8832,9.9302
run3,1,26,120.8971,5.9952
run3,1,27,138.3661,8.3725
run3,1,28,28.3386,-0.875
run3,1,29,154.4482,10.2558
run3,1,30,122.0964,6.2135
run3,1,31,129.5053,7
run3,1,32,153.6136,12.0515
run3,1,33,141.5134,8.0769
run3,1,34,152.9958,9.6203
run3,1,35,152.4194,9.7684
run3,1,36,150.5784,10.8693
run3,1,37,150.3816,12
run3,1,38,126.063,6.2632
run3,1,39,129.137,7
run3,1,40,142.937,8.7949
run3,1,41,99.4173,3.8182
run3,1,42,150.3405,13.3
run3,1,43,90.0459,3.8539
run3,1,44,70.4312,2.8824
run3,1,45,139.6212,8.573
run3,1,46,133.9187,7.3867
run3,1,47,115.241,5.4783
run3,1,48,137.0498,7.7292
run3,1,49,76.9686,2.8824
run3,1,50,81.6363,-2.2771
run3,1,51,76.7317,2.5789
run3,1,52,117.5958,5.6275
run3,1,53,138.8319,8.0995
run3,1,54,122.3704,5.5106
run3,1,55,147.2696,9.4138
run3,1,56,154.763,10.5354
run3,1,57,140.7136,8.5217
run3,1,58,144.884,9
run3,1,59,137.5323,7.7368
run3,1,60,63.0711,-1.9944
run3,1,61,122.5939,5.9119
run3,1,62,95.1873,3.6019
run3,1,63,141.4015,8.4141
run3,1,64,115.4867,5.3333
run3,1,65,155.5846,11.9412
run3,1,66,148.588,11.5562
run3,1,67,150.9039,10.4054
run3,1,68,151.0324,14
run3,1,69,154.3786,10.2308
run3,1,70,122.4005,6.6133
run3,1,71,151.2314,14.6963
run3,1,72,154.0131,9.6415
run3,1,73,150.703,13.2921
run3,1,74,115.0425,5.8398
run3,1,75,107.2168,3.9892
run3,1,76,109.3569,4.7895
run3,1,77,136.7405,7.3349
run3,1,78,80.3131,3.1692
run3,1,79,151.4122,12.7143
run3,1,80,132.2462,7.3665
run3,1,81,119.9084,6.6373
run3,1,82,124.5522,6.6552
run3,1,83,154.1639,13.1026
run3,1,84,150.615,13.8205
run3,1,85,106.8527,4.6995
run3,1,86,132.115,7
run3,1,87,48.411,1.5596
run3,1,88,123.6901,6.3069
run3,1,89,125.8506,6.375
run3,1,90,125.4291,5.8525
run3,1,91,155.0355,12.7273
run3,1,92,73.3782,2.7923
run3,1,93,130.2511,7
run3,1,94,65.7928,2
run3,1,95,85.1183,3.3542
run3,1,96,139.7452,8.4583
run3,1,97,138.7558,7.6542
run3,1,98,113.044,5.2587
run3,1,99,141.5374,8.1351
run3,1,100,128.6885,6.3204
run3,1,101,156.4181,9.5128
run3,1,102,120.5208,6.6216
run3,1,103,138.6148,8.4433
run3,1,104,152.6093,9.5389
run3,1,105,152.6747,12.0515
run3,1,106,83.0188,2.977
run3,1,107,139.9508,7.6481
run3,1,108,156.2742,10.1658
run3,1,109,126.5002,6.2708
run3,1,110,103.7981,3.9268
run3,1,111,116.4093,5.3568
run3,1,112,125.1906,6.2473
run3,1,113,154.2448,12.3363
run3,1,114,126.404,6.3137
run3,1,115,130.1517,7
run3,1,116,73.5524,2.5172
run3,1,117,126.3478,6.6335
run3,1,118,120.1326,5.5859
run3,1,119,129.1897,7
run3,1,120,131.7083,7
run3,1,121,130.3839,7
run3,1,122,108.2574,4.0526
run3,1,123,111.7291,5.0663
run3,1,124,154.043,11.2424
run3,1,125,110.6425,4.0968
run3,1,126,159.7899,9.8
run3,1,127,136.3878,8.4894
run3,1,128,113.0103,4.2928
run3,1,129,151.7757,9.2105
run3,1,130,112.5053,5.3254
run3,1,131,140.1235,7.7292
run3,1,132,104.3991,3.7358
run3,1,133,125.972,5.8525
run3,1,134,138.7553,8.1111
run3,1,135,115.6313,4.2316
run3,1,136,142.8371,8.7241
run3,1,137,117.1915,5.2051
run3,1,138,65.872,2.0811
run3,1,139,34.8824,0.7037
run3,1,140,139.3105,7.3704
run3,1,141,130.2289,7
run3,1,142,133.2424,7
run3,1,143,90.4906,3.484
run3,1,144,145.7498,8.8919
run3,1,145,156.8775,13.3636
run3,1,146,115.8705,6.3069
run3,1,147,51.5236,1.1951
run3,1,148,149.3508,9.2105
run3,1,149,122.8672,6.6296
run3,1,150,149.735,16.3548
run3,1,151,141.4376,8.1111
run3,1,152,114.1387,5.0374
run3,1,153,138.9552,7.6542
run3,1,154,102.3629,3.8342
run3,1,155,154.7378,13.4324
run3,1,156,139.9688,9.2105
run3,1,157,119.0225,6.2784
run3,1,158,140.9083,8.6279
run3,1,159,141.5658,8.4
run3,1,160,155.3934,10.6082
run3,1,161,59.3965,1.7236
run3,1,162,111.3895,4.1429
run3,1,163,127.6956,6.6774
run3,1,164,141.6797,8.4894
run3,1,165,114.7913,4.5377
run3,1,166,43.874,-1.0208
run3,1,167,112.3358,4.8125
run3,1,168,126.7098,6.1358
run3,1,169,140.0884,8.4894
run3,1,170,130.6197,7
run3,1,171,140.702,8.3725
run3,1,172,142.8602,7.7778
run3,1,173,114.3892,4.6404
run3,1,174,80.9864,2.8416
run3,1,175,113.0384,4.4074
run3,1,176,152.8223,11.8148
run3,1,177,152.6713,12.7377
run3,1,178,141.45,7.7955
run3,1,179,128.5757,6.5858
run3,1,180,154.1011,10.6842
run3,1,181,139.4483,8.3725
run3,1,182,128.5315,6.6373
run3,1,183,152.8407,9.5926
run3,1,184,135.8508,7.7216
run3,1,185,124.5812,5.8889
run3,1,186,153.2078,11.2541
run3,1,187,151.6117,10.9487
run3,1,188,125.8209,6.6175
run3,1,189,130.7462,7
run3,1,190,118.1725,5.3908
run3,1,191,136.9591,7.3483
run3,1,192,110.5405,4.2928
run3,1,193,145.1913,7.7955
run3,1,194,148.9953,15.2353
run3,1,195,104.5478,3.7059
run3,1,196,24.3348,-0.67742
run3,1,197,127.2249,6.2135
run3,1,198,59.1811,1.7312
run3,1,199,158.393,10.3333
run3,1,200,58.2029,1.7872
run3,1,201,162.2772,12.0276
run3,1,202,116.8667,5.5106
run3,1,203,110.6978,4.2816
run3,1,204,158.6666,10.0435
run3,1,205,129.926,7
run3,1,206,91.4696,3.4804
run3,1,207,69.895,2.285
run3,1,208,137.9791,7.3518
run3,1,209,136.6135,7.3911
run3,1,210,131.1083,7
run3,1,211,80.8167,3.1307
run3,1,212,111.7843,4.5862
run3,1,213,144.3184,7.7071
run3,1,214,112.0646,4.8125
run3,1,215,132.0065,6.3069
run3,1,216,158.4594,10.198
run3,1,217,68.5157,2.0273
run3,1,218,152.0123,9.5128
run3,1,219,140.5282,8.5909
run3,1,220,156.0146,10.9086
run3,1,221,113.8203,4.6923
run3,1,222,158.1329,10.6842
run3,1,223,109.6557,4.5862
run3,1,224,155.9777,11.0698
run3,1,225,78.348,2.625
run3,1,226,158.0421,12.9574
run3,1,227,154.1713,9.8571
run3,1,228,123.9193,5.6275
run3,1,229,151.3134,9.5654
run3,1,230,141.2358,9.0388
run3,1,231,128.632,6.6447
run3,1,232,144.0252,8.4141
run3,1,233,146.0116,8.7949
run3,1,234,149.2142,9.4138
run3,1,235,140.458,8.1864
run3,1,236,127.0694,5.8649
run3,1,237,155.4792,10.4314
run3,1,238,140.6416,8.3592
run3,1,239,74.9176,2.2809
run3,1,240,156.359,12.8659
run3,1,241,143.9564,9.234
run3,1,242,121.5099,6.3
run3,1,243,141.0163,7.6422
run3,1,244,123.9032,5.9005
run3,1,245,142.5841,8.9126
run3,1,246,127.7552,6.6257
run3,1,247,115.2755,5.3092
run3,1,248,141.3269,7.6796
run3,1,249,153.582,11.0385
run3,1,250,77.8156,3.1538
run3,1,251,151.3789,9.5128
run3,1,252,102.7804,3.7059
run3,1,253,133.5129,7
run3,1,254,155.3961,13.4474
run3,1,255,159.1314,10.4054
run3,1,256,75.1566,2.1485
run3,1,257,113.8787,4.4346
run3,1,258,152.6602,9.2581
run3,1,259,155.0598,10.2558
run3,1,260,132.8397,7
run3,1,261,75.2913,2.3333
run3,1,262,112.173,4.3333
run3,1,263,86.1273,3.2766
run3,1,264,75.7993,3.1307
run3,1,265,125.0359,6.2222
run3,1,266,156.9755,10.3981
run3,1,267,128.8339,7
run3,1,268,63.9152,1.9485
run3,1,269,75.8981,3.1818
run3,1,270,107.8823,4.0213
run3,1,271,113.5835,4.6098
run3,1,272,156.2706,14.0787
run3,1,273,46.8583,0.57798
run3,1,274,85.5745,3.1957
run3,1,275,49.6181,1.385
run3,1,276,152.8868,9.5389
run3,1,277,132.9759,7.3704
run3,1,278,127.4098,6.6
run3,1,279,110.4705,4.0659
run3,1,280,143.029,7.6481
run3,1,281,31.0442,-0.26776
run3,1,282,113.6764,4.2928
run3,1,283,158.7838,10.2984
run3,1,284,51.9377,0.56322
run3,1,285,116.9449,5.2234
run3,1,286,144.3258,8.6279
run3,1,287,134.3458,7
run3,1,288,142.6559,8.7588
run3,1,289,126.9454,6.2784
run3,1,290,138.3107,7.3784
run3,1,291,157.0906,11.8148
run3,1,292,129.0699,6.2857
run3,1,293,156.2648,10.2984
run3,1,294,142.4391,8.4141
run3,1,295,144.982,8.0995
run3,1,296,115.966,4.4611
run3,1,297,117.5904,5.3568
run3,1,298,44.397,1.3062
run3,1,299,50.8175,1.0426
run3,1,300,47.9702,0.42541
run4,1,1,166.1228,12
run4,1,2,110.0285,5.1481
run4,1,3,155.85,12.2
run4,1,4,124.5193,6.2135
run4,1,5,144.5424,9.1429
run4,1,6,107.3493,5.25
run4,1,7,35.3499,1.2623
run4,1,8,155.1552,10.8182
run4,1,9,125.0383,6.3137
run4,1,10,75.399,2.7831
run4,1,11,153.7445,15.9744
run4,1,12,118.1474,5.7273
run4,1,13,142.0928,8.9553
run4,1,14,153.5023,13.7742
run4,1,15,153.1696,12.3299
run4,1,16,48.1636,1.1667
run4,1,17,38.1627,-1.1395
run4,1,18,94.7758,3.5574
run4,1,19,157.2355,12.8659
run4,1,20,134.6056,7.3627
run4,1,21,122.6838,5.9655
run4,1,22,149.583,9.3864
run4,1,23,155.4764,13
run4,1,24,138.6762,8.7413
run4,1,25,149.1044,14.9641
run4,1,26,73.0127,2.4726
run4,1,27,152.4478,13.2376
run4,1,28,47.0294,1.5556
run4,1,29,152.4358,12.8049
run4,1,30,123.298,5.9231
run4,1,31,137.966,8.2139
run4,1,32,148.2661,15.4293
run4,1,33,150.8534,11.375
run4,1,34,111.1701,5
run4,1,35,153.7515,11.6154
run4,1,36,151.5881,9.7184
run4,1,37,149.0026,17.6667
run4,1,38,119.7364,6.2045
run4,1,39,139.8581,8.1602
run4,1,40,145.4763,8.7588
run4,1,41,149.4987,15.1215
run4,1,42,152.3728,9.8
run4,1,43,155.9167,10.0732
run4,1,44,152.0856,9.6486
run4,1,45,133.316,7.3627
run4,1,46,153.791,12.8947
run4,1,47,137.4056,8.0145
run4,1,48,112.4657,4.6923
run4,1,49,155.2963,10.6082
run4,1,50,118.3996,5.8889
run4,1,51,52.3506,1.7872
run4,1,52,144.255,7.9953
run4,1,53,155.3072,10.4529
run4,1,54,139.7715,8.0769
run4,1,55,65.8101,1.6739
run4,1,56,159.6587,10.7278
run4,1,57,141.6632,8.4894
run4,1,58,137.5988,7.3704
run4,1,59,115.2148,5.1675
run4,1,60,158.9279,9.9474
run4,1,61,125.0506,5.9952
run4,1,62,46.0613,1.1379
run4,1,63,157.9299,9.6486
run4,1,64,118.6341,5.5417
run4,1,65,108.6581,5.1675
run4,1,66,156.4571,9.6486
run4,1,67,114.3378,5.4615
run4,1,68,150.8353,9.4873
run4,1,69,70.622,2.4271
run4,1,70,157.4705,10.0435
run4,1,71,91.1953,3.3584
run4,1,72,153.3491,12.8947
run4,1,73,126.0975,6.1358
run4,1,74,125.9034,6.1765
run4,1,75,120.5924,5.4946
run4,1,76,147.1832,14.7778
run4,1,77,124.3504,6.6774
run4,1,78,66.7957,2.3333
run4,1,79,142.3368,8.0881
run4,1,80,143.823,8.573
run4,1,81,153.9205,13.8478
run4,1,82,155.0293,10.198
run4,1,83,150.9302,11.2857
run4,1,84,115.5937,5.427
run4,1,85,154.4749,10.9086
run4,1,86,155.1702,10.6842
run4,1,87,122.6341,6.2708
run4,1,88,158.0422,10.0435
run4,1,89,139.7535,8.0553
run4,1,90,130.538,6.6651
run4,1,91,121.8702,5.9231
run4,1,92,152.5216,9.7684
run4,1,93,80.3815,2.7923
run4,1,94,74.3488,2.6497
run4,1,95,142.1324,8.0995
run4,1,96,114.1411,4.5377
run4,1,97,102.6065,3.7016
run4,1,98,151.274,13.7021
run4,1,99,112.0092,3.9892
run4,1,100,143.4897,7.7143
run4,1,101,138.711,7
run4,1,102,142.2946,8.4
run4,1,103,114.262,4.9
run4,1,104,114.5151,5.1675
run4,1,105,151.9117,9.4623
run4,1,106,128.6733,7
run4,1,107,112.7226,5.0226
run4,1,108,133.0919,7
run4,1,109,146.8074,8.0769
run4,1,110,145.9511,7.7778
run4,1,111,128.0572,6.6216
run4,1,112,70.9428,2.3846
run4,1,113,125.7755,5.7719
run4,1,114,125.1514,5.877
run4,1,115,126.1574,6.2929
run4,1,116,150.7951,9.4706
run4,1,117,110.7347,4.6777
run4,1,118,140.9012,7.3704
run4,1,119,114.9676,4.8351
run4,1,120,127.0942,5.8525
run4,1,121,155.9933,12.8333
run4,1,122,21.4867,0.10881
run4,1,123,158.7251,11.7644
run4,1,124,110.3312,4.4611
run4,1,125,63.2886,-1.8421
run4,1,126,156.9678,11.2541
run4,1,127,142.0666,8.066
run4,1,128,45.901,0.25301
run4,1,129,158.0191,10.0435
run4,1,130,154.4923,10.4653
run4,1,131,140.6735,8.5054
run4,1,132,157.4813,9.8866
run4,1,133,146.6534,9.2826
run4,1,134,153.3497,13.6834
run4,1,135,156.4424,10.6842
run4,1,136,154.2382,9.7451
run4,1,137,138.2287,8.1351
run4,1,138,133.2011,6.3069
run4,1,139,112.4018,5.0189
run4,1,140,112.7313,4.439
run4,1,141,62.5817,1.6154
run4,1,142,73.9555,2.6983
run4,1,143,151.4964,17.2667
run4,1,144,137.9671,8.4433
run4,1,145,81.9291,3.0674
run4,1,146,83.9893,3.1818
run4,1,147,150.7956,16.6552
run4,1,148,39.2039,1.3243
run4,1,149,158.8996,10.0435
run4,1,150,140.3536,7.6731
run4,1,151,153.3212,11.5161
run4,1,152,152.6409,9.8324
run4,1,153,135.8018,7.3743
run4,1,154,143.7536,8.1602
run4,1,155,146.3714,8.4583
run4,1,156,156.0642,11.7191
run4,1,157,127.5095,6.641
run4,1,158,110.311,4.2316
run4,1,159,157.9682,10.1818
run4,1,160,71.0268,1.9724
run4,1,161,93.8997,3.5574
run4,1,162,144.7758,8.0448
run4,1,163,157.009,11.5274
run4,1,164,129.3959,6.6133
run4,1,165,126.1267,6.6482
run4,1,166,128.2496,6.6482
run4,1,167,144.962,8.9444
run4,1,168,155.3611,11.1584
run4,1,169,143.2648,8.4737
run4,1,170,37.6994,0.63636
run4,1,171,134.4128,7
run4,1,172,156.5876,12.4404
run4,1,173,150.2298,12.7143
run4,1,174,66.7062,1.8276
run4,1,175,68.1845,2.1485
run4,1,176,155.5096,11.2683
run4,1,177,144.348,8.9626
run4,1,178,114.9363,4.8571
run4,1,179,126.873,6.6335
run4,1,180,157.0774,9.9858
run4,1,181,154.0674,10.6
run4,1,182,151.6187,11.8148
run4,1,183,142.7749,8.6667
run4,1,184,155.295,13.4324
run4,1,185,140.177,7.625
run4,1,186,108.4775,3.8889
run4,1,187,155.2036,13.6834
run4,1,188,91.057,-2.7351
run4,1,189,136.9574,7
run4,1,190,113.2483,4.2277
run4,1,191,155.6956,9.4873
run4,1,192,136.321,7.6542
run4,1,193,155.1942,10.5593
run4,1,194,152.9525,10.9487
run4,1,195,131.2382,6.6296
run4,1,196,142.1504,7.7778
run4,1,197,89.9771,3.3158
run4,1,198,100.6311,3.6346
run4,1,199,131.7574,6.1765
run4,1,200,151.6493,15.0208
run4,1,201,142.2533,7
run4,1,202,151.2616,9.3223
run4,1,203,126.0383,6.6335
run4,1,204,143.1853,7.7
run4,1,205,129.5797,6.5906
run4,1,206,46.1157,0.93064
run4,1,207,156.9309,9.6203
run4,1,208,154.8384,11.9727
run4,1,209,126.8495,6.1463
run4,1,210,111.6175,5.0447
run4,1,211,27.3603,-0.10145
run4,1,212,128.2162,6.3519
run4,1,213,129.4178,6.2135
run4,1,214,156.6516,11.9
run4,1,215,148.2832,13.2222
run4,1,216,153.9321,10.9086
run4,1,217,151.0324,14.6963
run4,1,218,116.1036,5.1865
run4,1,219,146.6637,8.9337
run4,1,220,152.2358,15.1915
run4,1,221,147.9031,9.3902
run4,1,222,158.0008,12.3261
run4,1,223,114.4954,5.1675
run4,1,224,127.9633,6.3069
run4,1,225,159.9429,12.3261
run4,1,226,127.5665,6.2784
run4,1,227,156.5786,10.9086
run4,1,228,153.5072,10.4054
run4,1,229,78.9807,2.9302
run4,1,230,130.7147,6.6552
run4,1,231,140.6848,7.7692
run4,1,232,139.8606,7.4046
run4,1,233,85.5128,3.4407
run4,1,234,128.3436,6.641
run4,1,235,127.0898,6.3137
run4,1,236,157.2189,11.0741
run4,1,237,96.4707,3.5193
run4,1,238,153.9857,15.4
run4,1,239,142.9524,8.0769
run4,1,240,158.3849,10.2984
run4,1,241,126.7847,6.3137
run4,1,242,159.6093,10.198
run4,1,243,125.6647,5.8398
run4,1,244,140.9867,8.7588
run4,1,245,120.9487,5.4783
run4,1,246,137.5542,7.4192
run4,1,247,137.7688,7.4142
run4,1,248,114.878,5.1081
run4,1,249,149.0005,9.2826
run4,1,250,152.5775,9.9474
run4,1,251,129.8661,7
run4,1,252,30.4668,0.70787
run4,1,253,160.289,13.3636
run4,1,254,138.9664,8.9553
run4,1,255,138.833,7.3448
run4,1,256,145.0494,8.123
run4,1,257,148.4243,8.4286
run4,1,258,155.8801,14.861
run4,1,259,153.3282,11.0741
run4,1,260,151.4904,11.8663
run4,1,261,148.5856,9.2172
run4,1,262,141.1061,8.4583
run4,1,263,155.8385,11.8837
run4,1,264,143.5946,8.0448
run4,1,265,114.4408,4.8788
run4,1,266,158.0104,10.271
run4,1,267,154.0054,10.9487
run4,1,268,152.0538,10.8308
run4,1,269,106.4963,3.789
run4,1,270,151.0976,9.2581
run4,1,271,143.363,8.4433
run4,1,272,115.7582,4.5862
run4,1,273,156.2935,10.9896
run4,1,274,124.9008,5.7719
run4,1,275,138.6269,7.359
run4,1,276,157.2487,12.6
run4,1,277,146.488,18.3131
run4,1,278,148.4049,9.2105
run4,1,279,153.2944,11.375
run4,1,280,147.7732,15.7027
run4,1,281,155.4367,10.4054
run4,1,282,126.321,6.6
run4,1,283,113.1178,4.0526
run4,1,284,152.3834,13.7021
run4,1,285,62.2783,1.1667
run4,1,286,156.0304,9.3864
run4,1,287,150.226,9.4138
run4,1,288,153.2973,12.0276
run4,1,289,150.4683,12.5556
run4,1,290,154.8703,12.1412
run4,1,291,146.8173,15.4848
run4,1,292,146.0741,15.4971
run4,1,293,145.8502,8.8717
run4,1,294,123.9516,5.6538
run4,1,295,155.9184,12.6757
run4,1,296,123.5085,5.9005
run4,1,297,146.0243,9.1429
run4,1,298,149.711,13.747
run4,1,299,155.4315,12.7798
run4,1,300,153.4737,11.2857
run5,1,1,169.1473,10.2984
run5,1,2,155.6468,9.4138
run5,1,3,140.9161,8.4583
run5,1,4,157.5808,10.6842
run5,1,5,151.5626,13.4417
run5,1,6,117.9946,5.8889
run5,1,7,120.3323,5.4946
run5,1,8,79.4359,3.1538
run5,1,9,137.768,7.3256
run5,1,10,73.8108,2.3333
run5,1,11,144.557,8.2575
run5,1,12,153.8765,9.5301
run5,1,13,124.9242,5.934
run5,1,14,81.0613,3.0513
run5,1,15,157.4091,9.9474
run5,1,16,133.731,7.3382
run5,1,17,156.2475,12.8011
run5,1,18,141.8046,7.7447
run5,1,19,115.6246,5.2051
run5,1,20,70.508,2.2273
run5,1,21,133.4943,7
run5,1,22,115.4517,4.7987
run5,1,23,145.7325,7.7692
run5,1,24,157.0836,9.6776
run5,1,25,149.541,9.5926
run5,1,26,128.9804,7
run5,1,27,154.1949,16.4792
run5,1,28,69.5256,2.2427
run5,1,29,159.2442,10.369
run5,1,30,145.0171,9.1212
run5,1,31,153.245,12.615
run5,1,32,153.7338,12.1042
run5,1,33,145.3017,8.4141
run5,1,34,143.8809,7.6542
run5,1,35,152.4531,12.7732
run5,1,36,139.853,7.7071
run5,1,37,54.5387,1.385
run5,1,38,152.5157,15.0328
run5,1,39,93.3531,3.4286
run5,1,40,158.1434,11.439
run5,1,41,130.8235,6.2708
run5,1,42,114.0431,4.2928
run5,1,43,140.8293,7.3382
run5,1,44,132.8349,7
run5,1,45,158.8723,9.9577
run5,1,46,154.0335,10.6082
run5,1,47,132.6214,7
run5,1,48,113.448,4.3077
run5,1,49,131.2665,6.2222
run5,1,50,155.5921,14.7778
run5,1,51,129.3778,5.9552
run5,1,52,41.1633,-0.46193
run5,1,53,157.6275,12.2764
run5,1,54,135.9681,7
run5,1,55,133.3879,7
run5,1,56,146.8601,8.0553
run5,1,57,158.216,10.0061
run5,1,58,132.2984,7
run5,1,59,135.9901,7
run5,1,60,116.1068,5.1675
run5,1,61,128.87,5.9756
run5,1,62,156.1207,12.5556
run5,1,63,156.4059,11.1584
run5,1,64,156.676,9.7684
run5,1,65,140.8859,8.7413
run5,1,66,156.9526,11.1622
run5,1,67,54.1162,1.5556
run5,1,68,108.5327,4.0142
run5,1,69,155.6123,9.561
run5,1,70,139.6725,8.4286
run5,1,71,157.7335,10.3333
run5,1,72,150.5287,14.6087
run5,1,73,114.0384,4.0833
run5,1,74,146.7503,8.8325
run5,1,75,116.8906,5.0663
run5,1,76,53.2827,1.4944
run5,1,77,99.927,3.6667
run5,1,78,147.4046,8.9337
run5,1,79,157.3951,13.6216
run5,1,80,115.3928,4.2549
run5,1,81,147.506,8.8325
run5,1,82,160.4539,10.4529
run5,1,83,46.8195,-1.4971
run5,1,84,140.0265,7.4192
run5,1,85,114.6176,4.8125
run5,1,86,155.3482,13.0406
run5,1,87,116.3083,5.0447
run5,1,88,157.3844,9.7451
run5,1,89,53.4711,-0.77778
run5,1,90,45.2313,0.4375
run5,1,91,143.8199,8.5385
run5,1,92,146.0338,7.7955
run5,1,93,130.0021,6.6133
run5,1,94,158.0601,12.8621
run5,1,95,157.1854,10.0769
run5,1,96,101.292,3.6667
run5,1,97,85.5495,3.1538
run5,1,98,128.1945,6.6296
run5,1,99,133.5504,7
run5,1,100,159.4871,9.7684
run5,1,101,162.9484,11.9
run5,1,102,143.8146,7.7778
run5,1,103,147.0503,7.7527
run5,1,104,135.4615,7
run5,1,105,116.4093,4.4699
run5,1,106,132.1603,6.2473
run5,1,107,153.0271,9.7072
run5,1,108,130.2794,7
run5,1,109,124.2608,5.7037
run5,1,110,141.3277,8.7766
run5,1,111,109.7018,4.1345
run5,1,112,147.5748,9.1212
run5,1,113,142.0761,7.814
run5,1,114,158.7634,10.3333
run5,1,115,114.1897,4.2277
run5,1,116,129.5564,5.8525
run5,1,117,128.3162,6.6133
run5,1,118,127.1368,6.3333
run5,1,119,79.8394,2.6497
run5,1,120,84.2234,3.0914
run5,1,121,143.5264,8.2
run5,1,122,85.9084,3.1692
run5,1,123,156.6135,9.6776
run5,1,124,82.0076,2.5319
run5,1,125,144.8021,8.0145
run5,1,126,157.0614,11.6193
run5,1,127,132.3361,6.6482
run5,1,128,114.2259,4.6923
run5,1,129,147.5105,8.0048
run5,1,130,157.3258,10.9896
run5,1,131,147.7663,9.1875
run5,1,132,146.7411,9.1429
run5,1,133,156.8688,9.9341
run5,1,134,112.9345,4.9208
run5,1,135,113.4258,4.1134
run5,1,136,146.2779,9.0468
run5,1,137,121.5017,5.6275
run5,1,138,97.6582,3.4286
run5,1,139,82.1331,2.7923
run5,1,140,115.9247,4.9208
run5,1,141,138.3751,7.3448
run5,1,142,81.987,2.6039
run5,1,143,143.3484,8.1864
run5,1,144,122.4015,4.2928
run5,1,145,103.3179,3.5854
run5,1,146,90.6278,3.2766
run5,1,147,26.0483,-0.32558
run5,1,148,150.1433,9.2581
run5,1,149,116.447,4.4346
run5,1,150,153.9598,15.0208
run5,1,151,148.6429,13.3636
run5,1,152,40.0563,0.56757
run5,1,153,145.9973,8.4583
run5,1,154,158.3866,10.5593
run5,1,155,108.4772,3.7692
run5,1,156,113.1021,4.1134
run5,1,157,74.5787,2
run5,1,158,33.7797,0.95939
run5,1,159,157.3986,11.4
run5,1,160,149.1232,13.3
run5,1,161,153.3076,14.7778
run5,1,162,153.6394,11.023
run5,1,163,155.1452,10.3333
run5,1,164,144.0292,7.4
run5,1,165,119.9692,5.427
run5,1,166,127.0799,6.6216
run5,1,167,130.536,6.6335
run5,1,168,157.0685,13.8786
run5,1,169,120.5183,5.0874
run5,1,170,149.3358,9.3077
run5,1,171,146.0205,9.3223
run5,1,172,128.6517,6.6682
run5,1,173,129.5423,5.8889
run5,1,174,158.5449,10.2308
run5,1,175,135.0905,7
run5,1,176,159.8236,10.2984
run5,1,177,59.8813,1.1053
run5,1,178,158.9806,10.198
run5,1,179,153.6787,11.0741
run5,1,180,145.8196,8.0995
run5,1,181,136.6646,7
run5,1,182,107.8665,3.8182
run5,1,183,138.6104,7.3448
run5,1,184,143.7201,7.7692
run5,1,185,152.4716,13.087
run5,1,186,120.3199,5.5417
run5,1,187,150.6589,15.9944
run5,1,188,132.7172,7
run5,1,189,156.5073,10.8043
run5,1,190,139.041,7.3784
run5,1,191,139.9551,7.3627
run5,1,192,127.7333,6.2553
run5,1,193,129.5068,6.6175
run5,1,194,117.178,5.0734
run5,1,195,144.8982,8.3333
run5,1,196,118.192,4.6667
run5,1,197,146.735,8.7588
run5,1,198,157.6944,12.1579
run5,1,199,145.4072,8.8919
run5,1,200,135.5159,7
run5,1,201,137.4304,6.2632
run5,1,202,139.9686,7.3448
run5,1,203,133.4102,7
run5,1,204,135.8225,7
run5,1,205,134.4702,7
run5,1,206,125.2887,5.5106
run5,1,207,96.7472,3.5686
run5,1,208,160.5717,13.3636
run5,1,209,140.9348,8.1111
run5,1,210,145.2882,8.3725
run5,1,211,109.7129,3.802
run5,1,212,157.7192,10.3333
run5,1,213,155.153,10.3333
run5,1,214,122.7481,5.4091
run5,1,215,158.8408,10.0435
run5,1,216,156.3827,9.8283
run5,1,217,131.2431,7
run5,1,218,143.2797,7.7368
run5,1,219,97.8768,3.5574
run5,1,220,160.0314,11.8276
run5,1,221,113.5665,4.7828
run5,1,222,140.9809,7.3743
run5,1,223,144.5143,8.7588
run5,1,224,128.9405,6.6216
run5,1,225,159.9144,10.4054
run5,1,226,121.052,5.4946
run5,1,227,157.2289,10.0769
run5,1,228,55.6969,1
run5,1,229,155.2975,9.3333
run5,1,230,143.2744,8.1864
run5,1,231,156.0047,11.1667
run5,1,232,138.5725,7.3415
run5,1,233,125.5544,5.9756
run5,1,234,134.3626,7
run5,1,235,113.3638,4.0213
run5,1,236,146.5341,8.123
run5,1,237,159.044,10.7634
run5,1,238,156.6605,9.9474
run5,1,239,128.0427,6.6335
run5,1,240,45.8824,0.76238
run5,1,241,88.4923,2.9259
run5,1,242,130.8173,6.3269
run5,1,243,129.6564,6.6175
run5,1,244,146.9331,8.1351
run5,1,245,124.2507,5.5417
run5,1,246,154.5879,7
run5,1,247,161.2755,9.3864
run5,1,248,154.122,8.6667
run5,1,249,149.3353,5.5859
run5,1,250,161.8171,9.561
run5,1,251,160.601,15.9362
run5,1,252,141.2998,7.3825
run5,1,253,156.571,11.8515
run5,1,254,131.1441,6.641
run5,1,255,144.4374,8.7588
run5,1,256,151.6986,9.4706
run5,1,257,155.7777,12.3846
run5,1,258,128.3696,6.6045
run5,1,259,128.1396,6.6
run5,1,260,113.6891,4.8351
run5,1,261,135.5655,6.3069
run5,1,262,156.2579,9.8
run5,1,263,126.7795,6.6133
run5,1,264,154.6743,15.2353
run5,1,265,71.383,1.7399
run5,1,266,137.8166,7
run5,1,267,131.1446,6.3204
run5,1,268,134.121,7
run5,1,269,130.5188,6.1954
run5,1,270,113.2126,4.3418
run5,1,271,80.9958,2.3333
run5,1,272,154.6171,9.6923
run5,1,273,154.8779,14.0335
run5,1,274,105.1215,3.8182
run5,1,275,153.6958,9.5654
run5,1,276,155.4394,10.3333
run5,1,277,158.0757,10.0769
run5,1,278,112.1586,3.8966
run5,1,279,158.5563,10.0108
run5,1,280,114.7616,4.1676
run5,1,281,115.9958,5.0226
run5,1,282,120.0659,5.1283
run5,1,283,133.3164,7
run5,1,284,157.1794,11.8837
run5,1,285,128.6871,5.5567
run5,1,286,157.0515,13.1165
run5,1,287,155.8327,12.8049
run5,1,288,139.4328,7.3627
run5,1,289,157.643,11.0314
run5,1,290,72.4053,2.0588
run5,1,291,147.8782,8.9774
run5,1,292,143.2495,7.7143
run5,1,293,156.9983,12.5056
run5,1,294,150.6015,9.3077
run5,1,295,126.8383,5.9005
run5,1,296,151.9032,14.5141
run5,1,297,157.9939,10.0769
run5,1,298,76.1622,2.0237
run5,1,299,156.2714,12.5446
run5,1,300,147.3499,9.0468
