<?xml version='1.0' standalone='yes'?>
<productAdditionalComps>
  <dependsOn>
    <component>
      <name>hardwaresupportpkgs/testmeas/imaq_genericvideo_win32</name>
      <locale></locale>
      <platformList>
        <platform>win32</platform>
      </platformList>
      <version>1428005687</version>
    </component>
  </dependsOn>
  <isControllingProduct>false</isControllingProduct>
  <platform>win32</platform>
  <productName>Image Acquisition Toolbox Support Package for OS Generic Video Interface</productName>
  <productNumber>2044</productNumber>
  <productVersion>14.2.1</productVersion>
  <releaseDescription>R2014b</releaseDescription>
  <releaseFamily>R2014b</releaseFamily>
</productAdditionalComps>
