run1,0,1,161.243,2.8824
run1,0,2,161.2565,12.3216
run1,0,3,125.4824,5.8889
run1,0,4,121.0388,5.0447
run1,0,5,146.3595,8.2139
run1,0,6,162.3403,11.2683
run1,0,7,146.8657,8.1475
run1,0,8,161.2725,11.023
run1,0,9,122.8746,4.8351
run1,0,10,133.0434,6.6257
run1,0,11,101.1416,1.4444
run1,0,12,147.2137,7.875
run1,0,13,157.2887,9.8283
run1,0,14,152.3973,8.8717
run1,0,15,161.9475,12.2128
run1,0,16,139.4518,7.3955
run1,0,17,145.558,8.0553
run1,0,18,100.4386,3.4
run1,0,19,144.2873,7.8537
run1,0,20,158.5179,11.3503
run1,0,21,135.1953,7
run1,0,22,149.9843,9.234
run1,0,23,141.6337,8.6667
run1,0,24,154.3528,10.4146
run1,0,25,143.9558,8.4286
run1,0,26,135.9614,7
run1,0,27,120.296,5.1675
run1,0,28,145.1126,8.6588
run1,0,29,126.6506,5.5714
run1,0,30,90.2988,3.3158
run1,0,31,130.8017,6.641
run1,0,32,158.052,14.6963
run1,0,33,146.056,9.1649
run1,0,34,158.172,13
run1,0,35,154.185,10.1034
run1,0,36,145.1566,9
run1,0,37,115.9787,4.4872
run1,0,38,129.964,5.6667
run1,0,39,154.0626,9.8994
run1,0,40,113.6979,5.2051
run1,0,41,77.6696,2.8824
run1,0,42,124.8728,5.4946
run1,0,43,153.1001,9.9787
run1,0,44,157.2816,11.9
run1,0,45,128.8455,5.6452
run1,0,46,130.8358,6.1566
run1,0,47,119.5138,4.5377
run1,0,48,121.9242,4.766
run1,0,49,75.8368,2.0273
run1,0,50,133.4985,7
run1,0,51,145.1069,8.066
run1,0,52,153.927,9.6486
run1,0,53,127.0223,5.8649
run1,0,54,143.45,8.0769
run1,0,55,60.1271,-1.895
run1,0,56,100.2367,3.7059
run1,0,57,156.3293,10.7234
run1,0,58,127.9297,6.2391
run1,0,59,140.6565,7.6731
run1,0,60,154.9105,10.0769
run1,0,61,136.6323,7.3665
run1,0,62,114.9058,5.0447
run1,0,63,153.1017,15.4541
run1,0,64,98.5255,3.5193
run1,0,65,146.058,8.7766
run1,0,66,136.713,7.4046
run1,0,67,153.5405,10.2642
run1,0,68,133.5142,7.3349
run1,0,69,121.9968,5.5106
run1,0,70,156.754,12.0515
run1,0,71,123.0306,5.427
run1,0,72,149.0582,9.3902
run1,0,73,128.1832,6.2784
run1,0,74,122.4735,5.1865
run1,0,75,157.5284,11.1622
run1,0,76,157.0623,10.2184
run1,0,77,130.3471,6.6517
run1,0,78,41.579,-0.15909
run1,0,79,156.3857,14.4619
run1,0,80,19.9788,-0.24138
run1,0,81,157.6053,10.9896
run1,0,82,141.9509,8.5217
run1,0,83,153.4319,13.3636
run1,0,84,77.9141,2.6459
run1,0,85,148.0461,9.3902
run1,0,86,143.3306,8.066
run1,0,87,154.9878,10.4146
run1,0,88,153.4025,10.1343
run1,0,89,129.5168,6.6
run1,0,90,117.0692,4.8125
run1,0,91,128.8453,6.3204
run1,0,92,154.7715,10.1111
run1,0,93,156.633,12.4444
run1,0,94,123.071,5.5567
run1,0,95,154.5316,16.8913
run1,0,96,155.2465,12.1579
run1,0,97,155.2913,11.4509
run1,0,98,156.4742,12
run1,0,99,153.7842,10.0769
run1,0,100,148.4681,15.1915
run1,0,101,161.8205,12.0725
run1,0,102,153.1025,13.1765
run1,0,103,152.5132,13.6316
run1,0,104,116.1382,5.4615
run1,0,105,151.6271,9.9167
run1,0,106,127.7457,7
run1,0,107,152.22,10.0108
run1,0,108,153.1513,17.2083
run1,0,109,97.118,3.7016
run1,0,110,155.611,12.3846
run1,0,111,110.6101,4.6923
run1,0,112,157.3466,11.1176
run1,0,113,152.0893,10.3981
run1,0,114,137.5246,7.7527
run1,0,115,153.1718,11.5029
run1,0,116,139.9687,8.5385
run1,0,117,150.5619,13.9668
run1,0,118,133.3826,7.4294
run1,0,119,108.5087,4.5127
run1,0,120,125.1389,5.5263
run1,0,121,156.6695,11.8148
run1,0,122,147.6062,14.7778
run1,0,123,149.4769,13.648
run1,0,124,154.6695,13.7021
run1,0,125,130.0262,7.3867
run1,0,126,153.6303,10.7198
run1,0,127,138.2218,7.7865
run1,0,128,150.8838,9.8283
run1,0,129,153.3997,12.8333
run1,0,130,154.0103,13.0694
run1,0,131,124.5338,7
run1,0,132,154.1794,11.6154
run1,0,133,153.627,13.4417
run1,0,134,136.9547,8.3725
run1,0,135,149.7741,15.2123
run1,0,136,134.2771,7.3518
run1,0,137,149.9794,13.2222
run1,0,138,151.0858,10.2642
run1,0,139,136.6788,8.2727
run1,0,140,126.4834,6.5808
run1,0,141,156.595,11.6193
run1,0,142,150.5251,10.2308
run1,0,143,152.0709,12.0838
run1,0,144,137.6874,7.7778
run1,0,145,122.1843,5.877
run1,0,146,140.7209,9.0192
run1,0,147,121.6192,6.6216
run1,0,148,156.2571,14.0787
run1,0,149,154.5587,11.9727
run1,0,150,114.4512,5.2412
run1,0,151,149.0912,9.8866
run1,0,152,150.7582,14.2414
run1,0,153,150.9943,10.1461
run1,0,154,148.6389,15.2564
run1,0,155,147.3794,9.9577
run1,0,156,119.8476,6.186
run1,0,157,153.2254,18.6043
run1,0,158,141.7382,9.0192
run1,0,159,151.3331,10.0061
run1,0,160,154.9648,13.648
run1,0,161,149.1642,13.9591
run1,0,162,155.2112,12.1412
run1,0,163,144.8785,14.6963
run1,0,164,149.7969,10.2308
run1,0,165,147.8715,13.0215
run1,0,166,152.5047,11.2683
run1,0,167,125.3708,6.6482
run1,0,168,148.8634,14.6963
run1,0,169,150.0137,12.7377
run1,0,170,151.5546,12.9036
run1,0,171,148.9696,13.186
run1,0,172,133.5266,7.6731
run1,0,173,152.2757,10.6082
run1,0,174,133.8591,7.7216
run1,0,175,151.8194,10.0732
run1,0,176,150.3746,11.9727
run1,0,177,74.1509,3.0227
run1,0,178,149.3459,21.2718
run1,0,179,151.522,17.1031
run1,0,180,143.623,15.1053
run1,0,181,135.1563,8.5556
run1,0,182,150.2195,13.5116
run1,0,183,148.6974,17.4255
run1,0,184,150.186,12.7732
run1,0,185,150.487,13.3033
run1,0,186,115.9966,6.6216
run1,0,187,146.1107,14.6166
run1,0,188,109.9693,5.2927
run1,0,189,155.1806,10.9487
run1,0,190,104.0602,4.5622
run1,0,191,153.1578,11.3299
run1,0,192,153.5612,11.1584
run1,0,193,153.459,10.9773
run1,0,194,146.4253,15.9216
run1,0,195,129.1502,7.3825
run1,0,196,154.2212,10.9326
run1,0,197,150.3445,10.6458
run1,0,198,151.3746,12.9204
run1,0,199,135.1449,7.7
run1,0,200,152.7279,11.7727
run1,0,201,155.8302,14.0787
run1,0,202,149.5732,14.1429
run1,0,203,117.9783,6.5858
run1,0,204,148.5796,19.8571
run1,0,205,151.3198,10.2984
run1,0,206,146.8187,12.6566
run1,0,207,150.4172,12.8621
run1,0,208,142.1944,15.4293
run1,0,209,147.2417,12.8333
run1,0,210,143.5565,19.1891
run1,0,211,148.7456,17.1156
run1,0,212,123.9923,7.3867
run1,0,213,149.1055,13
run1,0,214,151.8053,10.5196
run1,0,215,143.9453,18.5464
run1,0,216,149.445,16.8773
run1,0,217,110.6634,5.6538
run1,0,218,152.8392,11.375
run1,0,219,146.4334,12.4444
run1,0,220,141.4593,14.6166
run1,0,221,137.2128,15.2123
run1,0,222,143.5018,17
run1,0,223,147.0801,10.1818
run1,0,224,145.205,13.7021
run1,0,225,144.1799,9.6486
run1,0,226,143.1401,15.8832
run1,0,227,144.2997,17.9375
run1,0,228,141.1316,9.3445
run1,0,229,146.8358,15.1053
run1,0,230,150.3952,11.8837
run1,0,231,104.9152,4.6555
run1,0,232,116.898,5.5567
run1,0,233,135.2912,8.7241
run1,0,234,147.1744,13.6316
run1,0,235,152.9982,11.6667
run1,0,236,150.248,17.3046
run1,0,237,150.5521,12.0515
run1,0,238,138.8845,9.1875
run1,0,239,117.6939,5.9119
run1,0,240,151.582,11.8039
run1,0,241,143.726,14.9545
run1,0,242,134.1286,8.3725
run1,0,243,135.8396,7.7609
run1,0,244,146.9941,15.9944
run1,0,245,53.2038,2.285
run1,0,246,153.2813,11.0385
run1,0,247,148.2563,16.4792
run1,0,248,134.1425,8.1732
run1,0,249,135.5891,8.0553
run1,0,250,148.5215,9.7184
run1,0,251,143.3637,9.8324
run1,0,252,151.424,10.4807
run1,0,253,145.1676,17.9249
run1,0,254,148.8517,11.1176
run1,0,255,130.474,7.7143
run1,0,256,116.6732,5.877
run1,0,257,142.4972,17.2941
run1,0,258,146.7897,13.7742
run1,0,259,153.0407,11.9727
run1,0,260,115.2025,5.6916
run1,0,261,71.7159,3.5946
run1,0,262,149.2623,13.9014
run1,0,263,149.7711,13.8786
run1,0,264,143.1966,14.6166
run1,0,265,149.3373,10.7634
run1,0,266,149.0876,11.6667
run1,0,267,150.3771,11.2541
run1,0,268,144.9804,14.0335
run1,0,269,131.5103,8.7241
run1,0,270,147.8174,12.6566
run1,0,271,136.3898,8.9126
run1,0,272,126.212,7.3415
run1,0,273,117.0375,6.6517
run1,0,274,147.8375,14.6087
run1,0,275,113.9794,5.8398
run1,0,276,150.6698,12.4369
run1,0,277,120.0844,7
run1,0,278,137.1309,9
run1,0,279,152.2402,10.5593
run1,0,280,145.9928,14.5
run1,0,281,151.0846,11.5161
run1,0,282,143.6022,13.1026
run1,0,283,115.2672,6.2391
run1,0,284,150.6416,10.5714
run1,0,285,146.8851,17.2941
run1,0,286,149.4298,10.8043
run1,0,287,131.3666,7.6667
run1,0,288,148.5042,9.9167
run1,0,289,130.7256,8.4286
run1,0,290,145.6416,18.3408
run1,0,291,135.4716,8.2
run1,0,292,152.4031,10.2308
run1,0,293,150.1265,10.5714
run1,0,294,128.2452,7.359
run1,0,295,139.5244,8.8519
run1,0,296,92.0339,4.1429
run1,0,297,149.0198,17.3409
run1,0,298,96.3407,5.0226
run1,0,299,151.0298,10.615
run1,0,300,139.5199,9.1875
run2,0,1,147.8146,8.9811
run2,0,2,159.3985,11.8148
run2,0,3,153.9167,11.1622
run2,0,4,66.5794,2.6983
run2,0,5,154.1726,11.6154
run2,0,6,117.3525,5.5859
run2,0,7,152.1497,11.6667
run2,0,8,130.5383,7.3743
run2,0,9,92.2798,4.1006
run2,0,10,108.198,5.1675
run2,0,11,30.8923,2.0811
run2,0,12,145.0969,9.9787
run2,0,13,54.2293,2.5789
run2,0,14,137.2982,8.8919
run2,0,15,145.8561,9.5389
run2,0,16,120.9534,7
run2,0,17,97.033,4.3224
run2,0,18,154.7902,11.0741
run2,0,19,107.0065,4.6923
run2,0,20,35.0529,-0.61658
run2,0,21,153.8437,10.7234
run2,0,22,82.9516,3.7816
run2,0,23,36.1402,2.1572
run2,0,24,102.3571,4.5294
run2,0,25,139.9709,8.2426
run2,0,26,147.8393,9.5389
run2,0,27,132.1775,8.3462
run2,0,28,123.3011,6.2553
run2,0,29,137.816,9.1649
run2,0,30,53.6513,2.6459
run2,0,31,148.7921,10.5
run2,0,32,151.4317,13.3636
run2,0,33,137.9804,9.2105
run2,0,34,110.5228,5.3412
run2,0,35,133.6538,7.7292
run2,0,36,58.2435,-2.7674
run2,0,37,102.5966,4.5127
run2,0,38,53.5856,1.9485
run2,0,39,154.0337,12.25
run2,0,40,42.6667,1.5596
run2,0,41,64.688,3.2366
run2,0,42,102.3838,4.3797
run2,0,43,133.3914,7.3483
run2,0,44,25.3131,-1.3732
run2,0,45,41.0877,0.7037
run2,0,46,49.0414,1.3243
run2,0,47,138.0781,8.6092
run2,0,48,31.0783,-0.037037
run2,0,49,152.3647,10.4653
run2,0,50,34.7548,1.7399
run2,0,51,101.7523,4.8125
run2,0,52,152.0297,17.107
run2,0,53,48.0191,-0.17073
run2,0,54,150.2789,10.198
run2,0,55,133.7933,8.5556
run2,0,56,63.7743,2.7831
run2,0,57,59.1267,-2.1667
run2,0,58,122.1242,6.6296
run2,0,59,131.968,7.4
run2,0,60,154.0556,12.3846
run2,0,61,150.4715,11.8663
run2,0,62,119.6496,5.8
run2,0,63,103.1761,5.1481
run2,0,64,148.1804,10.1532
run2,0,65,133.5998,7.7368
run2,0,66,135.3793,8.8717
run2,0,67,89.2052,3.9231
run2,0,68,131.9699,7.7447
run2,0,69,91.1104,3.9565
run2,0,70,147.8414,13.087
run2,0,71,144.056,9.7451
run2,0,72,45.6873,-0.24138
run2,0,73,48.2846,2.2427
run2,0,74,145.4677,9.7072
run2,0,75,120.9411,7
run2,0,76,134.7375,8.4894
run2,0,77,117.5517,6.3805
run2,0,78,132.2213,7.6422
run2,0,79,110.0538,5.3721
run2,0,80,140.7626,9.3596
run2,0,81,47.248,1.9724
run2,0,82,14.2113,0
run2,0,83,151.2277,10.5196
run2,0,84,150.1956,10.6082
run2,0,85,150.0503,10.6458
run2,0,86,139.1018,9.1429
run2,0,87,34.111,0.036649
run2,0,88,156.9756,10.9896
run2,0,89,148.2347,10.3019
run2,0,90,58.3141,3.0104
run2,0,91,148.0798,9.8
run2,0,92,100.1887,4.6098
run2,0,93,136.8058,7.6863
run2,0,94,152.4373,12.2128
run2,0,95,136.7658,8.0769
run2,0,96,138.1934,8.9337
run2,0,97,142.1606,9.4623
run2,0,98,151.4839,11.8148
run2,0,99,130.923,7.4094
run2,0,100,96.323,4.5127
run2,0,101,128.2549,7
run2,0,102,85.2132,3.9565
run2,0,103,150.5671,13.4948
run2,0,104,132.2021,7.7609
run2,0,105,144.0221,9.6486
run2,0,106,89.5714,3.8889
run2,0,107,152.3419,16.4792
run2,0,108,119.5342,7
run2,0,109,104.6732,5.2051
run2,0,110,113.7011,5.6667
run2,0,111,112.7178,5.5417
run2,0,112,135.5084,8.4433
run2,0,113,155.8959,10.8308
run2,0,114,102.7461,4.4611
run2,0,115,79.1076,3.5854
run2,0,116,117.9456,6.6335
run2,0,117,118.4795,6.5706
run2,0,118,151.3133,13.1658
run2,0,119,146.5553,14.1429
run2,0,120,136.7549,9.1875
run2,0,121,153.6017,11.1935
run2,0,122,151.5164,15.3696
run2,0,123,117.5664,5.9231
run2,0,124,100.974,4.6777
run2,0,125,147.2027,13.3
run2,0,126,104.0945,5.4615
run2,0,127,150.6633,12.1724
run2,0,128,144.9266,9.8571
run2,0,129,149.2711,12.0239
run2,0,130,149.268,10.5196
run2,0,131,137.9372,9.3445
run2,0,132,130.2287,7.7447
run2,0,133,147.9092,10.198
run2,0,134,114.7987,6.1667
run2,0,135,154.6483,11.715
run2,0,136,149.9538,17.3409
run2,0,137,136.8825,9.3902
run2,0,138,130.6166,8.2281
run2,0,139,153.0652,11.8663
run2,0,140,121.9888,7
run2,0,141,147.553,10.198
run2,0,142,147.6266,11.8387
run2,0,143,145.45,14.6238
run2,0,144,146.5511,12.4369
run2,0,145,53.5065,2.9223
run2,0,146,146.6527,9.9787
run2,0,147,144.3644,9.9302
run2,0,148,144.8684,14.2414
run2,0,149,150.2477,10.9896
run2,0,150,149.8115,12.5056
run2,0,151,150.6891,11.2857
run2,0,152,147.3146,10.0732
run2,0,153,148.0774,10.4807
run2,0,154,149.7859,12.4404
run2,0,155,143.7348,14.2414
run2,0,156,146.0746,17.2247
run2,0,157,95.7089,4.8571
run2,0,158,150.8468,12.6566
run2,0,159,149.4972,11.2723
run2,0,160,150.6619,11.5652
run2,0,161,148.3721,12.2688
run2,0,162,131.3058,8.5909
run2,0,163,113.7888,6.6296
run2,0,164,118.5603,7
run2,0,165,146.3278,14.2642
run2,0,166,148.5385,11.4828
run2,0,167,132.7961,7.7
run2,0,168,146.4588,15.4
run2,0,169,148.6905,10.5
run2,0,170,146.4707,16.4792
run2,0,171,137.5875,9.3223
run2,0,172,95.6455,5.0447
run2,0,173,123.4374,7.3167
run2,0,174,150.0098,11.8837
run2,0,175,143.0851,9.7723
run2,0,176,135.1769,9.1429
run2,0,177,83.3157,3.9892
run2,0,178,150.8121,11.8837
run2,0,179,142.8666,14.6774
run2,0,180,147.0034,16.4595
run2,0,181,142.5943,9.6486
run2,0,182,148.1062,15.6982
run2,0,183,131.5084,8.5909
run2,0,184,133.0473,8.2575
run2,0,185,151.3316,11.4681
run2,0,186,121.1638,7
run2,0,187,147.4285,17.4103
run2,0,188,144.0111,19.4444
run2,0,189,149.8672,10.5
run2,0,190,148.7582,11.9189
run2,0,191,132.8341,8.0244
run2,0,192,138.4267,9.1649
run2,0,193,151.159,10.8693
run2,0,194,150.8794,11.3017
run2,0,195,146.2169,13.5217
run2,0,196,140.75,9.5128
run2,0,197,132.7477,8.1475
run2,0,198,151.2656,11.6667
run2,0,199,142.6629,14.3481
run2,0,200,131.2419,8.1475
run2,0,201,146.4931,9.5926
run2,0,202,129.7891,8.0553
run2,0,203,151.0906,11.8148
run2,0,204,115.4891,5.9552
run2,0,205,150.5941,13
run2,0,206,145.0651,13.1026
run2,0,207,114.2569,6.6744
run2,0,208,114.8249,6.0047
run2,0,209,70.7706,3.6667
run2,0,210,133.6193,8.8717
run2,0,211,131.9069,8.1475
run2,0,212,151.6196,12.4404
run2,0,213,34.6236,1
run2,0,214,119.8522,6.6257
run2,0,215,131.3256,8.7073
run2,0,216,112.0322,6.6089
run2,0,217,98.5167,4.7174
run2,0,218,140.5459,9.4378
run2,0,219,108.5981,5.8525
run2,0,220,103.8642,5.3412
run2,0,221,152.237,11.023
run2,0,222,130.9467,7.8046
run2,0,223,147.0368,12.2688
run2,0,224,145.0539,11.7191
run2,0,225,133.7005,8.7413
run2,0,226,138.0819,9.3333
run2,0,227,54.9187,2.8824
run2,0,228,116.6491,6.2857
run2,0,229,55.2563,2.7143
run2,0,230,148.4969,14.4757
run2,0,231,50.7806,3.0227
run2,0,232,148.2078,10.369
run2,0,233,147.0231,10.0108
run2,0,234,130.7246,7.7955
run2,0,235,152.9078,10.9773
run2,0,236,117.6055,5.9756
run2,0,237,144.5717,9.8866
run2,0,238,137.3192,9.3671
run2,0,239,148.355,10.3735
run2,0,240,118.0294,7
run2,0,241,153.8869,10.8889
run2,0,242,147.4368,9.6415
run2,0,243,129.6079,8.7588
run2,0,244,124.9353,7.3665
run2,0,245,132.852,8.1475
run2,0,246,133.8082,7.9859
run2,0,247,64.8868,3.0914
run2,0,248,132.7454,8.3208
run2,0,249,101.874,4.8788
run2,0,250,133.6308,8.0244
run2,0,251,92.5125,3.9892
run2,0,252,123.8438,7.3382
run2,0,253,132.9264,8.1475
run2,0,254,150.549,10.8889
run2,0,255,92.0427,4.2
run2,0,256,150.4138,10.7234
run2,0,257,127.7156,7.6796
run2,0,258,116.2228,6.2391
run2,0,259,85.3386,3.9268
run2,0,260,130.2315,7.7778
run2,0,261,101.4109,4.9412
run2,0,262,144.8183,14
run2,0,263,150.5131,11.0777
run2,0,264,150.8873,11.1176
run2,0,265,133.5624,7.9417
run2,0,266,148.7081,12.7233
run2,0,267,130.7373,8.1111
run2,0,268,110.1856,5.3871
run2,0,269,149.4801,13.3033
run2,0,270,62.6342,2.977
run2,0,271,121.9502,7
run2,0,272,138.335,9.3077
run2,0,273,77.9343,3.7442
run2,0,274,132.4829,7.8235
run2,0,275,150.0184,11.9
run2,0,276,128.0146,7.3911
run2,0,277,150.1992,10.8043
run2,0,278,131.6858,8.0448
run2,0,279,33.5596,0.76238
run2,0,280,149.5489,12.5556
run2,0,281,94.2532,4.766
run2,0,282,141.1495,9.3077
run2,0,283,143.2186,9.6667
run2,0,284,127.9486,8.4583
run2,0,285,134.1422,8.3861
run2,0,286,144.8482,9.7072
run2,0,287,113.0855,7
run2,0,288,35.2554,2.2809
run2,0,289,150.9993,11.023
run2,0,290,135.2374,8.8325
run2,0,291,146.2629,15.0905
run2,0,292,98.9664,4.8351
run2,0,293,152.9174,10.7234
run2,0,294,113.8972,6.641
run2,0,295,133.4478,8.7073
run2,0,296,86.5309,4.2
run2,0,297,149.0775,13.8293
run2,0,298,45.4178,1.3678
run2,0,299,127.5522,7.3743
run2,0,300,137.7098,9.1212
run3,0,1,128.6358,4.9532
run3,0,2,153.6255,12.2239
run3,0,3,134.8567,7.8333
run3,0,4,137.3424,8.5385
run3,0,5,42.5354,1.4
run3,0,6,155.3829,10.9773
run3,0,7,80.239,3.4804
run3,0,8,44.0635,-1.9944
run3,0,9,120.7351,6.5808
run3,0,10,121.4509,6.1667
run3,0,11,144.2024,9.8324
run3,0,12,138.0614,9.3902
run3,0,13,45.0008,1.3243
run3,0,14,103.0041,4.3797
run3,0,15,120.9283,6.2308
run3,0,16,134.2425,8.1475
run3,0,17,123.282,6.6089
run3,0,18,106.2814,4.929
run3,0,19,153.6601,12.4974
run3,0,20,54.8059,2.2273
run3,0,21,101.7476,4.2
run3,0,22,140.7872,9.2826
run3,0,23,50.3546,1.5556
run3,0,24,64.3304,2.9223
run3,0,25,45.7704,-0.69634
run3,0,26,90.776,3.7358
run3,0,27,154.6933,11.1584
run3,0,28,137.4867,8.8919
run3,0,29,137.8942,7.7865
run3,0,30,122.0961,6.6216
run3,0,31,100.1881,4.0142
run3,0,32,113.0972,5.2412
run3,0,33,149.8189,15.1395
run3,0,34,151.8985,11.9189
run3,0,35,140.3327,8.8325
run3,0,36,150.8854,10.2642
run3,0,37,138.6608,8.9553
run3,0,38,138.1431,8.2
run3,0,39,141.2066,8.5054
run3,0,40,135.6907,7.6931
run3,0,41,152.6453,11.2857
run3,0,42,146.505,14.3256
run3,0,43,150.3858,12.4404
run3,0,44,138.3821,9.1
run3,0,45,124.8612,7
run3,0,46,153.2173,12.3261
run3,0,47,136.6467,8.8135
run3,0,48,138.5217,8.6667
run3,0,49,121.2663,5.9447
run3,0,50,115.3427,5.4946
run3,0,51,151.5464,15.6207
run3,0,52,148.8391,10.615
run3,0,53,118.8352,6.2708
run3,0,54,137.9816,8.9126
run3,0,55,150.7256,17.2162
run3,0,56,141.5367,9.7684
run3,0,57,151.574,12.6938
run3,0,58,138.8847,9.2826
run3,0,59,135.6827,9.1212
run3,0,60,154.5335,11.1176
run3,0,61,151.4473,17
run3,0,62,144.5556,9.9787
run3,0,63,151.221,11.5794
run3,0,64,150.6114,10.1658
run3,0,65,150.6178,10.6
run3,0,66,147.9921,14.5385
run3,0,67,143.3936,14.9545
run3,0,68,146.6115,17.107
run3,0,69,63.1586,2.5789
run3,0,70,120.8567,6.2473
run3,0,71,140.2323,9.1875
run3,0,72,55.8675,2.1
run3,0,73,115.9962,5.6139
run3,0,74,143.2451,9.5455
run3,0,75,131.9392,8.1475
run3,0,76,121.7746,5.9119
run3,0,77,141.7038,9.3864
run3,0,78,132.7648,7.7778
run3,0,79,151.4659,12.6977
run3,0,80,133.4537,8.1351
run3,0,81,113.3557,5.2759
run3,0,82,154.2605,14.5269
run3,0,83,149.6561,10.6458
run3,0,84,117.7328,6.6175
run3,0,85,147.6595,14.549
run3,0,86,144.8268,19.5
run3,0,87,136.511,8.3462
run3,0,88,117.4011,5.6538
run3,0,89,115.1974,6.2857
run3,0,90,154.2129,14.3684
run3,0,91,147.6405,10.4314
run3,0,92,150.1322,12.1724
run3,0,93,135.1846,8.5217
run3,0,94,120.4414,6.2632
run3,0,95,149.8918,10.5484
run3,0,96,128.78,7.4192
run3,0,97,147.3268,10.0108
run3,0,98,147.6684,14.5
run3,0,99,130.033,7.6796
run3,0,100,137.5786,9
run3,0,101,117.0912,4.5862
run3,0,102,155.3509,12.5152
run3,0,103,132.0541,8.8519
run3,0,104,64.1764,3.1307
run3,0,105,141.5513,9.8324
run3,0,106,86.6049,3.7692
run3,0,107,153.7222,11.4509
run3,0,108,138.9415,9.234
run3,0,109,151.7807,10.8889
run3,0,110,133.343,7.7692
run3,0,111,149.6334,10.369
run3,0,112,151.6121,11.8039
run3,0,113,149.6277,10.9086
run3,0,114,146.9323,12.7732
run3,0,115,149.2685,10.5593
run3,0,116,149.1581,15.6096
run3,0,117,129.9024,7.3553
run3,0,118,142.1942,9.7723
run3,0,119,146.2193,14.4302
run3,0,120,133.4363,8.7073
run3,0,121,146.4423,10.2558
run3,0,122,143.5805,10.4314
run3,0,123,129.966,7.7292
run3,0,124,44.1095,1.7872
run3,0,125,126.9269,7.3955
run3,0,126,145.1105,9.8283
run3,0,127,144.1966,14
run3,0,128,152.4925,11.7644
run3,0,129,145.9485,13.2304
run3,0,130,69.9033,3.4286
run3,0,131,132.7528,8.5909
run3,0,132,105.0538,5.2234
run3,0,133,135.5481,9
run3,0,134,147.5587,13.2222
run3,0,135,150.3744,11.4
run3,0,136,147.0271,15.75
run3,0,137,148.1916,10.4314
run3,0,138,151.224,11.0741
run3,0,139,144.4151,19.623
run3,0,140,143.1842,9.8571
run3,0,141,130.9753,8.5054
run3,0,142,152.1701,12.5682
run3,0,143,149.6462,12.2764
run3,0,144,138.4517,9.2013
run3,0,145,150.4052,11.0741
run3,0,146,148.344,12.4974
run3,0,147,145.8695,10.6493
run3,0,148,133.0002,8.123
run3,0,149,38.4,-0.26776
run3,0,150,150.5897,16.7927
run3,0,151,141.5514,15.4848
run3,0,152,148.6202,10.9487
run3,0,153,133.1504,8.4894
run3,0,154,148.5099,14.3684
run3,0,155,123.6644,7.3784
run3,0,156,102.3119,5.2927
run3,0,157,114.275,6.6585
run3,0,158,148.5902,12.6
run3,0,159,127.7666,7.6931
run3,0,160,120.683,7
run3,0,161,147.5808,15.5556
run3,0,162,148.9289,11.0741
run3,0,163,131.8441,7.7143
run3,0,164,124.4204,7.3955
run3,0,165,23.7976,1.2623
run3,0,166,127.0055,7.3627
run3,0,167,129.9747,7.7447
run3,0,168,150.0801,12.1042
run3,0,169,145.2287,9.9167
run3,0,170,143.4757,10.0108
run3,0,171,145.8351,12.8879
run3,0,172,151.2495,12.3846
run3,0,173,129.76,7.7292
run3,0,174,134.7773,8.6588
run3,0,175,115.5003,5.9447
run3,0,176,120.1867,7
run3,0,177,15.6144,0.95939
run3,0,178,148.9769,15.552
run3,0,179,111.1569,5.5417
run3,0,180,118.4972,7
run3,0,181,147.4385,10.1343
run3,0,182,143.8687,10.0732
run3,0,183,137.1776,9.5301
run3,0,184,145.2855,17
run3,0,185,50.7431,2.5491
run3,0,186,139.5102,9.5128
run3,0,187,153.9438,12.3846
run3,0,188,136.3923,9.2581
run3,0,189,150.9919,12.1724
run3,0,190,143.1722,13.2963
run3,0,191,146.4143,13.5746
run3,0,192,130.3305,8.8135
run3,0,193,136.4026,9.2581
run3,0,194,112.4189,6.6045
run3,0,195,142.2384,9.8283
run3,0,196,145.3343,10.2984
run3,0,197,140.455,9.5301
run3,0,198,129.4372,8.0244
run3,0,199,104.1485,5
run3,0,200,133.2467,8.0769
run3,0,201,106.1703,4.9208
run3,0,202,145.4723,13.4368
run3,0,203,148.5577,12.9036
run3,0,204,148.3133,13.8372
run3,0,205,129.7908,8.0881
run3,0,206,135.0614,8.0553
run3,0,207,116.844,6.0047
run3,0,208,147.7714,10.1461
run3,0,209,146.2173,10.4426
run3,0,210,149.4939,10.6493
run3,0,211,93.4179,4.1676
run3,0,212,134.2631,7.7955
run3,0,213,39.8532,-0.93814
run3,0,214,120.698,7
run3,0,215,151.5841,12.0515
run3,0,216,143.8056,9.8324
run3,0,217,116.8104,6.5954
run3,0,218,119.0856,6.6335
run3,0,219,100.1535,4.7419
run3,0,220,116.4584,5.8889
run3,0,221,127.6534,7.3553
run3,0,222,138.7938,9.4138
run3,0,223,110.955,6.3
run3,0,224,150.4369,12.2
run3,0,225,146.916,13.6169
run3,0,226,134.2163,8.9266
run3,0,227,152.0222,10.9896
run3,0,228,100.7427,5
run3,0,229,131.3111,7.7071
run3,0,230,77.9782,3.5686
run3,0,231,153.6683,17.8247
run3,0,232,131.4248,8.4
run3,0,233,108.253,5.2051
run3,0,234,134.5403,8.573
run3,0,235,114.5173,5.9447
run3,0,236,113.4701,6.1566
run3,0,237,109.0633,5.6
run3,0,238,152.8821,10.8889
run3,0,239,107.5752,5.4091
run3,0,240,126.1347,7.3665
run3,0,241,145.0742,15.2796
run3,0,242,142.5724,9.8324
run3,0,243,145.3443,14.6087
run3,0,244,113.1995,5.7574
run3,0,245,129.6859,7.7865
run3,0,246,146.0574,10.5196
run3,0,247,153.4934,12
run3,0,248,133.0743,8.1602
run3,0,249,144.6164,9.6667
run3,0,250,108.3831,6.2391
run3,0,251,138.7257,9.4623
run3,0,252,129.9392,8.7949
run3,0,253,142.4722,9.8994
run3,0,254,134.117,9.2581
run3,0,255,130.9961,8.0244
run3,0,256,113.1377,5.7117
run3,0,257,111.3687,6.3204
run3,0,258,41.4596,1.7399
run3,0,259,133.8372,9.0792
run3,0,260,125.0651,7.4192
run3,0,261,142.1981,9.7184
run3,0,262,106.0525,5.7719
run3,0,263,110.02,5.877
run3,0,264,92.8274,4.6555
run3,0,265,152.5817,11.439
run3,0,266,148.7996,12.0276
run3,0,267,88.1037,3.8539
run3,0,268,122.4635,7.3784
run3,0,269,151.3333,10.6082
run3,0,270,151.1376,10.516
run3,0,271,146.3224,13.3636
run3,0,272,146.3263,12.2889
run3,0,273,81.5622,3.8966
run3,0,274,117.6707,7
run3,0,275,133.0238,8.8325
run3,0,276,149.6439,17.8333
run3,0,277,135.5706,9.3077
run3,0,278,69.1745,3.5347
run3,0,279,115.9542,6.6216
run3,0,280,41.0453,0.13725
run3,0,281,156.5341,11.0698
run3,0,282,117.2009,7
run3,0,283,116.0591,7
run3,0,284,149.906,11.0314
run3,0,285,123.8072,7.3256
run3,0,286,117.0028,7
run3,0,287,145.159,14.037
run3,0,288,131.1397,8.4583
run3,0,289,153.6148,12.0515
run3,0,290,135.4721,8.9126
run3,0,291,130.4552,7.7216
run3,0,292,134.2232,8.3725
run3,0,293,140.3002,9.2826
run3,0,294,151.4265,11.0698
run3,0,295,115.1135,6.6175
run3,0,296,150.4242,14.2917
run3,0,297,99.2077,5.3254
run3,0,298,117.0914,7
run3,0,299,122.1945,7.3743
run3,0,300,122.4162,7.4
run4,0,1,88.1467,1.1667
run4,0,2,148.4667,13.1404
run4,0,3,105.38,5.1283
run4,0,4,111.8363,5.4946
run4,0,5,101.9411,4.9769
run4,0,6,121.2565,7
run4,0,7,134.2782,7.814
run4,0,8,134.5908,7.8046
run4,0,9,117.2141,6.2784
run4,0,10,130.4667,7.359
run4,0,11,131.2745,7.7071
run4,0,12,135.5836,8.1732
run4,0,13,139.0382,8.8717
run4,0,14,137.2445,8.7722
run4,0,15,157.2771,11.4
run4,0,16,155.8732,11.3017
run4,0,17,122.0683,6.2632
run4,0,18,135.1057,7.7778
run4,0,19,43.275,0
run4,0,20,149.2825,9.9474
run4,0,21,151.2474,11.1667
run4,0,22,126.1471,7
run4,0,23,133.0861,7.7609
run4,0,24,136.3165,8.6867
run4,0,25,151.3734,10.5
run4,0,26,122.7193,7
run4,0,27,121.472,7
run4,0,28,154.6372,11.715
run4,0,29,138.6741,8.9126
run4,0,30,30.2045,1.3243
run4,0,31,94.3844,4.0526
run4,0,32,67.3995,3.2766
run4,0,33,97.3523,4.2928
run4,0,34,148.6159,14.2165
run4,0,35,147.1339,13.2222
run4,0,36,152.3487,12.283
run4,0,37,146.2801,16.0323
run4,0,38,99.1399,4.8125
run4,0,39,150.089,13.747
run4,0,40,91.9981,3.9892
run4,0,41,116.8544,6.6257
run4,0,42,133.9155,8.6129
run4,0,43,153.3318,11.1667
run4,0,44,153.0192,11.439
run4,0,45,145.9044,13.3063
run4,0,46,150.6541,12.1412
run4,0,47,148.7447,12.615
run4,0,48,151.3443,12.1852
run4,0,49,139.1823,9.2581
run4,0,50,134.4686,7.9953
run4,0,51,153.3384,10.7198
run4,0,52,141.9915,9.6415
run4,0,53,131.1594,8.0881
run4,0,54,113.1679,5.4615
run4,0,55,146.9262,10.3654
run4,0,56,112.376,5.8649
run4,0,57,133.4674,8.8325
run4,0,58,144.3168,9.7072
run4,0,59,111.7096,6.5858
run4,0,60,141.4876,9.5654
run4,0,61,137.4501,9.5654
run4,0,62,144.6998,10.1658
run4,0,63,139.4558,15.75
run4,0,64,140.146,9.3005
run4,0,65,123.2841,7.3704
run4,0,66,72.3107,3.5854
run4,0,67,148.3289,10.2642
run4,0,68,144.8306,10.2984
run4,0,69,145.0717,9.9167
run4,0,70,105.0637,5.1283
run4,0,71,113.4059,6.2708
run4,0,72,133.6977,8.0553
run4,0,73,149.7054,13.9231
run4,0,74,151.7727,11.0314
run4,0,75,137.1355,8.0995
run4,0,76,118.3872,6.641
run4,0,77,133.7037,8.5556
run4,0,78,114.8911,6.6257
run4,0,79,145.2372,10.1818
run4,0,80,141.2684,13.4324
run4,0,81,93.1041,4.5862
run4,0,82,149.0884,14.2642
run4,0,83,148.8608,10.5
run4,0,84,132.5838,8.6092
run4,0,85,144.7152,9.6203
run4,0,86,109.909,6.1954
run4,0,87,151.7543,11.2424
run4,0,88,148.2609,10.0144
run4,0,89,95.5696,4.1717
run4,0,90,149.0633,12.4902
run4,0,91,151.0839,11.5652
run4,0,92,149.5127,11.5274
run4,0,93,135.8174,8.9337
run4,0,94,145.2919,21.5411
run4,0,95,147.6962,15.3168
run4,0,96,133.1485,8.7413
run4,0,97,147.425,13.648
run4,0,98,145.1452,9.9474
run4,0,99,128.8692,7.7447
run4,0,100,141.5988,9.4623
run4,0,101,138.8994,8.0553
run4,0,102,138.9084,9.0192
run4,0,103,153.2709,11.5029
run4,0,104,136.4071,8.573
run4,0,105,148.5111,10.2308
run4,0,106,140.3659,9.5926
run4,0,107,141.0893,9.6776
run4,0,108,147.0591,12.8659
run4,0,109,83.3145,3.9565
run4,0,110,145.083,13.5746
run4,0,111,144.1098,14.861
run4,0,112,141.568,14.1429
run4,0,113,143.3121,17.5587
run4,0,114,129.6079,8.4737
run4,0,115,146.5242,13.9634
run4,0,116,58.9342,3.2722
run4,0,117,144.1684,13.1658
run4,0,118,149.7892,12.6757
run4,0,119,142.1863,15.9573
run4,0,120,137.3151,18.4925
run4,0,121,145.03,13.3
run4,0,122,149.7046,10.8693
run4,0,123,146.9229,9.8866
run4,0,124,150.4876,12
run4,0,125,142.3675,14.5
run4,0,126,142.9041,16.403
run4,0,127,115.4272,7
run4,0,128,147.1132,13.5746
run4,0,129,130.9171,8.9091
run4,0,130,145.5925,14.3684
run4,0,131,142.0539,13.9634
run4,0,132,145.3128,12.6757
run4,0,133,128.8372,8.1111
run4,0,134,114.3171,6.6045
run4,0,135,139.3681,9.3902
run4,0,136,145.1743,13.3636
run4,0,137,140.9891,9.7451
run4,0,138,142.083,9.8866
run4,0,139,150.576,11.6667
run4,0,140,143.1621,9.5926
run4,0,141,107.8378,5.7037
run4,0,142,149.4822,12.3846
run4,0,143,114.981,6.6482
run4,0,144,153.5054,11.715
run4,0,145,130.6598,7.7292
run4,0,146,148.8453,12
run4,0,147,40.6667,0.35196
run4,0,148,120.041,7
run4,0,149,150.8614,11.439
run4,0,150,140.7526,9.3077
run4,0,151,43.5396,2.285
run4,0,152,142.1338,9.5389
run4,0,153,50.3622,2.5696
run4,0,154,142.7869,9.6667
run4,0,155,103.682,5.7037
run4,0,156,150.7692,12.4974
run4,0,157,116.8255,7
run4,0,158,151.673,10.7634
run4,0,159,131.8091,8.0769
run4,0,160,145.2252,12.9322
run4,0,161,112.5015,6.6482
run4,0,162,150.0167,12.2128
run4,0,163,149.608,10.4807
run4,0,164,148.1463,10.4426
run4,0,165,47.7549,2.8378
run4,0,166,43.0312,0.36842
run4,0,167,114.5847,6.6744
run4,0,168,136.5559,9.2826
run4,0,169,122.267,7.359
run4,0,170,132.1314,8.5217
run4,0,171,76.9089,3.8342
run4,0,172,142.4568,9.6203
run4,0,173,151.2587,11.3961
run4,0,174,144.7156,12.5152
run4,0,175,127.8114,7.6731
run4,0,176,133.2571,8.123
run4,0,177,142.9637,15.4
run4,0,178,136.0944,9.4419
run4,0,179,85.1964,3.9565
run4,0,180,146.8769,10.4314
run4,0,181,146.4493,12.3846
run4,0,182,142.797,13.4251
run4,0,183,120.5969,7.4
run4,0,184,142.7029,14.9459
run4,0,185,132.8461,8.1732
run4,0,186,146.3499,16.0741
run4,0,187,120.9228,7.3665
run4,0,188,148.7085,10.3333
run4,0,189,141.2832,13.7232
run4,0,190,85.0265,3.7816
run4,0,191,142.7736,13.1165
run4,0,192,130.7613,8.7766
run4,0,193,138.6847,9.4419
run4,0,194,148.5117,12.2764
run4,0,195,140.1141,15.4337
run4,0,196,148.0742,12.0515
run4,0,197,145.0621,14.2678
run4,0,198,132.0559,8.8919
run4,0,199,118.4176,7
run4,0,200,146.0978,14.2165
run4,0,201,125.0772,7
run4,0,202,109.9404,6.5954
run4,0,203,118.3703,7
run4,0,204,131.0497,7.9767
run4,0,205,126.8562,7.3382
run4,0,206,114.349,5.8649
run4,0,207,131.5858,8.2844
run4,0,208,135.238,7.8642
run4,0,209,119.8528,7
run4,0,210,152.7455,10.7561
run4,0,211,152.2459,10.9623
run4,0,212,145.4285,16.3064
run4,0,213,139.8922,9.4419
run4,0,214,91.4174,4.6923
run4,0,215,150.1424,12.3846
run4,0,216,130.8136,8.5217
run4,0,217,149.4893,13.2376
run4,0,218,103.3158,5.7719
run4,0,219,108.0397,5.6275
run4,0,220,134.2535,9.0588
run4,0,221,59.387,3.1307
run4,0,222,56.2599,2.8278
run4,0,223,127.2264,7.4046
run4,0,224,145.4841,13.0577
run4,0,225,100.3635,5.4615
run4,0,226,150.8042,10.7198
run4,0,227,141.4196,9.4419
run4,0,228,149.3071,12
run4,0,229,152.1445,12.2128
run4,0,230,155.8159,11.2857
run4,0,231,72.929,3.4407
run4,0,232,151.0553,12.0725
run4,0,233,97.911,4.5862
run4,0,234,132.3022,7.6931
run4,0,235,147.6802,10.2941
run4,0,236,33.6805,1.4554
run4,0,237,111.9617,6.3458
run4,0,238,147.2603,18.1594
run4,0,239,147.5839,12.1724
run4,0,240,113.1073,5.8
run4,0,241,133.0473,8.4141
run4,0,242,113.219,5.877
run4,0,243,95.1952,4.6555
run4,0,244,47.3997,0.8342
run4,0,245,152.4655,11.4509
run4,0,246,145.5873,12.7732
run4,0,247,148.1245,12
run4,0,248,49.7588,2
run4,0,249,148.2551,10.9326
run4,0,250,139.0414,13.5027
run4,0,251,150.5872,11.0385
run4,0,252,150.0946,12.5446
run4,0,253,112.6367,5.9447
run4,0,254,144.1676,15
run4,0,255,145.4787,15.794
run4,0,256,130.1554,7.6731
run4,0,257,148.4054,10.1111
run4,0,258,134.907,15.8506
run4,0,259,137.7512,9.0588
run4,0,260,148.7782,10.3333
run4,0,261,137.966,17.1111
run4,0,262,77.2784,3.7442
run4,0,263,134.8629,9.0958
run4,0,264,102.3485,5.4091
run4,0,265,133.885,8.2
run4,0,266,130.3101,7.6931
run4,0,267,131.4383,8.4583
run4,0,268,131.6579,8.3084
run4,0,269,149.0832,10.0769
run4,0,270,133.1844,8.6279
run4,0,271,141.7535,15.046
run4,0,272,134.2671,8.9811
run4,0,273,133.2008,8.4894
run4,0,274,131.836,8.5054
run4,0,275,144.5027,14.2917
run4,0,276,111.9965,6.6257
run4,0,277,110.6873,6.3269
run4,0,278,152.6696,11.6154
run4,0,279,145.1376,9.7374
run4,0,280,148.9741,11.3299
run4,0,281,151.8115,10.8889
run4,0,282,146.934,12.6757
run4,0,283,130.1302,8.4894
run4,0,284,150.8795,10.9086
run4,0,285,41.7023,1.7236
run4,0,286,133.8193,8.8919
run4,0,287,131.6936,7.8046
run4,0,288,149.9313,12.0602
run4,0,289,111.097,5.877
run4,0,290,147.2527,10.2407
run4,0,291,28.923,-0.875
run4,0,292,134.5628,9.0588
run4,0,293,151.8806,11.8515
run4,0,294,149.2942,10.5354
run4,0,295,145.9025,12.4404
run4,0,296,150.7498,11.2326
run4,0,297,134.0756,8.6432
run4,0,298,150.7947,11.9727
run4,0,299,138.2354,8.9626
run4,0,300,114.434,6.6089
run5,0,1,145.6146,8.3725
run5,0,2,125.3361,7.3518
run5,0,3,114.0411,6.2308
run5,0,4,120.2831,7
run5,0,5,125.1848,7.4094
run5,0,6,35.1276,-0.44681
run5,0,7,121.6537,7
run5,0,8,89.98,4.4346
run5,0,9,100.6032,3.9565
run5,0,10,61.6128,2.6
run5,0,11,132.3761,7.7609
run5,0,12,122.5959,7
run5,0,13,50.0006,-1.3696
run5,0,14,92.7926,4.0526
run5,0,15,149.4401,10.0732
run5,0,16,118.8967,7
run5,0,17,104.9676,5.4091
run5,0,18,113.3635,5.8649
run5,0,19,126.2629,7.3704
run5,0,20,22.3404,-0.15909
run5,0,21,132.1964,8.0995
run5,0,22,79.9699,3.6667
run5,0,23,151.2539,13.1026
run5,0,24,153.0949,12.5056
run5,0,25,75.0521,-0.6
run5,0,26,84.104,1.8
run5,0,27,102.7176,4.5622
run5,0,28,52.6673,1.1667
run5,0,29,152.5233,10.6842
run5,0,30,69.9143,3.3918
run5,0,31,53.1119,3.1111
run5,0,32,148.7747,10.3333
run5,0,33,112.9124,6.6651
run5,0,34,129.4028,7.6931
run5,0,35,69.3586,0.8342
run5,0,36,148.7368,13.648
run5,0,37,98.1279,5
run5,0,38,138.914,9.6582
run5,0,39,150.1119,11.4681
run5,0,40,131.7704,7.4094
run5,0,41,150.5807,12.9322
run5,0,42,155.7615,12.6757
run5,0,43,62.0518,3.3158
run5,0,44,131.0884,8.1111
run5,0,45,106.0408,5.3908
run5,0,46,143.752,10.2642
run5,0,47,110.9854,5.9855
run5,0,48,37.153,1.3062
run5,0,49,79.4552,3.0227
run5,0,50,152.139,12.2
run5,0,51,143.8307,14.3684
run5,0,52,112.8594,6.641
run5,0,53,130.7659,8.3725
run5,0,54,131.793,7.7368
run5,0,55,153.6573,12.4369
run5,0,56,130.0435,8.0995
run5,0,57,118.3029,7
run5,0,58,146.5342,10.2308
run5,0,59,85.7319,3.9856
run5,0,60,138.227,9
run5,0,61,120.5163,7
run5,0,62,154.259,10.6458
run5,0,63,42.1654,1.4444
run5,0,64,116.5656,6.2045
run5,0,65,141.9585,9.7374
run5,0,66,154.9485,12.3299
run5,0,67,122.4707,7.3382
run5,0,68,133.0082,8.3725
run5,0,69,117.2312,7
run5,0,70,151.5858,11.5161
run5,0,71,57.406,0.77778
run5,0,72,95.6927,4.7174
run5,0,73,79.3906,3.7358
run5,0,74,136.4669,9.1649
run5,0,75,127.1074,8.0881
run5,0,76,152.5076,11.9495
run5,0,77,86.5611,3.8539
run5,0,78,153.0504,11.1176
run5,0,79,152.3417,12.2336
run5,0,80,147.7227,9.8571
run5,0,81,112.6596,7
run5,0,82,148.7731,12.8011
run5,0,83,72.4338,3.2366
run5,0,84,139.8148,9.3902
run5,0,85,152.8736,11.6193
run5,0,86,95.9733,4.4611
run5,0,87,122.4804,7
run5,0,88,152.9726,12.0725
run5,0,89,113.9045,5.9231
run5,0,90,133.5919,8.3333
run5,0,91,131.1254,8.4737
run5,0,92,152.236,11.3961
run5,0,93,110.8319,5.6
run5,0,94,135.7935,8.0769
run5,0,95,152.1176,9.8571
run5,0,96,126.9191,7.7527
run5,0,97,78.8742,2.9686
run5,0,98,54.2185,2.8416
run5,0,99,129.9154,7.6863
run5,0,100,151.103,10.369
run5,0,101,138.3212,8.7073
run5,0,102,135.5083,9.2581
run5,0,103,92.0979,4.8222
run5,0,104,140.0544,9.4378
run5,0,105,77.4378,3.8468
run5,0,106,153.6208,12.0239
run5,0,107,106.7189,5.4946
run5,0,108,91.8396,4.8788
run5,0,109,127.5706,7.7216
run5,0,110,130.6039,8.5909
run5,0,111,148.0558,13.6316
run5,0,112,107.6471,5.9552
run5,0,113,103.0761,5.4615
run5,0,114,151.4197,13.2376
run5,0,115,129.0572,8.1602
run5,0,116,111.4252,5.8889
run5,0,117,108.038,5.6408
run5,0,118,145.6233,13.4948
run5,0,119,138.5879,9.5301
run5,0,120,151.5331,12.1724
run5,0,121,121.8084,5.9952
run5,0,122,135.4847,8.2139
run5,0,123,153.0096,12.1042
run5,0,124,103.1078,4.766
run5,0,125,112.2623,6.2857
run5,0,126,141.0985,9.2581
run5,0,127,105.0662,5.7719
run5,0,128,140.7788,9.8
run5,0,129,142.0084,17.1942
run5,0,130,98.1294,5.4783
run5,0,131,110.1519,6.6552
run5,0,132,149.8845,11.6226
run5,0,133,151.2881,11.8515
run5,0,134,143.964,9.8
run5,0,135,151.0562,11.0777
run5,0,136,113.3189,5.5106
run5,0,137,146.0164,14.6
run5,0,138,128.8914,8.4894
run5,0,139,146.5296,13.7742
run5,0,140,147.3422,15.0208
run5,0,141,135.8504,9.2581
run5,0,142,135.5475,8.5054
run5,0,143,146.4248,10.1343
run5,0,144,147.8749,12.0602
run5,0,145,138.3574,9.1472
run5,0,146,147.1332,10.2642
run5,0,147,149.5935,10.4807
run5,0,148,78.4842,3.9268
run5,0,149,144.9523,19.6596
run5,0,150,105.3658,6.6
run5,0,151,149.2062,16.6552
run5,0,152,125.2398,7.6796
run5,0,153,145.7793,12.6398
run5,0,154,147.9885,12.3846
run5,0,155,140.7614,17.0995
run5,0,156,146.3581,13.3033
run5,0,157,143.1887,15.1215
run5,0,158,142.3959,18.2903
run5,0,159,82.4055,4.1006
run5,0,160,153.2944,10.9086
run5,0,161,93.7126,4.9
run5,0,162,90.9251,4.8571
run5,0,163,146.932,15.1053
run5,0,164,116.3537,6.3204
run5,0,165,142.6426,15.5366
run5,0,166,149.7364,10.7634
run5,0,167,144.9283,12.8333
run5,0,168,142.4947,15.3696
run5,0,169,142.673,17.4831
run5,0,170,80.3782,3.8889
run5,0,171,129.2691,8.5385
run5,0,172,139.2811,17.7362
run5,0,173,144.1773,14.6166
run5,0,174,144.4942,13.4948
run5,0,175,139.4197,17.2083
run5,0,176,150.4849,12.0838
run5,0,177,147.0431,11.3961
run5,0,178,140.5609,16.6552
run5,0,179,145.2587,15.8506
run5,0,180,145.7604,13.0215
run5,0,181,150.6193,12.2336
run5,0,182,140.23,16.2593
run5,0,183,144.0195,13.8372
run5,0,184,145.954,16.2857
run5,0,185,148.9568,11.9727
run5,0,186,147.6319,10.4653
run5,0,187,144.6354,12.7488
run5,0,188,146.8165,14.4619
run5,0,189,140.7102,9.5389
run5,0,190,145.2751,14.6
run5,0,191,150.1143,11.0314
run5,0,192,147.6195,12.625
run5,0,193,142.3313,13.8
run5,0,194,147.1605,14.2165
run5,0,195,118.5048,7.3627
run5,0,196,159.3065,10.1818
run5,0,197,144.4552,10.4426
run5,0,198,150.4456,12.0838
run5,0,199,144.3121,14.861
run5,0,200,146.5974,10.5
run5,0,201,150.4682,18.3953
run5,0,202,151.175,10.9252
run5,0,203,136.3374,9.4138
run5,0,204,126.0911,8.9126
run5,0,205,150.01,11.7239
run5,0,206,134.8389,9.1212
run5,0,207,141.9399,14.3684
run5,0,208,147.053,11.1176
run5,0,209,126.892,8.1864
run5,0,210,136.5952,19.0118
run5,0,211,127.4644,8.2
run5,0,212,150.7811,10.6082
run5,0,213,141.9265,13.7232
run5,0,214,145.6926,14.6923
run5,0,215,110.9568,7
run5,0,216,148.6786,11.3961
run5,0,217,143.5171,10.1461
run5,0,218,87.8427,5
run5,0,219,143.7406,15.0208
run5,0,220,145.9997,12.9036
run5,0,221,125.1874,7.9953
run5,0,222,146.3977,13.2376
run5,0,223,130.7078,9.5225
run5,0,224,146.7684,11.5029
run5,0,225,143.0574,10.2984
run5,0,226,142.9586,10.0108
run5,0,227,47.3633,2.5128
run5,0,228,151.2561,11.375
run5,0,229,76.7219,3.9565
run5,0,230,145.1731,10.1658
run5,0,231,144.9325,11.6667
run5,0,232,137.5391,14.8571
run5,0,233,58.7752,3.5193
run5,0,234,143.2904,13.7513
run5,0,235,144.7528,14.9459
run5,0,236,103.4096,6.2553
run5,0,237,134.8741,9.7072
run5,0,238,140.5984,10.6082
run5,0,239,148.5471,11.4211
run5,0,240,138.7446,9.3671
run5,0,241,119.1072,7.8333
run5,0,242,144.4256,12.6757
run5,0,243,135.966,15.4615
run5,0,244,84.7777,4.7419
run5,0,245,145.5835,10.198
run5,0,246,101.7821,5.8
run5,0,247,48.9719,3.2766
run5,0,248,148.6258,12.1852
run5,0,249,126.627,8.2727
run5,0,250,85.1254,3.9565
run5,0,251,128.8786,8.8919
run5,0,252,129.1942,8.5054
run5,0,253,110.7036,6.2929
run5,0,254,66.4872,2.0811
run5,0,255,152.4814,11.2
run5,0,256,133.3792,8.5909
run5,0,257,149.1767,12.1042
run5,0,258,149.2187,10.7931
run5,0,259,116.8662,7
run5,0,260,144.7373,13.5517
run5,0,261,67.031,2.2809
run5,0,262,106.4522,6.6335
run5,0,263,144.7471,15.6096
run5,0,264,147.8144,10.369
run5,0,265,120.7933,7.7216
run5,0,266,142.851,14.5269
run5,0,267,146.7088,10.9086
run5,0,268,112.8178,7
run5,0,269,58.2591,3.7593
run5,0,270,110.088,7
run5,0,271,116.9949,7.3784
run5,0,272,135.1243,9.4419
run5,0,273,96.3349,5.8398
run5,0,274,138.4728,9.9167
run5,0,275,150.1566,11.8663
run5,0,276,149.1175,10.7931
run5,0,277,147.0876,12
run5,0,278,54.9967,-2.096
run5,0,279,148.5561,11.6193
run5,0,280,147.6757,12.5556
run5,0,281,80.8424,4.6667
run5,0,282,149.8266,10.8308
run5,0,283,127.673,8.0769
run5,0,284,148.3032,11.6154
run5,0,285,112.469,6.6618
run5,0,286,86.3379,4.766
run5,0,287,146.815,10.0144
run5,0,288,98.7536,5.5263
run5,0,289,91.4801,4.7895
run5,0,290,148.638,11.8148
run5,0,291,147.1303,11.3448
run5,0,292,141.146,9.6776
run5,0,293,140.3535,15.75
run5,0,294,129.6945,8.5385
run5,0,295,135.6585,9.3333
run5,0,296,147.5762,12.4974
run5,0,297,103.8967,5.5714
run5,0,298,130.5825,8.8519
run5,0,299,86.5589,4.8788
run5,0,300,48.3511,3.0513
run1,1,1,100.2611,3.0104
run1,1,2,47.9834,2.1724
run1,1,3,27.0235,1.1667
run1,1,4,62.5361,2.2809
run1,1,5,142.6223,9.4419
run1,1,6,127.9309,7.3784
run1,1,7,106.6772,5.1283
run1,1,8,150.2987,13.1538
run1,1,9,40.5961,1.539
run1,1,10,67.4854,3.2766
run1,1,11,136.6998,8.1475
run1,1,12,121.6367,6.6216
run1,1,13,63.8639,2.7923
run1,1,14,151.1368,11.0698
run1,1,15,139.2127,9.1212
run1,1,16,113.9392,5.5263
run1,1,17,116.1501,6.125
run1,1,18,152.5697,11.8837
run1,1,19,118.1082,6.2473
run1,1,20,130.8487,7.3911
run1,1,21,135.6817,8.6746
run1,1,22,134.071,8.1351
run1,1,23,107.8072,4.8125
run1,1,24,137.2473,8.4894
run1,1,25,147.4751,9.8
run1,1,26,104.1939,5
run1,1,27,124.5689,7
run1,1,28,35.1891,1.8958
run1,1,29,98.2046,4.4346
run1,1,30,64.1836,2.5319
run1,1,31,144.8075,9.5301
run1,1,32,138.4349,9.1212
run1,1,33,140.4358,8.9337
run1,1,34,149.012,9.8571
run1,1,35,45.7672,1.7872
run1,1,36,152.5556,12.9799
run1,1,37,143.4154,9.2581
run1,1,38,68.3219,3.0674
run1,1,39,153.6956,11.9
run1,1,40,136.6352,8.3592
run1,1,41,29.7752,-0.77778
run1,1,42,149.2944,10.1111
run1,1,43,44.6211,1.5556
run1,1,44,106.5967,5.1481
run1,1,45,21.1794,1.5098
run1,1,46,119.3103,5.9231
run1,1,47,128.824,7.3743
run1,1,48,16.7457,0.91304
run1,1,49,45.4175,1.0678
run1,1,50,103.4765,4.3077
run1,1,51,137.3682,8.6129
run1,1,52,103.9164,4.8528
run1,1,53,121.0202,6.3
run1,1,54,115.8231,5.5106
run1,1,55,26.9717,1.4944
run1,1,56,150.235,10.1343
run1,1,57,120.5726,6.6618
run1,1,58,77.774,3.4407
run1,1,59,101.511,4.2816
run1,1,60,107.6407,4.8788
run1,1,61,138.4595,8.123
run1,1,62,71.1133,2.6872
run1,1,63,124.8975,7
run1,1,64,102.6439,4.7174
run1,1,65,123.1343,6.6175
run1,1,66,74.9346,3.1307
run1,1,67,138.6991,8.0448
run1,1,68,39.362,0.38308
run1,1,69,106.3119,5.1081
run1,1,70,86.8414,3.8182
run1,1,71,135.5199,8.4583
run1,1,72,58.9779,2.4839
run1,1,73,106.3941,5.1283
run1,1,74,102.2093,4.9042
run1,1,75,149.9937,13.5746
run1,1,76,135.6445,8.2727
run1,1,77,86.9092,3.631
run1,1,78,141.2413,9.3864
run1,1,79,143.8371,9.7723
run1,1,80,84.0871,3.631
run1,1,81,119.6553,5.8649
run1,1,82,109.7462,5.2927
run1,1,83,152.6554,17.3279
run1,1,84,82.1387,3.5347
run1,1,85,136.5399,8.0553
run1,1,86,151.4728,12.4974
run1,1,87,101.3288,4.7174
run1,1,88,59.8348,2.1724
run1,1,89,119.6375,6.2308
run1,1,90,144.2542,9.5389
run1,1,91,84.1138,-3.442
run1,1,92,152.5953,10.4054
run1,1,93,136.6093,8.123
run1,1,94,78.9457,3.1957
run1,1,95,85.209,3.5193
run1,1,96,119.0044,5.8398
run1,1,97,138.0397,7.8046
run1,1,98,76.2981,3.1692
run1,1,99,45.408,1.8421
run1,1,100,128.0467,7
run1,1,101,41.3685,0.63636
run1,1,102,146.4629,9.5926
run1,1,103,143.5457,9.7184
run1,1,104,140.64,9.4138
run1,1,105,134.6602,8.2963
run1,1,106,96.5035,3.9565
run1,1,107,35.2659,1.6154
run1,1,108,146.5055,9.8283
run1,1,109,124.8756,7
run1,1,110,132.5366,7.3415
run1,1,111,33.5979,1.3434
run1,1,112,154.8265,12.2
run1,1,113,131.2487,7.3743
run1,1,114,146.648,14.5269
run1,1,115,93.7968,3.9231
run1,1,116,83.2893,3.5946
run1,1,117,137.6526,7.7368
run1,1,118,130.3407,7.3665
run1,1,119,144.4145,9.5926
run1,1,120,122.1015,7
run1,1,121,147.9936,9.8655
run1,1,122,118.7088,6.6482
run1,1,123,138.7556,9.1212
run1,1,124,107.1333,5.2927
run1,1,125,128.575,7
run1,1,126,23.5185,-0.14286
run1,1,127,24.2655,1.3678
run1,1,128,103.6792,4.6667
run1,1,129,155.0466,11.4681
run1,1,130,152.3977,11.8276
run1,1,131,133.6372,7.3825
run1,1,132,28.0717,0.70787
run1,1,133,46.3257,1.4944
run1,1,134,121.5112,6.5906
run1,1,135,44.3252,-1.3696
run1,1,136,131.3855,7.3704
run1,1,137,154.5508,11.6667
run1,1,138,148.7366,9.9167
run1,1,139,40.0268,-0.26415
run1,1,140,137.8276,8.2281
run1,1,141,154.543,10.8462
run1,1,142,41.5142,-0.26776
run1,1,143,24.708,-0.86517
run1,1,144,123.3036,6.5906
run1,1,145,50.0185,1.9761
run1,1,146,62.7874,3.0914
run1,1,147,37.2525,-0.6
run1,1,148,62.0794,2.4206
run1,1,149,153.1269,13.1404
run1,1,150,138.5365,9
run1,1,151,143.555,9.2826
run1,1,152,118.189,5.8649
run1,1,153,53.5646,2.1485
run1,1,154,29.6092,-0.53846
run1,1,155,140.7324,8.8325
run1,1,156,121.4927,6.3204
run1,1,157,112.2988,5.1675
run1,1,158,73.5132,3.2766
run1,1,159,140.894,8.123
run1,1,160,121.9072,5.7425
run1,1,161,117.5961,5.8136
run1,1,162,52.8112,2.1337
run1,1,163,104.5213,4.5862
run1,1,164,122.0406,5.6538
run1,1,165,56.8978,2.8416
run1,1,166,137.305,7.8974
run1,1,167,105.5545,4.3514
run1,1,168,102.6503,4.3585
run1,1,169,136.895,7.7143
run1,1,170,58.1878,2.5856
run1,1,171,56.5406,-1.9573
run1,1,172,108.5243,5.2412
run1,1,173,51.7909,2.4726
run1,1,174,61.1289,2.5491
run1,1,175,125.9039,7
run1,1,176,60.6064,2.9686
run1,1,177,103.9829,4.5581
run1,1,178,72.5559,3.0914
run1,1,179,74.1562,3.3158
run1,1,180,107.2528,5.1865
run1,1,181,152.2927,10.2308
run1,1,182,135.449,7.7368
run1,1,183,123.8405,6.3
run1,1,184,152.1476,10.4054
run1,1,185,134.1742,8.3861
run1,1,186,121.5883,6.6
run1,1,187,113.1673,5.3721
run1,1,188,154.964,10.8182
run1,1,189,130.0616,7.303
run1,1,190,138.0091,8.0769
run1,1,191,153.0176,10.3981
run1,1,192,147.4546,10.0732
run1,1,193,102.619,4.1676
run1,1,194,63.5013,2.3947
run1,1,195,146.6485,9.5389
run1,1,196,149.9366,10.5714
run1,1,197,16.3257,0.97849
run1,1,198,126.3154,6.1566
run1,1,199,152.029,10.6082
run1,1,200,18.2872,-1.4
run1,1,201,156.0589,10.8043
run1,1,202,150.1207,16.3583
run1,1,203,146.9679,14.2121
run1,1,204,133.3649,7.6796
run1,1,205,122.5236,6.1566
run1,1,206,152.4304,10.369
run1,1,207,19.8536,1.3243
run1,1,208,113.4267,5.3908
run1,1,209,139.0932,8.8325
run1,1,210,114.7533,5.4615
run1,1,211,124.2927,7
run1,1,212,124.7319,7
run1,1,213,154.5808,11.2683
run1,1,214,105.8188,4.8788
run1,1,215,39.0157,1.5631
run1,1,216,44.9461,2.3333
run1,1,217,124.408,6.3333
run1,1,218,122.5781,6.186
run1,1,219,106.2386,4.3797
run1,1,220,122.7583,6.2222
run1,1,221,122.203,6.6651
run1,1,222,127.4835,7
run1,1,223,140.6288,8.1765
run1,1,224,139.8834,7.7865
run1,1,225,155.5175,11.2169
run1,1,226,137.9018,8.0244
run1,1,227,153.7474,11.8663
run1,1,228,147.7307,9.7511
run1,1,229,150.9112,11.2
run1,1,230,136.3047,7.6731
run1,1,231,103.2973,4.5862
run1,1,232,93.1537,3.9268
run1,1,233,151.3155,10.7634
run1,1,234,108.3249,5.2587
run1,1,235,149.1663,9.8
run1,1,236,99.2196,3.9856
run1,1,237,152.9538,10.7198
run1,1,238,18.5528,-0.86517
run1,1,239,150.8263,10.1034
run1,1,240,44.6728,2.2356
run1,1,241,153.7888,12.9574
run1,1,242,140.3794,9.0792
run1,1,243,118.2809,5.5714
run1,1,244,33.6913,1.5161
run1,1,245,123.6061,6.125
run1,1,246,121.8029,6.6175
run1,1,247,124.0151,6.1954
run1,1,248,102.1783,4.1676
run1,1,249,69.8241,2.5789
run1,1,250,153.8015,11.3128
run1,1,251,152.2761,10.6458
run1,1,252,116.1619,5.6139
run1,1,253,137.0654,8.0048
run1,1,254,150.8948,9.8866
run1,1,255,150.4976,10.369
run1,1,256,46.3678,2.5491
run1,1,257,128.8774,7.3448
run1,1,258,152.9741,10.7931
run1,1,259,144.5521,13.7513
run1,1,260,146.3324,15.1726
run1,1,261,147.6849,12.4444
run1,1,262,150.1737,15.4
run1,1,263,149.3904,9.9341
run1,1,264,115.0084,6.2784
run1,1,265,151.2821,10.3654
run1,1,266,117.7479,5.877
run1,1,267,132.5257,7.3627
run1,1,268,143.6855,9.2826
run1,1,269,152.0644,12.7273
run1,1,270,49.1959,2.7576
run1,1,271,65.7331,2.9615
run1,1,272,153.7705,12.615
run1,1,273,30.4225,-0.070707
run1,1,274,53.1115,2.6983
run1,1,275,98.9835,4.1345
run1,1,276,20.9549,-1
run1,1,277,148.696,10.1818
run1,1,278,118.271,6.2857
run1,1,279,151.5455,13.3636
run1,1,280,98.1176,4.4699
run1,1,281,121.6088,5.9952
run1,1,282,151.905,12.3846
run1,1,283,29.1091,0.84615
run1,1,284,105.4025,4.7419
run1,1,285,57.53,2.5696
run1,1,286,118.7656,6.2708
run1,1,287,96.006,4.0526
run1,1,288,103.7645,4.8222
run1,1,289,153.005,11.6667
run1,1,290,66.4068,2.6
run1,1,291,148.1565,9.7684
run1,1,292,121.4497,7
run1,1,293,139.4675,8.9126
run1,1,294,102.9993,4.8351
run1,1,295,121.3326,5.8525
run1,1,296,154.0332,11.0741
run1,1,297,137.237,8.5054
run1,1,298,139.1752,8.0553
run1,1,299,124.3767,6.6216
run1,1,300,152.6697,12.9574
run2,1,1,157.8283,10.6842
run2,1,2,97.4203,4.766
run2,1,3,137.3552,9.071
run2,1,4,97.7406,4.6555
run2,1,5,133.6607,8.5556
run2,1,6,31.1983,-1.046
run2,1,7,46.1518,2
run2,1,8,146.9967,14.2414
run2,1,9,146.1401,13.7232
run2,1,10,144.2566,9.9787
run2,1,11,71.4895,3.3158
run2,1,12,53.3672,2.3333
run2,1,13,37.4013,0.95062
run2,1,14,79.6113,3.5193
run2,1,15,153.1841,10.5714
run2,1,16,135.5428,9.0231
run2,1,17,39.916,1.7312
run2,1,18,135.4613,8.1602
run2,1,19,89.7312,3.802
run2,1,20,99.6036,4.929
run2,1,21,96.6943,4.2928
run2,1,22,135.8111,7.8235
run2,1,23,148.2902,9.9474
run2,1,24,117.4472,6.6133
run2,1,25,103.0845,5.0374
run2,1,26,26.0859,1.3243
run2,1,27,101.0582,5
run2,1,28,57.1829,3.0104
run2,1,29,134.1195,8.5385
run2,1,30,149.0915,10.4054
run2,1,31,133.1297,8.1475
run2,1,32,141.8662,9.0588
run2,1,33,114.8385,5.877
run2,1,34,136.4115,9
run2,1,35,136.4087,8.2426
run2,1,36,118.6459,6.3
run2,1,37,133.2447,7.9859
run2,1,38,146.1695,9.9787
run2,1,39,151.6075,12.2128
run2,1,40,114.2769,5.6452
run2,1,41,134.5245,8.123
run2,1,42,153.2696,11.0777
run2,1,43,148.5782,12.8333
run2,1,44,132.4509,7.7368
run2,1,45,116.3079,5.9231
run2,1,46,136.8102,8.8919
run2,1,47,153.2384,11.6108
run2,1,48,124.7436,7
run2,1,49,131.8889,7.7
run2,1,50,153.305,11.1622
run2,1,51,146.7099,9.9787
run2,1,52,148.8509,10.6842
run2,1,53,150.3286,12.7647
run2,1,54,114.9526,5.9952
run2,1,55,135.3729,8.9553
run2,1,56,133.6656,7.7292
run2,1,57,146.667,9.8
run2,1,58,96.8242,3.9892
run2,1,59,152.9282,11.4211
run2,1,60,135.7175,8.3861
run2,1,61,135.0841,7.7216
run2,1,62,103.5243,4.897
run2,1,63,148.5386,10.2642
run2,1,64,118.6849,7
run2,1,65,151.6917,12.4444
run2,1,66,114.2033,6.6089
run2,1,67,135.2189,7.9677
run2,1,68,119.4223,6.2473
run2,1,69,135.5343,8.6908
run2,1,70,134.8452,8.5556
run2,1,71,141.5579,9.0588
run2,1,72,101.396,4.5581
run2,1,73,142.3315,9.1649
run2,1,74,99.6232,4.3797
run2,1,75,149.3991,14.5269
run2,1,76,148.8264,10.8889
run2,1,77,88.2249,3.802
run2,1,78,122.1878,7
run2,1,79,149.0454,10.5354
run2,1,80,151.9251,12.8333
run2,1,81,87.9339,3.9565
run2,1,82,103.6771,5.0189
run2,1,83,152.1541,10.9623
run2,1,84,134.745,8.066
run2,1,85,123.2554,7
run2,1,86,149.7752,10.6082
run2,1,87,100.1216,4.6667
run2,1,88,148.8719,9.9858
run2,1,89,125.4627,7
run2,1,90,137.4383,8.0048
run2,1,91,151.2926,10.2984
run2,1,92,150.1496,12.5446
run2,1,93,92.7067,4.1717
run2,1,94,43.4578,-1.4971
run2,1,95,148.3557,10.0732
run2,1,96,148.7643,11.8039
run2,1,97,123.4087,5.9855
run2,1,98,120.8151,6.6216
run2,1,99,149.1581,10.6416
run2,1,100,152.4086,12.3333
run2,1,101,158.005,12.3216
run2,1,102,100.04,4.6667
run2,1,103,136.6291,7.814
run2,1,104,151.1829,11.715
run2,1,105,135.0927,8.5217
run2,1,106,97.6315,4.2277
run2,1,107,149.0927,12.9574
run2,1,108,117.5606,5.9119
run2,1,109,148.21,13.8478
run2,1,110,125.8506,7.4
run2,1,111,102.953,5.1081
run2,1,112,111.0715,5.5567
run2,1,113,149.505,10.8182
run2,1,114,52.6336,2.6039
run2,1,115,149.9315,13.2963
run2,1,116,113.6378,6.2308
run2,1,117,101.575,4.5862
run2,1,118,152.8539,11.1176
run2,1,119,143.8093,15.5366
run2,1,120,146.5067,14.7778
run2,1,121,94.4891,4.2928
run2,1,122,120.1221,6.6133
run2,1,123,96.9247,4.439
run2,1,124,136.7755,8.7766
run2,1,125,88.2716,4.2626
run2,1,126,120.41,7
run2,1,127,117.4769,6.6
run2,1,128,153.8075,11.2541
run2,1,129,128.9985,7.3704
run2,1,130,148.8753,10.3019
run2,1,131,149.2753,11.023
run2,1,132,98.2438,4.4872
run2,1,133,94.7975,4.0213
run2,1,134,134.0777,7.9953
run2,1,135,123.8845,7
run2,1,136,73.2405,3.4646
run2,1,137,151.9941,10.8693
run2,1,138,38.0012,-0.69634
run2,1,139,114.3129,6.2784
run2,1,140,133.8065,8.0244
run2,1,141,135.552,8.123
run2,1,142,66.6855,2.8416
run2,1,143,41.4785,0.22581
run2,1,144,92.6878,4.6329
run2,1,145,59.3411,2.3333
run2,1,146,108.3349,5.4615
run2,1,147,86.5732,4.1134
run2,1,148,135.21,8.1864
run2,1,149,152.3711,10.8043
run2,1,150,86.9262,4.2277
run2,1,151,120.0057,7
run2,1,152,144.8831,14.037
run2,1,153,106.1287,5.5714
run2,1,154,79.5064,3.9231
run2,1,155,95.1403,4.7174
run2,1,156,147.4031,10.4807
run2,1,157,92.679,4.5622
run2,1,158,96.6418,4.3797
run2,1,159,145.8004,15.1053
run2,1,160,147.2171,12.8049
run2,1,161,129.1222,8.3462
run2,1,162,146.5165,10.4426
run2,1,163,138.58,9.2105
run2,1,164,130.5476,8.3592
run2,1,165,149.0464,12.7377
run2,1,166,110.1192,5.9655
run2,1,167,113.8783,5.9119
run2,1,168,142.9313,15.01
run2,1,169,98.8036,5.0447
run2,1,170,131.0217,8.7241
run2,1,171,23.8599,1
run2,1,172,43.7057,0.8342
run2,1,173,137.6136,9.0388
run2,1,174,94.5678,4.9208
run2,1,175,41.4998,2.0273
run2,1,176,130.3126,7.7778
run2,1,177,97.7081,4.6923
run2,1,178,138.6228,9.234
run2,1,179,144.4584,15.75
run2,1,180,134.051,7.8333
run2,1,181,131.5521,8.0769
run2,1,182,134.6929,8.7766
run2,1,183,112.9711,6.5808
run2,1,184,151.8322,11.1584
run2,1,185,144.342,9.9167
run2,1,186,135.4725,9.234
run2,1,187,149.9388,10.6
run2,1,188,130.4502,7.7071
run2,1,189,150.32,12.1579
run2,1,190,51.6103,2.8278
run2,1,191,136.5865,9.1649
run2,1,192,147.8895,16.8824
run2,1,193,63.4028,3.5193
run2,1,194,151.8611,10.4054
run2,1,195,150.5073,11.3017
run2,1,196,150.7223,11.375
run2,1,197,148.9387,10.2941
run2,1,198,133.9577,9.1212
run2,1,199,31.5321,1.2353
run2,1,200,148.9891,13.087
run2,1,201,138.893,8.1351
run2,1,202,71.4648,3.2162
run2,1,203,130.3203,7.814
run2,1,204,117.4023,7
run2,1,205,34.6042,2.2273
run2,1,206,149.3912,10.9487
run2,1,207,134.9414,8.9553
run2,1,208,145.4473,15.4293
run2,1,209,149.0105,10.9487
run2,1,210,41.4699,2.3892
run2,1,211,90.7038,4.1134
run2,1,212,56.0266,2.977
run2,1,213,73.6763,3.4804
run2,1,214,117.4447,7
run2,1,215,152.1841,11.6154
run2,1,216,60.6116,2.0505
run2,1,217,133.2058,8.4583
run2,1,218,134.177,8.3725
run2,1,219,150.5173,17.2667
run2,1,220,94.6009,4.7419
run2,1,221,151.3304,12.0838
run2,1,222,137.7098,9.3077
run2,1,223,149.9844,10.9487
run2,1,224,97.3536,4.8351
run2,1,225,135.4532,8.8519
run2,1,226,119.9579,7
run2,1,227,146.3989,15.2353
run2,1,228,132.9414,8.4894
run2,1,229,61.0797,3.1957
run2,1,230,35.5622,0.10881
run2,1,231,119.0582,7
run2,1,232,144.1968,9.9341
run2,1,233,86.8045,4.0526
run2,1,234,151.1786,10.5354
run2,1,235,139.3414,9.234
run2,1,236,96.0626,4.7419
run2,1,237,127.2706,7.3318
run2,1,238,136.7846,9.1212
run2,1,239,149.0632,13.4948
run2,1,240,115.9524,6.6651
run2,1,241,154.0033,10.9086
run2,1,242,147.4116,19.3958
run2,1,243,118.9731,7
run2,1,244,144.6627,9.9858
run2,1,245,139.4122,9.6486
run2,1,246,147.3554,10.1658
run2,1,247,150.1373,11.715
run2,1,248,114.0523,5.9552
run2,1,249,130.5887,7.8235
run2,1,250,116.3497,6.6133
run2,1,251,150.0044,13.213
run2,1,252,126.6142,7.7368
run2,1,253,151.5327,10.9623
run2,1,254,134.6883,8.7766
run2,1,255,132.9125,8.6129
run2,1,256,34.4082,2.1
run2,1,257,44.5804,2.8333
run2,1,258,81.1521,3.729
run2,1,259,134.6266,9.0388
run2,1,260,118.9675,7
run2,1,261,150.8184,11.4211
run2,1,262,93.8113,4.0526
run2,1,263,146.3486,10.1818
run2,1,264,145.8574,13.3
run2,1,265,141.9009,9.8283
run2,1,266,149.6921,12.0515
run2,1,267,73.5533,3.4646
run2,1,268,79.5413,3.8657
run2,1,269,136.9489,8.9774
run2,1,270,119.3219,7
run2,1,271,130.6636,8.5217
run2,1,272,112.2217,5.5906
run2,1,273,132.9321,8.0345
run2,1,274,153.6058,10.9487
run2,1,275,101.436,5.1283
run2,1,276,72.2484,3.7016
run2,1,277,18.4607,1.5596
run2,1,278,125.0439,7.3665
run2,1,279,130.1767,7.814
run2,1,280,116.68,6.6585
run2,1,281,129.5164,7.6667
run2,1,282,29.0875,1.3243
run2,1,283,131.9407,8.1864
run2,1,284,95.5815,4.4872
run2,1,285,125.4085,7.3553
run2,1,286,151.9996,11.1176
run2,1,287,49.0594,2.4839
run2,1,288,132.1043,8.123
run2,1,289,120.4232,7
run2,1,290,131.9078,8.066
run2,1,291,121.6257,7
run2,1,292,112.7964,5.9231
run2,1,293,133.4317,8.4433
run2,1,294,139.6243,9.4419
run2,1,295,94.6512,4.8788
run2,1,296,120.0738,7
run2,1,297,130.4851,7.7778
run2,1,298,81.0661,3.7059
run2,1,299,94.6513,4.9612
run2,1,300,134.1243,8.0881
run3,1,1,153.6421,13.5625
run3,1,2,148.2328,11.5652
run3,1,3,99.9887,4.6821
run3,1,4,148.4487,10.0769
run3,1,5,126.4883,7.3784
run3,1,6,124.606,7.3704
run3,1,7,132.5639,8.4894
run3,1,8,135.1732,8.1351
run3,1,9,118.1552,6.2308
run3,1,10,116.6705,6.1566
run3,1,11,63.3435,3.0674
run3,1,12,84.517,3.6667
run3,1,13,95.2728,4.6667
run3,1,14,133.3079,7.814
run3,1,15,70.3286,3.4
run3,1,16,145.1496,13.2222
run3,1,17,99.3666,5.1675
run3,1,18,107.1659,5.4091
run3,1,19,150.8323,10.3981
run3,1,20,108.8636,5.5714
run3,1,21,148.0859,12.5056
run3,1,22,143.3107,14.1429
run3,1,23,128.0343,7.8046
run3,1,24,120.408,7
run3,1,25,150.0118,12.3261
run3,1,26,96.0254,4.3797
run3,1,27,148.4428,9.9787
run3,1,28,111.0367,6.5808
run3,1,29,151.2706,11.5029
run3,1,30,141.581,9.6923
run3,1,31,133.209,8.123
run3,1,32,137.2257,8.3725
run3,1,33,151.4452,11.321
run3,1,34,123.513,7
run3,1,35,111.611,6.1954
run3,1,36,133.7639,8.7073
run3,1,37,147.0099,13.1026
run3,1,38,145.4403,10.1658
run3,1,39,149.3692,12.122
run3,1,40,149.215,10.5593
run3,1,41,105.077,5.5106
run3,1,42,46.1011,2.2356
run3,1,43,78.2873,3.5193
run3,1,44,148.6126,13.8
run3,1,45,104.2907,5.3092
run3,1,46,136.231,8.4141
run3,1,47,103.1688,4.8351
run3,1,48,136.231,8.9337
run3,1,49,135.3383,8.5217
run3,1,50,132.7333,7.9251
run3,1,51,148.5941,13.2963
run3,1,52,144.3739,10.1818
run3,1,53,118.0239,7
run3,1,54,112.8516,6.6373
run3,1,55,98.6895,4.5377
run3,1,56,134.0597,8.4737
run3,1,57,139.3685,9.2826
run3,1,58,147.7977,10.8308
run3,1,59,149.4512,12.3216
run3,1,60,104.9446,5.1865
run3,1,61,26.9103,1.5662
run3,1,62,149.244,10.1343
run3,1,63,125.2595,7.3256
run3,1,64,143.2124,9.7184
run3,1,65,149.923,12.3846
run3,1,66,149.2548,11.4211
run3,1,67,144.1597,15.2564
run3,1,68,143.3332,9.6203
run3,1,69,49.3356,1.9162
run3,1,70,16.6439,1.1341
run3,1,71,122.2949,7
run3,1,72,132.8967,8.066
run3,1,73,60.8652,2.679
run3,1,74,133.6051,8.123
run3,1,75,143.391,15.342
run3,1,76,128.8279,7.359
run3,1,77,114.4372,6.5808
run3,1,78,142.3,9.6203
run3,1,79,130.1068,8.0345
run3,1,80,148.1932,14.6087
run3,1,81,138.4852,9.4873
run3,1,82,115.9871,7
run3,1,83,131.3191,8.7766
run3,1,84,113.4272,5.8398
run3,1,85,112.3106,5.7861
run3,1,86,130.207,8.573
run3,1,87,124.3785,7.3084
run3,1,88,134.6555,8.9811
run3,1,89,119.7038,7
run3,1,90,142.9309,9.8283
run3,1,91,144.15,15.7027
run3,1,92,115.7145,6.3805
run3,1,93,58.6323,2.6497
run3,1,94,44.7673,0.95062
run3,1,95,146.2548,9.6203
run3,1,96,69.7266,3.1307
run3,1,97,145.7121,13.4324
run3,1,98,144.9869,12.9204
run3,1,99,138.6674,9.2581
run3,1,100,129.0556,7.7609
run3,1,101,111.2244,4.5127
run3,1,102,46.3331,1.0796
run3,1,103,139.1373,9.0231
run3,1,104,141.6807,9.4138
run3,1,105,131.7979,8.1602
run3,1,106,59.0728,2.0273
run3,1,107,115.08,6.641
run3,1,108,109.0545,5.4946
run3,1,109,143.7361,9.8283
run3,1,110,129.6411,7.8642
run3,1,111,106.3932,5.2051
run3,1,112,91.9671,4.1345
run3,1,113,149.2185,12.4338
run3,1,114,134.039,8.3462
run3,1,115,115.1741,5.7574
run3,1,116,151.4001,11.8148
run3,1,117,143.8714,9.7723
run3,1,118,139.9482,9.5
run3,1,119,142.6594,10.3333
run3,1,120,138.8261,9.5389
run3,1,121,113.4478,6.186
run3,1,122,92.6409,3.7358
run3,1,123,135.026,8.4583
run3,1,124,97.9216,4.2
run3,1,125,133.4416,7.7447
run3,1,126,145.0393,13.4324
run3,1,127,112.8727,6.3
run3,1,128,150.1288,12.5869
run3,1,129,115.4267,6.186
run3,1,130,147.3788,14.2165
run3,1,131,134.5227,8.75
run3,1,132,138.6375,9.1212
run3,1,133,150.9314,11.0314
run3,1,134,130.0931,7.3627
run3,1,135,150.0919,14.3869
run3,1,136,113.3439,5.9005
run3,1,137,138.6025,9.2172
run3,1,138,132.7359,7.7447
run3,1,139,108.4775,5.3133
run3,1,140,104.3413,5.2234
run3,1,141,113.3447,5.8136
run3,1,142,107.6929,5.4615
run3,1,143,115.8546,5.877
run3,1,144,149.3233,15.1915
run3,1,145,148.1988,10.0769
run3,1,146,102.6074,4.5622
run3,1,147,136.9821,8.7413
run3,1,148,22.4335,-0.15909
run3,1,149,21.8771,-0.30061
run3,1,150,38.0911,1.1667
run3,1,151,151.9055,13.3636
run3,1,152,129.9816,8.6588
run3,1,153,128.5653,7.3704
run3,1,154,25.4779,1.3678
run3,1,155,148.3138,10.1034
run3,1,156,64.5552,2.7923
run3,1,157,114.5311,5.4615
run3,1,158,40.1431,1.717
run3,1,159,135.9116,8.3861
run3,1,160,154.85,10.5593
run3,1,161,143.2697,13.5517
run3,1,162,147.1252,10.5
run3,1,163,147.7047,12.1376
run3,1,164,45.3145,-0.44681
run3,1,165,126.6548,7
run3,1,166,104.4585,4.7419
run3,1,167,150.8094,12.5556
run3,1,168,147.4829,9.9787
run3,1,169,140.0915,9.1429
run3,1,170,153.8921,10.9252
run3,1,171,147.3974,9.9474
run3,1,172,146.1961,9.9474
run3,1,173,148.2354,10.2558
run3,1,174,143.9616,9.8283
run3,1,175,143.4931,15.3696
run3,1,176,70.896,3.0748
run3,1,177,130.0255,7.3784
run3,1,178,130.8798,7.6796
run3,1,179,117.6345,5.934
run3,1,180,135.6557,7.9859
run3,1,181,102.4994,4.5377
run3,1,182,129.3284,7.3665
run3,1,183,41.352,2.0811
run3,1,184,121.5457,7
run3,1,185,145.6569,9.8324
run3,1,186,49.7593,2.3333
run3,1,187,139.9392,9.3077
run3,1,188,43.8248,1.7236
run3,1,189,50.831,2.7459
run3,1,190,42.1369,-0.61658
run3,1,191,137.186,8.0995
run3,1,192,45.8188,1.1379
run3,1,193,151.4929,12.3299
run3,1,194,62.0791,2.8416
run3,1,195,135.8849,8.5054
run3,1,196,144.9733,9.6923
run3,1,197,106.6979,5.4091
run3,1,198,95.9189,4.2316
run3,1,199,146.0266,14.5904
run3,1,200,133.6971,7.7778
run3,1,201,153.7478,10.5354
run3,1,202,147.5577,14.2165
run3,1,203,29.6394,-1.342
run3,1,204,72.3658,3.2366
run3,1,205,92.343,3.9231
run3,1,206,98.4263,4.8571
run3,1,207,37.1454,1.2353
run3,1,208,88.435,3.8889
run3,1,209,36.5461,1.8421
run3,1,210,129.0226,7.3867
run3,1,211,120.861,7
run3,1,212,17.821,0.63636
run3,1,213,151.9824,16.096
run3,1,214,72.2371,3.5574
run3,1,215,91.6432,4.0213
run3,1,216,116.978,6.6335
run3,1,217,59.9707,2.6
run3,1,218,140.1556,9.3333
run3,1,219,125.1086,7.3286
run3,1,220,27.4551,-0.037037
run3,1,221,117.4929,6.6045
run3,1,222,44.4262,1.6739
run3,1,223,136.45,9.0388
run3,1,224,84.6368,3.7358
run3,1,225,112.0006,5.5859
run3,1,226,120.9924,7
run3,1,227,114.1873,6.3
run3,1,228,117.5786,6.2553
run3,1,229,42.9386,1.1379
run3,1,230,69.1855,3.2722
run3,1,231,135.9079,8.5054
run3,1,232,136.0226,8.8519
run3,1,233,17.0352,1.2268
run3,1,234,115.2461,5.5859
run3,1,235,26.774,-0.62376
run3,1,236,155.7934,11.5029
run3,1,237,54.3914,0.8342
run3,1,238,60.5658,2.4726
run3,1,239,144.9058,9.6776
run3,1,240,104.5122,5.0874
run3,1,241,110.3751,5.4946
run3,1,242,19.8025,-0.14286
run3,1,243,116.3704,5.6667
run3,1,244,134.3462,8.1351
run3,1,245,99.9604,4.2549
run3,1,246,98.0279,4.2277
run3,1,247,52.4409,2.3892
run3,1,248,72.0249,3.3918
run3,1,249,134.3138,8.2883
run3,1,250,64.4322,2.6701
run3,1,251,89.4474,3.7358
run3,1,252,115.3021,6.3137
run3,1,253,117.2289,5.9552
run3,1,254,115.2097,5.6538
run3,1,255,115.5931,6.2473
run3,1,256,130.107,7.3867
run3,1,257,34.6483,1.7872
run3,1,258,134.4422,7.7955
run3,1,259,123.8664,7
run3,1,260,55.3149,2.7459
run3,1,261,56.2506,2.4438
run3,1,262,46.6681,1.8148
run3,1,263,62.7761,3.2366
run3,1,264,42.2296,1.7236
run3,1,265,28.8372,1.2623
run3,1,266,103.8628,4.8351
run3,1,267,120.0013,6.3269
run3,1,268,43.399,0.24873
run3,1,269,112.6349,5.5106
run3,1,270,76.7801,3.5574
run3,1,271,107.1703,5.1283
run3,1,272,116.8435,6.2135
run3,1,273,130.0094,7.3518
run3,1,274,136.7907,8.6432
run3,1,275,101.9146,4.9412
run3,1,276,148.4037,14.5141
run3,1,277,121.3036,7
run3,1,278,99.5422,4.4346
run3,1,279,153.7194,10.7234
run3,1,280,134.2899,8.0448
run3,1,281,119.4488,6.641
run3,1,282,107.8102,5.0663
run3,1,283,152.0828,12.2
run3,1,284,93.8032,4.0659
run3,1,285,148.6024,10.198
run3,1,286,103.4062,4.7895
run3,1,287,125.0894,7
run3,1,288,152.9176,12.122
run3,1,289,136.6752,8.8519
run3,1,290,62.7536,3.1538
run3,1,291,153.8835,12.6
run3,1,292,135.4814,8.1602
run3,1,293,144.7879,9.6776
run3,1,294,124.3051,7
run3,1,295,137.5873,7.9953
run3,1,296,47.4533,1.6154
run3,1,297,17.4991,0.44828
run3,1,298,119.9629,6.2632
run3,1,299,129.4753,7.3226
run3,1,300,104.0403,5.1081
run4,1,1,131.3292,5.9005
run4,1,2,95.1273,5
run4,1,3,130.2727,8.5556
run4,1,4,128.8059,8.123
run4,1,5,149.8001,11.6667
run4,1,6,83.886,3.8182
run4,1,7,100.2128,5.3333
run4,1,8,146.2148,14.4302
run4,1,9,140.6696,13.1404
run4,1,10,135.619,9.5654
run4,1,11,77.0675,3.8657
run4,1,12,127.1982,8.1475
run4,1,13,132.3871,8.0145
run4,1,14,37.6433,-0.078652
run4,1,15,50.1217,2.3807
run4,1,16,144.7512,13.1765
run4,1,17,85.4559,5
run4,1,18,148.9396,10.615
run4,1,19,21.2772,0.35196
run4,1,20,131.7414,7.9767
run4,1,21,141.0626,9.6203
run4,1,22,102.6419,5.9005
run4,1,23,62.4611,3.3542
run4,1,24,121.7972,7.3911
run4,1,25,121.0248,7.3784
run4,1,26,95.5061,5.1675
run4,1,27,109.5092,6.6175
run4,1,28,36.5719,-0.24138
run4,1,29,72.9361,3.8182
run4,1,30,150.6622,11.7727
run4,1,31,108.0204,5.877
run4,1,32,51.4022,2.9259
run4,1,33,134.921,9.2105
run4,1,34,124.5264,7.6667
run4,1,35,94.9164,5.0663
run4,1,36,147.6012,14.0787
run4,1,37,137.3286,9.7723
run4,1,38,108.7977,6.6447
run4,1,39,149.352,10.7561
run4,1,40,142.9057,14.549
run4,1,41,144.4947,10.0172
run4,1,42,90.5981,4.6136
run4,1,43,61.748,2.625
run4,1,44,146.9706,10.5714
run4,1,45,75.9191,3.802
run4,1,46,121.7062,7.3867
run4,1,47,38.7184,1.8
run4,1,48,30.2419,-1.8506
run4,1,49,138.9766,9.4419
run4,1,50,101.1019,5.5417
run4,1,51,105.1162,5.934
run4,1,52,126.1096,7.7778
run4,1,53,121.0729,7.3704
run4,1,54,110.489,6.6373
run4,1,55,144.5313,13.7513
run4,1,56,150.1036,11.4304
run4,1,57,131.8896,8.9444
run4,1,58,147.2928,10.2984
run4,1,59,23.5526,-0.078652
run4,1,60,19.4438,0.91304
run4,1,61,134.2274,8.5217
run4,1,62,127.5236,7.7071
run4,1,63,137.6095,9.234
run4,1,64,93.6831,4.9412
run4,1,65,111.4019,6.6651
run4,1,66,145.65,12.4404
run4,1,67,142.2046,13.0577
run4,1,68,126.8498,8.1602
run4,1,69,132.9344,8.8325
run4,1,70,152.3771,11.2
run4,1,71,132.1356,8.8421
run4,1,72,149.2095,10.8043
run4,1,73,136.4668,9.3077
run4,1,74,87.3467,5.1081
run4,1,75,117.8433,7.3415
run4,1,76,150.5469,12.4444
run4,1,77,142.6795,10.3981
run4,1,78,92.1579,5.1481
run4,1,79,104.0732,5.5859
run4,1,80,134.8212,9.4623
run4,1,81,48.5309,2.2356
run4,1,82,55.4842,3.1307
run4,1,83,125.5697,7.7
run4,1,84,65.3346,3.484
run4,1,85,84.7759,4.6923
run4,1,86,143.4262,9.8283
run4,1,87,119.3391,7.3349
run4,1,88,149.5879,12.8879
run4,1,89,104.6774,5.9447
run4,1,90,102.789,5.5106
run4,1,91,146.2478,10.5354
run4,1,92,98.2529,5.3871
run4,1,93,130.3585,8.8135
run4,1,94,106.0657,6.2135
run4,1,95,144.1643,13.8372
run4,1,96,123.2993,7.7865
run4,1,97,143.1797,13.3636
run4,1,98,126.0491,8.7766
run4,1,99,126.1463,8.0448
run4,1,100,142.1184,9.6486
run4,1,101,146.4489,9.8283
run4,1,102,137.9422,9.8283
run4,1,103,147.4434,13.4368
run4,1,104,139.3233,9.9474
run4,1,105,127.8711,9.1212
run4,1,106,126.1779,7.8333
run4,1,107,149.8376,10.7234
run4,1,108,139.9635,9.5389
run4,1,109,143.9802,10.8462
run4,1,110,149.5871,11.4681
run4,1,111,68.204,3.1538
run4,1,112,109.8436,6.6552
run4,1,113,136.0031,9.3596
run4,1,114,135.6573,9.7451
run4,1,115,126.4937,8.123
run4,1,116,151.3695,10.6082
run4,1,117,128.5362,7.7447
run4,1,118,118.5871,7
run4,1,119,107.7998,6.6373
run4,1,120,153.3226,11.7115
run4,1,121,112.7399,6.6216
run4,1,122,141.869,10.0732
run4,1,123,90.1632,4.9
run4,1,124,116.4148,7
run4,1,125,144.4638,13.6316
run4,1,126,127.694,8.9774
run4,1,127,80.534,4.1134
run4,1,128,43.6034,1.9724
run4,1,129,149.6856,10.9773
run4,1,130,107.2231,6.2857
run4,1,131,131.1245,8.7241
run4,1,132,145.8313,10.5714
run4,1,133,125.8088,7.7071
run4,1,134,108.4381,5.9231
run4,1,135,134.2526,9.1649
run4,1,136,144.4829,17.5814
run4,1,137,137.8594,9.8
run4,1,138,148.8577,11.8837
run4,1,139,122.3448,7.3627
run4,1,140,146.7687,10.5714
run4,1,141,132.1354,9.2826
run4,1,142,37.5673,-0.26776
run4,1,143,129.1826,8.6867
run4,1,144,151.0272,12.0239
run4,1,145,137.8872,15.0645
run4,1,146,144.664,11.7727
run4,1,147,129.5609,7.7216
run4,1,148,127.8706,8.5909
run4,1,149,124.4304,7.8936
run4,1,150,110.4809,6.6089
run4,1,151,84.106,4.2316
run4,1,152,40.3468,1.5556
run4,1,153,107.0489,5.9447
run4,1,154,110.5771,7
run4,1,155,134.6375,9.3671
run4,1,156,103.4425,6.186
run4,1,157,134.3068,9.4623
run4,1,158,147.3123,11.9412
run4,1,159,129.3976,8.5054
run4,1,160,143.3146,15.2123
run4,1,161,54.916,0.040936
run4,1,162,11.5015,-0.24138
run4,1,163,29.8685,-1.6598
run4,1,164,128.1836,7.814
run4,1,165,115.2315,7
run4,1,166,92.1659,5.0663
run4,1,167,31.6549,1.4318
run4,1,168,137.3551,9.3223
run4,1,169,149.7624,11.0645
run4,1,170,147.6152,10.1111
run4,1,171,114.9055,7
run4,1,172,107.099,5.9855
run4,1,173,120.8761,7.3784
run4,1,174,37.6874,2.3807
run4,1,175,102.8501,5.6408
run4,1,176,101.8679,5.5417
run4,1,177,100.9466,5.5417
run4,1,178,103.7027,5.9447
run4,1,179,51.3873,2.6701
run4,1,180,107.5328,6.3458
run4,1,181,151.2406,12.4902
run4,1,182,46.1747,3.0513
run4,1,183,147.381,12.6938
run4,1,184,42.015,2.8
run4,1,185,126.6841,7.7527
run4,1,186,127.3215,7.7692
run4,1,187,36.3236,1.4444
run4,1,188,21.4983,-0.10145
run4,1,189,20.7469,1.3243
run4,1,190,111.015,6.6889
run4,1,191,51.3628,2.9686
run4,1,192,45.0677,2
run4,1,193,147.76,10.615
run4,1,194,150.4939,11.0314
run4,1,195,122.4104,7.3704
run4,1,196,20.6139,-0.24138
run4,1,197,89.5018,4.6923
run4,1,198,148.0572,10.4054
run4,1,199,128.4464,8.0995
run4,1,200,135.1138,8.3592
run4,1,201,153.3043,10.6458
run4,1,202,130.5983,8.9337
run4,1,203,123.247,7.3704
run4,1,204,32.8688,2.2885
run4,1,205,151.5462,10.913
run4,1,206,92.5058,4.3224
run4,1,207,92.0551,4.5294
run4,1,208,41.3814,0.8342
run4,1,209,133.1752,7.8333
run4,1,210,133.8945,8.6092
run4,1,211,133.1176,8.0769
run4,1,212,115.5906,5.5263
run4,1,213,145.7158,14.9459
run4,1,214,51.0259,-0.86517
run4,1,215,110.9685,6.0047
run4,1,216,134.5984,8.9444
run4,1,217,140.852,9.4378
run4,1,218,127.3321,8.2281
run4,1,219,69.8917,3.2766
run4,1,220,70.6194,3.6981
run4,1,221,109.7381,6.3636
run4,1,222,107.7776,5.5417
run4,1,223,124.5962,7.6195
run4,1,224,36.0406,0.95062
run4,1,225,132.6757,8.5217
run4,1,226,151.5127,12.1412
run4,1,227,113.64,7
run4,1,228,112.8866,7
run4,1,229,144.9842,10.0435
run4,1,230,41.1097,1.9485
run4,1,231,136.8731,9.4706
run4,1,232,39.0708,1.385
run4,1,233,154.1245,11.1176
run4,1,234,130.199,8.7073
run4,1,235,154.0655,11.2424
run4,1,236,112.6508,6.6216
run4,1,237,134.9528,9.2105
run4,1,238,152.669,11.2077
run4,1,239,92.7829,3.0513
run4,1,240,132.6167,8.0345
run4,1,241,88.9068,3.6667
run4,1,242,39.3764,-1.5965
run4,1,243,110.4445,6.125
run4,1,244,106.0264,5.6
run4,1,245,136.0151,9.3223
run4,1,246,141.9371,14.2917
run4,1,247,133.6914,9.3333
run4,1,248,134.2549,9.5926
run4,1,249,131.2941,9.0958
run4,1,250,113.6493,7
run4,1,251,106.5651,5.9655
run4,1,252,82.7947,3.9565
run4,1,253,130.9267,8.5556
run4,1,254,147.8726,10.516
run4,1,255,145.658,13.7308
run4,1,256,130.762,9.1212
run4,1,257,137.0307,9.4138
run4,1,258,130.8536,9.1
run4,1,259,104.6921,5.9005
run4,1,260,32.8838,0.63636
run4,1,261,130.4783,7.7778
run4,1,262,112.4483,6.6175
run4,1,263,150.273,11.5729
run4,1,264,112.1286,6.3069
run4,1,265,97.0785,5.3908
run4,1,266,97.6765,5.2587
run4,1,267,20.5323,-1.4293
run4,1,268,108.0564,5.8525
run4,1,269,123.9489,7.7216
run4,1,270,128.5503,7.7692
run4,1,271,152.0661,11.2077
run4,1,272,133.1109,8.9337
run4,1,273,154.1689,11.4211
run4,1,274,133.2213,9.0792
run4,1,275,128.8319,8.6092
run4,1,276,37.4625,1.9724
run4,1,277,107.6086,5.8525
run4,1,278,128.8801,8.4433
run4,1,279,37.8169,0.97849
run4,1,280,147.3041,15.2796
run4,1,281,136.4189,9.2293
run4,1,282,52.7333,2.8065
run4,1,283,130.6219,8.5556
run4,1,284,133.6102,8.9126
run4,1,285,133.9798,8.4583
run4,1,286,145.9467,9.9167
run4,1,287,126.983,8.8325
run4,1,288,97.6308,5.2234
run4,1,289,151.5333,12.5682
run4,1,290,151.6352,11.3017
run4,1,291,149.022,11.8515
run4,1,292,148.8746,12.5682
run4,1,293,128.5591,8.3725
run4,1,294,110.8987,6.2473
run4,1,295,149.9105,10.8462
run4,1,296,122.6708,7.4242
run4,1,297,111.398,6.3636
run4,1,298,111.4525,6.3204
run4,1,299,153.8942,11.6154
run4,1,300,134.6028,9.0468
run5,1,1,90.2265,3.1692
run5,1,2,129.9806,8.8717
run5,1,3,142.0929,10.3333
run5,1,4,131.5136,9.071
run5,1,5,50.6258,2.3333
run5,1,6,35.2527,-0.04142
run5,1,7,117.0553,7
run5,1,8,145.9109,12.2239
run5,1,9,54.3853,2.8824
run5,1,10,144.8186,10.6
run5,1,11,127.7505,7.8046
run5,1,12,131.9848,8.4737
run5,1,13,93.7943,4.7174
run5,1,14,143.7214,9.7072
run5,1,15,56.2596,2.8378
run5,1,16,129.3887,7.7692
run5,1,17,40.0078,0.79747
run5,1,18,134.6989,8.7949
run5,1,19,139.8869,9.5926
run5,1,20,58.0702,2.7459
run5,1,21,94.6869,4.6667
run5,1,22,100.0571,4.8125
run5,1,23,140.4569,9.5926
run5,1,24,88.0253,4.4872
run5,1,25,60.7902,3.1538
run5,1,26,64.5959,3.4286
run5,1,27,113.81,7
run5,1,28,73.8526,3.7816
run5,1,29,134.9296,9.234
run5,1,30,44.1135,2.0505
run5,1,31,49.5726,3.0513
run5,1,32,131.1076,8.9126
run5,1,33,72.4164,3.7016
run5,1,34,108.0261,5.9552
run5,1,35,52.097,2.9259
run5,1,36,89.067,4.2
run5,1,37,108.9986,5.9005
run5,1,38,34.4896,1.385
run5,1,39,110.0293,5.8268
run5,1,40,130.6273,8.9774
run5,1,41,41.1957,2.0811
run5,1,42,105.4505,5.8398
run5,1,43,95.8152,5.1481
run5,1,44,60.2676,3.3584
run5,1,45,108.9001,5.934
run5,1,46,129.0796,7.9859
run5,1,47,45.229,1.6784
run5,1,48,130.291,8.3725
run5,1,49,152.5661,11.4211
run5,1,50,61.3162,1.8
run5,1,51,149.7802,10.3333
run5,1,52,142.9973,15.4615
run5,1,53,142.952,13.4878
run5,1,54,64.9646,3.3158
run5,1,55,30.0264,0.93064
run5,1,56,94.9292,4.4346
run5,1,57,61.4767,2.8378
run5,1,58,95.9278,5.0556
run5,1,59,127.9404,7.7692
run5,1,60,122.2557,7.3483
run5,1,61,70.9281,3.6667
run5,1,62,141.9435,9.7451
run5,1,63,125.6917,8.5695
run5,1,64,41.3246,2.3333
run5,1,65,71.6622,3.5193
run5,1,66,150.2702,13.2963
run5,1,67,86.9885,4.2
run5,1,68,38.4557,0.4375
run5,1,69,111.8832,5.877
run5,1,70,44.0393,1.6739
run5,1,71,148.9699,15.3333
run5,1,72,86.5566,3.6667
run5,1,73,131.5744,8.6279
run5,1,74,72.6316,3.6667
run5,1,75,51.6167,2.8824
run5,1,76,46.0435,-0.77778
run5,1,77,108.1926,5.5263
run5,1,78,111.9056,6.2708
run5,1,79,88.174,3.9268
run5,1,80,80.0611,3.9268
run5,1,81,123.5286,7.359
run5,1,82,45.3465,-2.1304
run5,1,83,131.2142,8.3462
run5,1,84,125.5998,7.3111
run5,1,85,111.7051,5.9655
run5,1,86,98.7872,5.1081
run5,1,87,21.8367,0.8342
run5,1,88,119.8563,6.5425
run5,1,89,113.1679,5.8649
run5,1,90,92.1377,4.4872
run5,1,91,92.4399,4.0213
run5,1,92,55.1223,2.5319
run5,1,93,101.3825,5.1081
run5,1,94,48.0569,2.5319
run5,1,95,138.714,9.5926
run5,1,96,94.3782,4.7174
run5,1,97,150.5079,10.8462
run5,1,98,137.6774,8.8135
run5,1,99,26.0878,1.1667
run5,1,100,101.0963,4.6923
run5,1,101,100.8388,4.0526
run5,1,102,32.5244,0.26923
run5,1,103,81.1529,-3.8556
run5,1,104,33.2125,1.5556
run5,1,105,98.7191,5.2234
run5,1,106,49.0066,2.6497
run5,1,107,110.4809,5.6916
run5,1,108,94.5577,4.7419
run5,1,109,152.5064,12.7732
run5,1,110,42.7816,2
run5,1,111,123.6409,7.3665
run5,1,112,111.1196,5.7117
run5,1,113,117.5844,7
run5,1,114,71.4618,3.5946
run5,1,115,109.0469,5.5263
run5,1,116,145.7734,10.0769
run5,1,117,46.3824,1.878
run5,1,118,97.0464,4.6923
run5,1,119,134.0781,8.6746
run5,1,120,118.0188,7
run5,1,121,62.3189,3.2766
run5,1,122,139.8183,9.6203
run5,1,123,41.0921,0.27684
run5,1,124,93.9933,4.8788
run5,1,125,155.2581,11.023
run5,1,126,112.9254,5.9005
run5,1,127,86.9419,4.1134
run5,1,128,114.522,6.3
run5,1,129,89.8331,3.9268
run5,1,130,129.7611,7.7955
run5,1,131,144.1282,9.8994
run5,1,132,122.7421,7.3911
run5,1,133,19.8353,0.50515
run5,1,134,151.9427,10.9773
run5,1,135,120.5669,7
run5,1,136,86.5515,4.0213
run5,1,137,35.7171,-1.6982
run5,1,138,154.0458,11.1176
run5,1,139,116.8426,6.1667
run5,1,140,57.2494,2.6
run5,1,141,130.3178,7.7447
run5,1,142,113.3915,5.9231
run5,1,143,148.629,12.0276
run5,1,144,107.8827,5.2587
run5,1,145,13.8383,0.15217
run5,1,146,97.4178,5
run5,1,147,114.1697,5.9231
run5,1,148,95.44,4.7895
run5,1,149,137.5569,9.1429
run5,1,150,150.9203,10.8889
run5,1,151,56.1934,-2.8953
run5,1,152,100.0265,4.6923
run5,1,153,71.6211,-3.3158
run5,1,154,106.8921,5.4444
run5,1,155,57.593,3.1111
run5,1,156,98.3823,4.7174
run5,1,157,58.6228,2.5172
run5,1,158,117.1243,6.6552
run5,1,159,49.0783,1.6784
run5,1,160,35.1682,1.1989
run5,1,161,106.1591,5.1283
run5,1,162,41.0838,2.0273
run5,1,163,111.6795,6.2784
run5,1,164,80.7495,3.5686
run5,1,165,111.2809,5.6139
run5,1,166,92.2758,4.2549
run5,1,167,33.8203,-1.3333
run5,1,168,143.4879,10.2642
run5,1,169,113.8562,6.6175
run5,1,170,62.6095,-2.1304
run5,1,171,129.9411,7.7143
run5,1,172,33.9671,0.8835
run5,1,173,52.6183,-2.1304
run5,1,174,102.0438,5.2051
run5,1,175,52.9598,2.6459
run5,1,176,50.0532,1.9091
run5,1,177,117.1927,7
run5,1,178,114.3817,6.6552
run5,1,179,54.6452,1.7312
run5,1,180,97.4501,4.8125
run5,1,181,153.4294,11.0385
run5,1,182,111.8738,5.4615
run5,1,183,131.7771,8.2389
run5,1,184,119.2949,6.2708
run5,1,185,54.0483,-1.8421
run5,1,186,40.1358,2
run5,1,187,104.7079,5.3092
run5,1,188,83.6576,3.8342
run5,1,189,152.1664,11.7727
run5,1,190,98.2174,-4.608
run5,1,191,82.9092,3.4804
run5,1,192,41.662,1.9485
run5,1,193,61.9676,3.1307
run5,1,194,122.6127,7
run5,1,195,99.1373,4.6923
run5,1,196,53.0534,1.7236
run5,1,197,63.5909,3.1111
run5,1,198,64.4524,2.6459
run5,1,199,123.2645,7
run5,1,200,114.1542,6.6216
run5,1,201,110.9801,4.9208
run5,1,202,77.3812,-3.2548
run5,1,203,132.9573,8.6908
run5,1,204,115.6363,6.5652
run5,1,205,146.4513,10.5
run5,1,206,17.2409,-0.31343
run5,1,207,64.5352,2.8824
run5,1,208,147.3757,10.4807
run5,1,209,126.7179,7.3553
run5,1,210,97.726,4.8125
run5,1,211,116.5227,5.7117
run5,1,212,90.0854,4.1134
run5,1,213,113.2897,5.5567
run5,1,214,140.6504,9.4623
run5,1,215,120.2593,7
run5,1,216,98.3851,4.5622
run5,1,217,116.4668,5.877
run5,1,218,99.9302,4.8125
run5,1,219,130.3135,7.3784
run5,1,220,137.0085,9
run5,1,221,150.6885,13.3636
run5,1,222,135.9897,9.0388
run5,1,223,54.5738,2.4271
run5,1,224,143.3527,10.0108
run5,1,225,131.09,8.2613
run5,1,226,136.3155,8.7766
run5,1,227,110.3914,5.4946
run5,1,228,131.4169,8.3043
run5,1,229,133.095,7.8046
run5,1,230,133.9668,8.0769
run5,1,231,97.3559,4.0142
run5,1,232,129.5835,7.6796
run5,1,233,136.726,8.9126
run5,1,234,123.0596,7
run5,1,235,61.0274,3
run5,1,236,136.3296,8.9444
run5,1,237,35.4892,1.6701
run5,1,238,155.3827,11.3503
run5,1,239,102.0032,4.766
run5,1,240,148.1218,10.4426
run5,1,241,78.5167,3.5946
run5,1,242,80.6111,3.631
run5,1,243,117.0274,5.9005
run5,1,244,43.7612,-1.4293
run5,1,245,117.5747,6.2222
run5,1,246,120.7244,7
run5,1,247,55.8458,2.625
run5,1,248,97.485,4.1717
run5,1,249,48.6323,1.7761
run5,1,250,36.9642,1.6739
run5,1,251,94.3929,4.1717
run5,1,252,133.2451,7.7447
run5,1,253,147.8383,13.8478
run5,1,254,123.2205,7.3448
run5,1,255,101.5663,4.9412
run5,1,256,105.7208,5.0874
run5,1,257,55.3208,2.679
run5,1,258,120.0195,6.641
run5,1,259,152.5815,11.6667
run5,1,260,98.9113,3.9231
run5,1,261,59.7233,2.7923
run5,1,262,153.3798,11.3961
run5,1,263,136.4349,8.5385
run5,1,264,97.9684,-4.3131
run5,1,265,133.4271,8.8325
run5,1,266,117.1093,6.3
run5,1,267,45.5564,1.6154
run5,1,268,115.3506,6.1765
run5,1,269,134.544,8.8325
run5,1,270,135.3189,8.7766
run5,1,271,99.9573,4.6995
run5,1,272,155.5551,11.1176
run5,1,273,147.0872,9.7072
run5,1,274,116.7607,7
run5,1,275,132.8639,8.3208
run5,1,276,101.6591,4.3797
run5,1,277,129.368,7.3665
run5,1,278,117.5695,6.6296
run5,1,279,137.0285,9.0792
run5,1,280,141.4323,9.5926
run5,1,281,90.0875,3.7442
run5,1,282,133.2562,8.3861
run5,1,283,142.2995,9.4419
run5,1,284,122.9717,7.3665
run5,1,285,152.0681,10.8693
run5,1,286,156.164,11.8039
run5,1,287,119.9711,5.8136
run5,1,288,103.4749,4.766
run5,1,289,150.2264,10.3019
run5,1,290,133.4391,8.0448
run5,1,291,139.1797,8.7766
run5,1,292,68.4444,3.1818
run5,1,293,152.7754,12.3846
run5,1,294,134.3525,7.8046
run5,1,295,137.9378,8.9337
run5,1,296,119.2559,5.934
run5,1,297,131.123,7.7527
run5,1,298,137.8809,8.8717
run5,1,299,104.7801,4.6923
run5,1,300,151.1516,12.2688
